{
	"credit": "Made with Blockbench",
	"texture_size": [32, 32],
	"textures": {
		"0": "jak_and_daxter:block/folieage/brown_leaf_grass",
		"particle": "jak_and_daxter:block/folieage/brown_leaf_grass"
	},
	"elements": [
		{
			"from": [-2, 1, 11],
			"to": [18, 21, 11],
			"rotation": {"angle": -45, "axis": "y", "origin": [8, 0, 8]},
			"faces": {
				"north": {"uv": [0, 0, 10, 9], "texture": "#0"},
				"east": {"uv": [0, 0, 0, 9], "texture": "#0"},
				"south": {"uv": [0, 0, 10, 10], "texture": "#0"},
				"west": {"uv": [0, 0, 0, 9], "texture": "#0"},
				"up": {"uv": [0, 0, 10, 0], "texture": "#missing"},
				"down": {"uv": [0, 0, 10, 0], "texture": "#missing"}
			}
		},
		{
			"from": [-2, 0, 6],
			"to": [18, 18, 6],
			"rotation": {"angle": 22.5, "axis": "y", "origin": [8, 0, 8]},
			"faces": {
				"north": {"uv": [0, 0, 10, 9], "texture": "#0"},
				"east": {"uv": [0, 0, 0, 9], "texture": "#0"},
				"south": {"uv": [0, 0, 10, 9], "texture": "#0"},
				"west": {"uv": [0, 0, 0, 9], "texture": "#0"},
				"up": {"uv": [0, 0, 10, 0], "texture": "#missing"},
				"down": {"uv": [0, 0, 10, 0], "texture": "#missing"}
			}
		},
		{
			"from": [11, 0, -2],
			"to": [11, 18, 18],
			"rotation": {"angle": 0, "axis": "y", "origin": [8, 0, 8]},
			"faces": {
				"north": {"uv": [0, 0, 0, 9], "texture": "#0"},
				"east": {"uv": [0, 0, 10, 9], "texture": "#0"},
				"south": {"uv": [0, 0, 0, 9], "texture": "#0"},
				"west": {"uv": [0, 0, 10, 9], "texture": "#0"},
				"up": {"uv": [0, 0, 10, 0], "rotation": 90, "texture": "#missing"},
				"down": {"uv": [0, 0, 10, 0], "rotation": 270, "texture": "#missing"}
			}
		},
		{
			"from": [2, -1, -2],
			"to": [2, 17, 18],
			"rotation": {"angle": 22.5, "axis": "z", "origin": [8, 0, 8]},
			"faces": {
				"north": {"uv": [0, 0, 0, 9], "texture": "#0"},
				"east": {"uv": [0, 0, 10, 9], "texture": "#0"},
				"south": {"uv": [0, 0, 0, 9], "texture": "#0"},
				"west": {"uv": [0, 0, 10, 9], "texture": "#0"},
				"up": {"uv": [0, 0, 10, 0], "rotation": 90, "texture": "#missing"},
				"down": {"uv": [0, 0, 10, 0], "rotation": 270, "texture": "#missing"}
			}
		},
		{
			"from": [14, 2, -2],
			"to": [14, 20, 18],
			"rotation": {"angle": -22.5, "axis": "z", "origin": [8, 0, 8]},
			"faces": {
				"north": {"uv": [0, 0, 0, 9], "texture": "#0"},
				"east": {"uv": [0, 0, 10, 9], "texture": "#0"},
				"south": {"uv": [0, 0, 0, 9], "texture": "#0"},
				"west": {"uv": [0, 0, 10, 9], "texture": "#0"},
				"up": {"uv": [0, 0, 10, 0], "rotation": 90, "texture": "#missing"},
				"down": {"uv": [0, 0, 10, 0], "rotation": 270, "texture": "#missing"}
			}
		},
		{
			"from": [-2, 1, 14],
			"to": [18, 19, 14],
			"rotation": {"angle": 22.5, "axis": "x", "origin": [8, 0, 8]},
			"faces": {
				"north": {"uv": [0, 0, 10, 9], "texture": "#0"},
				"east": {"uv": [0, 0, 0, 9], "texture": "#0"},
				"south": {"uv": [0, 0, 10, 9], "texture": "#0"},
				"west": {"uv": [0, 0, 0, 9], "texture": "#0"},
				"up": {"uv": [0, 0, 10, 0], "texture": "#missing"},
				"down": {"uv": [0, 0, 10, 0], "texture": "#missing"}
			}
		},
		{
			"from": [-2, 0, 2],
			"to": [18, 18, 2],
			"rotation": {"angle": -22.5, "axis": "x", "origin": [8, 0, 8]},
			"faces": {
				"north": {"uv": [0, 0, 10, 9], "texture": "#0"},
				"east": {"uv": [0, 0, 0, 9], "texture": "#0"},
				"south": {"uv": [0, 0, 10, 9], "texture": "#0"},
				"west": {"uv": [0, 0, 0, 9], "texture": "#0"},
				"up": {"uv": [0, 0, 10, 0], "texture": "#missing"},
				"down": {"uv": [0, 0, 10, 0], "texture": "#missing"}
			}
		}
	],
	"display": {
		"thirdperson_righthand": {
			"rotation": [75, 45, 0],
			"translation": [0, 5, 0],
			"scale": [0.5, 0.5, 0.5]
		},
		"thirdperson_lefthand": {
			"rotation": [75, 45, 0],
			"translation": [0, 2.5, 0],
			"scale": [0.375, 0.375, 0.375]
		},
		"firstperson_righthand": {
			"rotation": [0, 45, 0],
			"translation": [0, -2, 0],
			"scale": [0.5, 0.5, 0.5]
		},
		"firstperson_lefthand": {
			"rotation": [0, 225, 0],
			"translation": [0, -2, 0],
			"scale": [0.5, 0.5, 0.5]
		},
		"ground": {
			"translation": [0, 3, 0],
			"scale": [0.25, 0.25, 0.25]
		},
		"gui": {
			"rotation": [30, 225, 0],
			"translation": [0, -1, 0],
			"scale": [0.75, 0.75, 0.75]
		},
		"head": {
			"translation": [0, 11.25, 0]
		},
		"fixed": {
			"scale": [0.5, 0.5, 0.5]
		}
	}
}