{
	"textures": {
		"0": "block/compiled/mayor"
	},
	"elements": [
		{
			"from": [
				-8,
				-1,
				-3
			],
			"to": [
				-4,
				3,
				1
			],
			"faces": {
				"east": {
					"uv": [
						0.125,
						0.125,
						3.5625,
						14.875
					],
					"texture": "#0"
				},
				"south": {
					"uv": [
						0.125,
						0.125,
						3.5625,
						14.875
					],
					"texture": "#0"
				},
				"north": {
					"uv": [
						0.125,
						0.125,
						3.4375,
						14.875
					],
					"texture": "#0"
				},
				"west": {
					"uv": [
						0.125,
						0.125,
						3.6875,
						14.875
					],
					"texture": "#0"
				},
				"up": {
					"uv": [
						2.0,
						2.0,
						2.0,
						0.0
					],
					"texture": "#0"
				},
				"down": {
					"uv": [
						2.0,
						-2.0,
						4.0,
						2.0
					],
					"texture": "#0"
				}
			}
		}
	],
	"credit": "Compiled from Gecko-lib model with Mineworks"
}