{
	"credit": "Made with Blockbench",
	"elements": [
		{
			"from": [1, 0, 1],
			"to": [2, 1, 2],
			"rotation": {"angle": 0, "axis": "y", "origin": [1, 0, 1]},
			"color": 9,
			"faces": {
				"north": {"uv": [0, 0, 1, 1], "texture": "#missing"},
				"east": {"uv": [0, 0, 1, 1], "texture": "#missing"},
				"south": {"uv": [0, 0, 1, 1], "texture": "#missing"},
				"west": {"uv": [0, 0, 1, 1], "texture": "#missing"},
				"up": {"uv": [0, 0, 1, 1], "texture": "#missing"},
				"down": {"uv": [0, 0, 1, 1], "texture": "#missing"}
			}
		}
	]
}