{
	"credit": "Made with Blockbench",
	"textures": {
		"0": "block/warp_gate",
		"1": "jak_and_daxter:block/other/warp_gate_frame",
		"particle": "block/warp_gate"
	},
	"elements": [
		{
			"name": "hexadecagon",
			"from": [6, 12.8174, -8],
			"to": [8, 19.1826, -5],
			"rotation": {"angle": -45, "axis": "x", "origin": [7.5, 16, 8]},
			"faces": {
				"north": {"uv": [0, 0, 2, 6.3652], "rotation": 180, "texture": "#1"},
				"east": {"uv": [0, 0, 3, 6.3652], "rotation": 180, "texture": "#1"},
				"south": {"uv": [0, 0, 1, 1], "texture": "#1"},
				"west": {"uv": [0, 0, 3, 6.3652], "texture": "#1"},
				"up": {"uv": [0, 0, 1, 1], "texture": "#1"},
				"down": {"uv": [0, 0, 1, 1], "texture": "#1"}
			}
		},
		{
			"name": "hexadecagon",
			"from": [6, 12.8174, -8],
			"to": [8, 19.1826, -5],
			"rotation": {"angle": -22.5, "axis": "x", "origin": [7.5, 16, 8]},
			"faces": {
				"north": {"uv": [0, 0, 2, 6.3652], "rotation": 180, "texture": "#1"},
				"east": {"uv": [0, 0, 3, 6.3652], "rotation": 180, "texture": "#1"},
				"south": {"uv": [0, 0, 1, 1], "texture": "#1"},
				"west": {"uv": [0, 0, 3, 6.3652], "texture": "#1"},
				"up": {"uv": [0, 0, 1, 1], "texture": "#1"},
				"down": {"uv": [0, 0, 1, 1], "texture": "#1"}
			}
		},
		{
			"name": "hexadecagon",
			"from": [6, 12.8174, -8],
			"to": [8, 19.1826, -5],
			"rotation": {"angle": 0, "axis": "x", "origin": [7.5, 16, 8]},
			"faces": {
				"north": {"uv": [0, 0, 2, 6.3652], "rotation": 180, "texture": "#1"},
				"east": {"uv": [0, 0, 3, 6.3652], "rotation": 180, "texture": "#1"},
				"south": {"uv": [0, 0, 1, 1], "texture": "#1"},
				"west": {"uv": [0, 0, 3, 6.3652], "texture": "#1"},
				"up": {"uv": [0, 0, 1, 1], "texture": "#1"},
				"down": {"uv": [0, 0, 1, 1], "texture": "#1"}
			}
		},
		{
			"name": "hexadecagon",
			"from": [6, 12.8174, -8],
			"to": [8, 19.1826, -5],
			"rotation": {"angle": 22.5, "axis": "x", "origin": [7.5, 16, 8]},
			"faces": {
				"north": {"uv": [0, 0, 2, 6.3652], "rotation": 180, "texture": "#1"},
				"east": {"uv": [0, 0, 3, 6.3652], "rotation": 180, "texture": "#1"},
				"south": {"uv": [0, 0, 1, 1], "texture": "#1"},
				"west": {"uv": [0, 0, 3, 6.3652], "texture": "#1"},
				"up": {"uv": [0, 0, 1, 1], "texture": "#1"},
				"down": {"uv": [0, 0, 1, 1], "texture": "#1"}
			}
		},
		{
			"name": "hexadecagon",
			"from": [6, 12.8174, -8],
			"to": [8, 19.1826, -5],
			"rotation": {"angle": 45, "axis": "x", "origin": [7.5, 16, 8]},
			"faces": {
				"north": {"uv": [0, 0, 2, 6.3652], "rotation": 180, "texture": "#1"},
				"east": {"uv": [0, 0, 3, 6.3652], "rotation": 180, "texture": "#1"},
				"south": {"uv": [0, 0, 1, 1], "texture": "#1"},
				"west": {"uv": [0, 0, 3, 6.3652], "texture": "#1"},
				"up": {"uv": [0, 0, 1, 1], "texture": "#1"},
				"down": {"uv": [0, 0, 1, 1], "texture": "#1"}
			}
		},
		{
			"name": "hexadecagon",
			"from": [6, 12.8174, 21],
			"to": [8, 19.1826, 24],
			"rotation": {"angle": -45, "axis": "x", "origin": [7.5, 16, 8]},
			"faces": {
				"north": {"uv": [0, 0, 1, 1], "texture": "#1"},
				"east": {"uv": [0, 0, 3, 6.3652], "texture": "#1"},
				"south": {"uv": [0, 0, 2, 6.3652], "rotation": 180, "texture": "#1"},
				"west": {"uv": [0, 0, 3, 6.3652], "rotation": 180, "texture": "#1"},
				"up": {"uv": [0, 0, 1, 1], "texture": "#1"},
				"down": {"uv": [0, 0, 1, 1], "texture": "#1"}
			}
		},
		{
			"name": "hexadecagon",
			"from": [6, 12.8174, 21],
			"to": [8, 19.1826, 24],
			"rotation": {"angle": -22.5, "axis": "x", "origin": [7.5, 16, 8]},
			"faces": {
				"north": {"uv": [0, 0, 1, 1], "texture": "#1"},
				"east": {"uv": [0, 0, 3, 6.3652], "texture": "#1"},
				"south": {"uv": [0, 0, 2, 6.3652], "rotation": 180, "texture": "#1"},
				"west": {"uv": [0, 0, 3, 6.3652], "rotation": 180, "texture": "#1"},
				"up": {"uv": [0, 0, 1, 1], "texture": "#1"},
				"down": {"uv": [0, 0, 1, 1], "texture": "#1"}
			}
		},
		{
			"name": "hexadecagon",
			"from": [6, 12.8174, 21],
			"to": [8, 19.1826, 24],
			"rotation": {"angle": 0, "axis": "x", "origin": [7.5, 16, 8]},
			"faces": {
				"north": {"uv": [0, 0, 1, 1], "texture": "#1"},
				"east": {"uv": [0, 0, 3, 6.3652], "texture": "#1"},
				"south": {"uv": [0, 0, 2, 6.3652], "rotation": 180, "texture": "#1"},
				"west": {"uv": [0, 0, 3, 6.3652], "rotation": 180, "texture": "#1"},
				"up": {"uv": [0, 0, 1, 1], "texture": "#1"},
				"down": {"uv": [0, 0, 1, 1], "texture": "#1"}
			}
		},
		{
			"name": "hexadecagon",
			"from": [6, 12.8174, 21],
			"to": [8, 19.1826, 24],
			"rotation": {"angle": 22.5, "axis": "x", "origin": [7.5, 16, 8]},
			"faces": {
				"north": {"uv": [0, 0, 1, 1], "texture": "#1"},
				"east": {"uv": [0, 0, 3, 6.3652], "texture": "#1"},
				"south": {"uv": [0, 0, 2, 6.3652], "rotation": 180, "texture": "#1"},
				"west": {"uv": [0, 0, 3, 6.3652], "rotation": 180, "texture": "#1"},
				"up": {"uv": [0, 0, 1, 1], "texture": "#1"},
				"down": {"uv": [0, 0, 1, 1], "texture": "#1"}
			}
		},
		{
			"name": "hexadecagon",
			"from": [6, 12.8174, 21],
			"to": [8, 19.1826, 24],
			"rotation": {"angle": 45, "axis": "x", "origin": [7.5, 16, 8]},
			"faces": {
				"north": {"uv": [0, 0, 1, 1], "texture": "#1"},
				"east": {"uv": [0, 0, 3, 6.3652], "texture": "#1"},
				"south": {"uv": [0, 0, 2, 6.3652], "rotation": 180, "texture": "#1"},
				"west": {"uv": [0, 0, 3, 6.3652], "rotation": 180, "texture": "#1"},
				"up": {"uv": [0, 0, 1, 1], "texture": "#1"},
				"down": {"uv": [0, 0, 1, 1], "texture": "#1"}
			}
		},
		{
			"name": "hexadecagon",
			"from": [6, 0, 4.8174],
			"to": [8, 3, 11.1826],
			"rotation": {"angle": -22.5, "axis": "x", "origin": [7.5, 16, 8]},
			"faces": {
				"north": {"uv": [0, 0, 1, 1], "texture": "#1"},
				"east": {"uv": [0, 0, 3, 6.3652], "rotation": 270, "texture": "#1"},
				"south": {"uv": [0, 0, 1, 1], "texture": "#1"},
				"west": {"uv": [0, 0, 3, 6.3652], "rotation": 270, "texture": "#1"},
				"up": {"uv": [0, 0, 1, 1], "texture": "#1"},
				"down": {"uv": [0, 0, 2, 6.3652], "rotation": 180, "texture": "#1"}
			}
		},
		{
			"name": "hexadecagon",
			"from": [6, 0, 4.8174],
			"to": [8, 3, 11.1826],
			"rotation": {"angle": 0, "axis": "x", "origin": [7.5, 16, 8]},
			"faces": {
				"north": {"uv": [0, 0, 1, 1], "texture": "#1"},
				"east": {"uv": [0, 0, 3, 6.3652], "rotation": 270, "texture": "#1"},
				"south": {"uv": [0, 0, 1, 1], "texture": "#1"},
				"west": {"uv": [0, 0, 3, 6.3652], "rotation": 270, "texture": "#1"},
				"up": {"uv": [0, 0, 1, 1], "texture": "#1"},
				"down": {"uv": [0, 0, 2, 6.3652], "rotation": 180, "texture": "#1"}
			}
		},
		{
			"name": "hexadecagon",
			"from": [6, 0, 4.8174],
			"to": [8, 3, 11.1826],
			"rotation": {"angle": 22.5, "axis": "x", "origin": [7.5, 16, 8]},
			"faces": {
				"north": {"uv": [0, 0, 1, 1], "texture": "#1"},
				"east": {"uv": [0, 0, 3, 6.3652], "rotation": 270, "texture": "#1"},
				"south": {"uv": [0, 0, 1, 1], "texture": "#1"},
				"west": {"uv": [0, 0, 3, 6.3652], "rotation": 270, "texture": "#1"},
				"up": {"uv": [0, 0, 1, 1], "texture": "#1"},
				"down": {"uv": [0, 0, 2, 6.3652], "rotation": 180, "texture": "#1"}
			}
		},
		{
			"name": "hexadecagon",
			"from": [6, 29, 4.8174],
			"to": [8, 32, 11.1826],
			"rotation": {"angle": -22.5, "axis": "x", "origin": [7.5, 16, 8]},
			"faces": {
				"north": {"uv": [0, 0, 1, 1], "texture": "#1"},
				"east": {"uv": [0, 0, 3, 6.3652], "rotation": 90, "texture": "#1"},
				"south": {"uv": [0, 0, 1, 1], "texture": "#1"},
				"west": {"uv": [0, 0, 3, 6.3652], "rotation": 90, "texture": "#1"},
				"up": {"uv": [0, 0, 2, 6.3652], "rotation": 180, "texture": "#1"},
				"down": {"uv": [0, 0, 1, 1], "texture": "#1"}
			}
		},
		{
			"name": "hexadecagon",
			"from": [6, 29, 4.8174],
			"to": [8, 32, 11.1826],
			"rotation": {"angle": 0, "axis": "x", "origin": [7.5, 16, 8]},
			"faces": {
				"north": {"uv": [0, 0, 1, 1], "texture": "#1"},
				"east": {"uv": [0, 0, 3, 6.3652], "rotation": 90, "texture": "#1"},
				"south": {"uv": [0, 0, 1, 1], "texture": "#1"},
				"west": {"uv": [0, 0, 3, 6.3652], "rotation": 90, "texture": "#1"},
				"up": {"uv": [0, 0, 2, 6.3652], "rotation": 180, "texture": "#1"},
				"down": {"uv": [0, 0, 1, 1], "texture": "#1"}
			}
		},
		{
			"name": "hexadecagon",
			"from": [6, 29, 4.8174],
			"to": [8, 32, 11.1826],
			"rotation": {"angle": 22.5, "axis": "x", "origin": [7.5, 16, 8]},
			"faces": {
				"north": {"uv": [0, 0, 1, 1], "texture": "#1"},
				"east": {"uv": [0, 0, 3, 6.3652], "rotation": 90, "texture": "#1"},
				"south": {"uv": [0, 0, 1, 1], "texture": "#1"},
				"west": {"uv": [0, 0, 3, 6.3652], "rotation": 90, "texture": "#1"},
				"up": {"uv": [0, 0, 2, 6.3652], "rotation": 180, "texture": "#1"},
				"down": {"uv": [0, 0, 1, 1], "texture": "#1"}
			}
		},
		{
			"from": [6.25, 3, -1.5],
			"to": [7.75, 29, 17.5],
			"rotation": {"angle": 0, "axis": "y", "origin": [6, 4, 0]},
			"faces": {
				"north": {"uv": [15.5, 15.5, 16, 16], "texture": "#1"},
				"east": {"uv": [3.25, 1.5, 12.75, 14.5], "texture": "#0"},
				"south": {"uv": [15.5, 15.5, 16, 16], "texture": "#1"},
				"west": {"uv": [3.25, 1.5, 12.75, 14.5], "texture": "#0"},
				"up": {"uv": [15.5, 15.5, 16, 16], "texture": "#1"},
				"down": {"uv": [15.5, 15.5, 16, 16], "texture": "#1"}
			}
		},
		{
			"from": [6.25, 7, -5.5],
			"to": [7.75, 25, -1.5],
			"rotation": {"angle": 0, "axis": "y", "origin": [6, 4, 0]},
			"faces": {
				"north": {"uv": [0, 0, 1.5, 3], "texture": "#missing"},
				"east": {"uv": [13, 3.5, 15, 12.5], "texture": "#0"},
				"south": {"uv": [15.5, 15.5, 16, 16], "texture": "#1"},
				"west": {"uv": [1.25, 3.5, 3.25, 12.5], "texture": "#0"},
				"up": {"uv": [0, 0, 1.5, 16], "texture": "#missing"},
				"down": {"uv": [0, 0, 1.5, 16], "texture": "#missing"}
			}
		},
		{
			"from": [6.25, 7, 17.5],
			"to": [7.75, 25, 21.5],
			"rotation": {"angle": 0, "axis": "y", "origin": [6, 4, 23]},
			"faces": {
				"north": {"uv": [15.5, 15.5, 16, 16], "texture": "#1"},
				"east": {"uv": [1.25, 3.5, 3.25, 12.5], "texture": "#0"},
				"south": {"uv": [0, 0, 1.5, 3], "texture": "#missing"},
				"west": {"uv": [13, 3.5, 15, 12.5], "texture": "#0"},
				"up": {"uv": [0, 0, 1.5, 16], "texture": "#missing"},
				"down": {"uv": [0, 0, 1.5, 16], "texture": "#missing"}
			}
		}
	],
	"groups": [
		{
			"name": "hexadecagon",
			"origin": [8, 8, 8],
			"color": 0,
			"children": [0, 1, 2, 3, 4, 5, 6, 7, 8, 9, 10, 11, 12, 13, 14, 15]
		},
		16,
		17,
		18
	]
}