{
    "parent": "minecraft:item/generated",
    "textures": {
        "layer0": "minecraft:item/barrier"
    },
    "overrides": [
        {
            "predicate": {
                "custom_model_data": 7465680
            },
            "model": "minecraft:obj/jump_pad"
        },
        {
            "predicate": {
                "custom_model_data": 7465681
            },
            "model": "minecraft:obj/eco_vent_normal"
        },
        {
            "predicate": {
                "custom_model_data": 7465682
            },
            "model": "minecraft:obj/eco_vent_open"
        },
        {
            "predicate": {
                "custom_model_data": 7465683
            },
            "model": "minecraft:obj/eco_vent_closed"
        },
        {
            "predicate": {
                "custom_model_data": 7465684
            },
            "model": "minecraft:item/egg"
        },
        {
            "predicate": {
                "custom_model_data": 7465685
            },
            "model": "minecraft:block/barrier"
        },
        {
            "predicate": {
                "custom_model_data": 7465686
            },
            "model": "minecraft:block/windmill1"
        },
        {
            "predicate": {
                "custom_model_data": 7465687
            },
            "model": "minecraft:block/wind_catcher"
        },
        {
            "predicate": {
                "custom_model_data": 7465688
            },
            "model": "minecraft:block/boat"
        },
        {
            "predicate": {
                "custom_model_data": 7465689
            },
            "model": "minecraft:block/cannon"
        },
        {
            "predicate": {
                "custom_model_data": 7465690
            },
            "model": "minecraft:block/eco_receptor"
        },
        {
            "predicate": {
                "custom_model_data": 7465691
            },
            "model": "minecraft:block/windmill2"
        }
    ]
}