{
	"credit": "Made with Blockbench",
	"parent": "minecraft:block/tinted_cross",
	"textures": {
		"1": "block/new_large_grass",
		"particle": "block/new_large_grass"
	},
	"elements": [
		{
			"from": [3, 0, 5],
			"to": [10, 18, 5],
			"rotation": {"angle": 22.5, "axis": "y", "origin": [6, 0, 5]},
			"faces": {
				"north": {"uv": [0, 0, 6.222, 16], "texture": "#1"},
				"east": {"uv": [0, 0, 16, 16], "texture": "#1"},
				"south": {"uv": [0, 0, 6.222, 16], "texture": "#1"},
				"west": {"uv": [0, 0, 0, 16], "texture": "#1"},
				"up": {"uv": [0, 0, 7, 0], "texture": "#1"},
				"down": {"uv": [0, 0, 7, 0], "texture": "#1"}
			}
		},
		{
			"from": [0, 0, 2],
			"to": [7, 18, 2],
			"rotation": {"angle": -45, "axis": "y", "origin": [3, 0, 2]},
			"faces": {
				"north": {"uv": [0, 0, 6.222, 16], "texture": "#1"},
				"east": {"uv": [0, 0, 16, 16], "texture": "#1"},
				"south": {"uv": [0, 0, 6.222, 16], "texture": "#1"},
				"west": {"uv": [0, 0, 0, 16], "texture": "#1"},
				"up": {"uv": [0, 0, 7, 0], "texture": "#1"},
				"down": {"uv": [0, 0, 7, 0], "texture": "#1"}
			}
		},
		{
			"from": [8, 0, 6],
			"to": [15, 18, 6],
			"rotation": {"angle": -22.5, "axis": "y", "origin": [11, 0, 6]},
			"faces": {
				"north": {"uv": [0, 0, 6.222, 16], "texture": "#1"},
				"east": {"uv": [0, 0, 16, 16], "texture": "#1"},
				"south": {"uv": [0, 0, 6.222, 16], "texture": "#1"},
				"west": {"uv": [0, 0, 0, 16], "texture": "#1"},
				"up": {"uv": [0, 0, 7, 0], "texture": "#1"},
				"down": {"uv": [0, 0, 7, 0], "texture": "#1"}
			}
		},
		{
			"from": [4, 0, 6],
			"to": [4, 18, 13],
			"rotation": {"angle": 22.5, "axis": "y", "origin": [4, 0, 9]},
			"faces": {
				"north": {"uv": [0, 0, 0, 16], "texture": "#1"},
				"east": {"uv": [0, 0, 6.222, 16], "texture": "#1"},
				"south": {"uv": [0, 0, 0, 16], "texture": "#1"},
				"west": {"uv": [0, 0, 6.222, 16], "texture": "#1"},
				"up": {"uv": [0, 0, 7, 0], "rotation": 90, "texture": "#1"},
				"down": {"uv": [0, 0, 7, 0], "rotation": 270, "texture": "#1"}
			}
		},
		{
			"from": [3, 0, 12],
			"to": [10, 18, 12],
			"rotation": {"angle": 22.5, "axis": "y", "origin": [7, 0, 12]},
			"faces": {
				"north": {"uv": [0, 0, 6.222, 16], "texture": "#1"},
				"east": {"uv": [0, 0, 16, 16], "texture": "#1"},
				"south": {"uv": [0, 0, 6.222, 16], "texture": "#1"},
				"west": {"uv": [0, 0, 0, 16], "texture": "#1"},
				"up": {"uv": [0, 0, 7, 0], "rotation": 180, "texture": "#1"},
				"down": {"uv": [0, 0, 7, 0], "rotation": 180, "texture": "#1"}
			}
		},
		{
			"from": [11, 0, 7],
			"to": [11, 18, 14],
			"rotation": {"angle": 45, "axis": "y", "origin": [11, 0, 11]},
			"faces": {
				"north": {"uv": [0, 0, 0, 16], "texture": "#1"},
				"east": {"uv": [0, 0, 6.222, 16], "texture": "#1"},
				"south": {"uv": [0, 0, 0, 16], "texture": "#1"},
				"west": {"uv": [0, 0, 6.222, 16], "texture": "#1"},
				"up": {"uv": [0, 0, 7, 0], "rotation": 270, "texture": "#1"},
				"down": {"uv": [0, 0, 7, 0], "rotation": 90, "texture": "#1"}
			}
		},
		{
			"from": [14, 0, 6],
			"to": [14, 18, 13],
			"rotation": {"angle": -22.5, "axis": "y", "origin": [14, 0, 10]},
			"faces": {
				"north": {"uv": [0, 0, 0, 16], "texture": "#1"},
				"east": {"uv": [0, 0, 6.222, 16], "texture": "#1"},
				"south": {"uv": [0, 0, 0, 16], "texture": "#1"},
				"west": {"uv": [0, 0, 6.222, 16], "texture": "#1"},
				"up": {"uv": [0, 0, 7, 0], "rotation": 270, "texture": "#1"},
				"down": {"uv": [0, 0, 7, 0], "rotation": 90, "texture": "#1"}
			}
		},
		{
			"from": [13, 0, -1],
			"to": [13, 18, 6],
			"rotation": {"angle": -22.5, "axis": "y", "origin": [13, 0, 3]},
			"faces": {
				"north": {"uv": [0, 0, 0, 16], "texture": "#1"},
				"east": {"uv": [0, 0, 6.222, 16], "texture": "#1"},
				"south": {"uv": [0, 0, 0, 16], "texture": "#1"},
				"west": {"uv": [0, 0, 6.222, 16], "texture": "#1"},
				"up": {"uv": [0, 0, 7, 0], "rotation": 270, "texture": "#1"},
				"down": {"uv": [0, 0, 7, 0], "rotation": 90, "texture": "#1"}
			}
		},
		{
			"from": [8, 0, 10],
			"to": [8, 18, 17],
			"rotation": {"angle": 0, "axis": "y", "origin": [8, 0, 14]},
			"faces": {
				"north": {"uv": [0, 0, 0, 16], "texture": "#1"},
				"east": {"uv": [0, 0, 6.222, 16], "texture": "#1"},
				"south": {"uv": [0, 0, 0, 16], "texture": "#1"},
				"west": {"uv": [0, 0, 7, 16], "texture": "#1"},
				"up": {"uv": [0, 0, 7, 0], "rotation": 270, "texture": "#1"},
				"down": {"uv": [0, 0, 7, 0], "rotation": 90, "texture": "#1"}
			}
		}
	],
	"display": {
		"thirdperson_righthand": {
			"translation": [0, 1.25, 2.5],
			"scale": [0.2, 0.2, 0.2]
		},
		"thirdperson_lefthand": {
			"translation": [0, 1.25, 2.5],
			"scale": [0.2, 0.2, 0.2]
		},
		"firstperson_righthand": {
			"scale": [0.2, 0.2, 0.2]
		},
		"firstperson_lefthand": {
			"scale": [0.2, 0.2, 0.2]
		},
		"ground": {
			"scale": [0.3, 0.3, 0.3]
		},
		"gui": {
			"rotation": [45, 0, 0],
			"scale": [0.8, 0.8, 0.8]
		},
		"head": {
			"translation": [0, 13.5, 0]
		}
	}
}