{
	"parent": "item/generated",
	"textures": {
		"layer0": "minecraft:item/structure_void"
	},
	"overrides": [
		{
			"predicate": {
				"custom_model_data": 1
			},
			"model": "animated_java:empty"
		},
		{
			"predicate": {
				"custom_model_data": 2
			},
			"model": "animated_java:item/door_5x5/default/bone11"
		},
		{
			"predicate": {
				"custom_model_data": 3
			},
			"model": "animated_java:item/door_5x5/default/bone9"
		},
		{
			"predicate": {
				"custom_model_data": 4
			},
			"model": "animated_java:item/door_5x5/default/bone12"
		},
		{
			"predicate": {
				"custom_model_data": 5
			},
			"model": "animated_java:item/door_5x5/default/bone10"
		},
		{
			"predicate": {
				"custom_model_data": 6
			},
			"model": "animated_java:item/door_5x5/default/bone13"
		},
		{
			"predicate": {
				"custom_model_data": 7
			},
			"model": "animated_java:item/door_5x5/default/bone14"
		},
		{
			"predicate": {
				"custom_model_data": 8
			},
			"model": "animated_java:item/door_5x5/default/bone15"
		},
		{
			"predicate": {
				"custom_model_data": 9
			},
			"model": "animated_java:item/door_5x5/default/bone16"
		},
		{
			"predicate": {
				"custom_model_data": 10
			},
			"model": "animated_java:item/door_7x7/default/bone11"
		},
		{
			"predicate": {
				"custom_model_data": 11
			},
			"model": "animated_java:item/door_7x7/default/bone9"
		},
		{
			"predicate": {
				"custom_model_data": 12
			},
			"model": "animated_java:item/door_7x7/default/bone12"
		},
		{
			"predicate": {
				"custom_model_data": 13
			},
			"model": "animated_java:item/door_7x7/default/bone10"
		},
		{
			"predicate": {
				"custom_model_data": 14
			},
			"model": "animated_java:item/door_7x7/default/bone13"
		},
		{
			"predicate": {
				"custom_model_data": 15
			},
			"model": "animated_java:item/door_7x7/default/bone14"
		},
		{
			"predicate": {
				"custom_model_data": 16
			},
			"model": "animated_java:item/door_7x7/default/bone15"
		},
		{
			"predicate": {
				"custom_model_data": 17
			},
			"model": "animated_java:item/door_7x7/default/bone16"
		},
		{
			"predicate": {
				"custom_model_data": 18
			},
			"model": "animated_java:item/door_4x4/default/segment"
		},
		{
			"predicate": {
				"custom_model_data": 19
			},
			"model": "animated_java:item/door_4x4/default/segment2"
		},
		{
			"predicate": {
				"custom_model_data": 20
			},
			"model": "animated_java:item/door_4x4/default/segment3"
		},
		{
			"predicate": {
				"custom_model_data": 21
			},
			"model": "animated_java:item/door_4x4/default/segment4"
		},
		{
			"predicate": {
				"custom_model_data": 22
			},
			"model": "animated_java:item/door_4x4/default/segment5"
		},
		{
			"predicate": {
				"custom_model_data": 23
			},
			"model": "animated_java:item/door_4x4/default/segment6"
		},
		{
			"predicate": {
				"custom_model_data": 24
			},
			"model": "animated_java:item/door_4x4/default/segment7"
		},
		{
			"predicate": {
				"custom_model_data": 25
			},
			"model": "animated_java:item/door_4x4/default/segment8"
		},
		{
			"predicate": {
				"custom_model_data": 26
			},
			"model": "animated_java:item/jak/default/body"
		},
		{
			"predicate": {
				"custom_model_data": 27
			},
			"model": "animated_java:item/jak/default/ring"
		},
		{
			"predicate": {
				"custom_model_data": 28
			},
			"model": "animated_java:item/jak/default/straps"
		},
		{
			"predicate": {
				"custom_model_data": 29
			},
			"model": "animated_java:item/jak/default/plate"
		},
		{
			"predicate": {
				"custom_model_data": 30
			},
			"model": "animated_java:item/jak/default/bone3"
		},
		{
			"predicate": {
				"custom_model_data": 31
			},
			"model": "animated_java:item/jak/default/bone4"
		},
		{
			"predicate": {
				"custom_model_data": 32
			},
			"model": "animated_java:item/jak/default/bone2"
		},
		{
			"predicate": {
				"custom_model_data": 33
			},
			"model": "animated_java:item/jak/default/bone"
		},
		{
			"predicate": {
				"custom_model_data": 34
			},
			"model": "animated_java:item/jak/default/right_leg"
		},
		{
			"predicate": {
				"custom_model_data": 35
			},
			"model": "animated_java:item/jak/default/right_leg_bone"
		},
		{
			"predicate": {
				"custom_model_data": 36
			},
			"model": "animated_java:item/jak/default/left_leg"
		},
		{
			"predicate": {
				"custom_model_data": 37
			},
			"model": "animated_java:item/jak/default/left_leg_bone"
		},
		{
			"predicate": {
				"custom_model_data": 38
			},
			"model": "animated_java:item/jak/default/right_arm"
		},
		{
			"predicate": {
				"custom_model_data": 39
			},
			"model": "animated_java:item/jak/default/right_arm_bone"
		},
		{
			"predicate": {
				"custom_model_data": 40
			},
			"model": "animated_java:item/jak/default/left_hand"
		},
		{
			"predicate": {
				"custom_model_data": 41
			},
			"model": "animated_java:item/jak/default/left_arm"
		},
		{
			"predicate": {
				"custom_model_data": 42
			},
			"model": "animated_java:item/jak/default/left_arm_bone"
		},
		{
			"predicate": {
				"custom_model_data": 43
			},
			"model": "animated_java:item/jak/default/plate2"
		},
		{
			"predicate": {
				"custom_model_data": 44
			},
			"model": "animated_java:item/jak/default/right_hand"
		},
		{
			"predicate": {
				"custom_model_data": 45
			},
			"model": "animated_java:item/jak/default/head"
		}
	],
	"animated_java": {
		"door_4x4": [18, 19, 20, 21, 22, 23, 24, 25],
		"door_5x5": [1, 2, 3, 4, 5, 6, 7, 8, 9],
		"door_7x7": [10, 11, 12, 13, 14, 15, 16, 17],
		"jak": [26, 27, 28, 29, 30, 31, 32, 33, 34, 35, 36, 37, 38, 39, 40, 41, 42, 43, 44, 45]
	}
}