{
	"credit": "Made by Tcathebluecreper",
	"textures": {
		"0": "block/cyan_stained_glass",
		"1": "block/blue_stained_glass",
		"3": "block/light_blue_stained_glass_pane_top",
		"4": "block/light_blue_stained_glass",
		"5": "block/white_stained_glass_pane_top",
		"6": "block/white_stained_glass",
		"7": "block/blue_stained_glass_pane_top"
	},
	"elements": [
		{
			"from": [12.5, 0, 9.5],
			"to": [13.5, 1, 10.5],
			"rotation": {"angle": 0, "axis": "y", "origin": [15.5, 0, 14.5]},
			"faces": {
				"north": {"uv": [0, 0, 1, 1], "texture": "#0"},
				"east": {"uv": [0, 0, 16, 16], "texture": "#0"},
				"south": {"uv": [0, 0, 1, 1], "texture": "#0"},
				"west": {"uv": [0, 0, 16, 16], "texture": "#0"},
				"up": {"uv": [0, 0, 16, 16], "rotation": 180, "texture": "#0"},
				"down": {"uv": [0, 0, 16, 16], "rotation": 180, "texture": "#0"}
			}
		},
		{
			"from": [12.5, 0, 7.5],
			"to": [13.5, 1, 8.5],
			"rotation": {"angle": 0, "axis": "y", "origin": [15.5, 0, 14.5]},
			"faces": {
				"north": {"uv": [0, 0, 1, 1], "texture": "#0"},
				"east": {"uv": [0, 0, 16, 16], "texture": "#0"},
				"south": {"uv": [0, 0, 1, 1], "texture": "#0"},
				"west": {"uv": [0, 0, 16, 16], "texture": "#0"},
				"up": {"uv": [0, 0, 16, 16], "rotation": 180, "texture": "#0"},
				"down": {"uv": [0, 0, 16, 16], "rotation": 180, "texture": "#0"}
			}
		},
		{
			"from": [11.5, 0, 11.5],
			"to": [12.5, 1, 12.5],
			"rotation": {"angle": 0, "axis": "y", "origin": [15.5, 0, 14.5]},
			"faces": {
				"north": {"uv": [0, 0, 1, 1], "texture": "#0"},
				"east": {"uv": [0, 0, 16, 16], "texture": "#0"},
				"south": {"uv": [0, 0, 1, 1], "texture": "#0"},
				"west": {"uv": [0, 0, 16, 16], "texture": "#0"},
				"up": {"uv": [0, 0, 16, 16], "rotation": 180, "texture": "#0"},
				"down": {"uv": [0, 0, 16, 16], "rotation": 180, "texture": "#0"}
			}
		},
		{
			"from": [10.5, 0, 7.5],
			"to": [11.5, 1, 8.5],
			"rotation": {"angle": 0, "axis": "y", "origin": [15.5, 0, 14.5]},
			"faces": {
				"north": {"uv": [0, 0, 1, 1], "texture": "#1"},
				"east": {"uv": [0, 0, 1, 1], "texture": "#1"},
				"south": {"uv": [0, 0, 1, 1], "texture": "#1"},
				"west": {"uv": [0, 0, 1, 1], "texture": "#1"},
				"up": {"uv": [0, 0, 16, 16], "rotation": 180, "texture": "#1"},
				"down": {"uv": [0, 0, 16, 16], "rotation": 180, "texture": "#1"}
			}
		},
		{
			"from": [10.5, 0, 5.5],
			"to": [11.5, 1, 6.5],
			"rotation": {"angle": 0, "axis": "y", "origin": [15.5, 0, 14.5]},
			"faces": {
				"north": {"uv": [0, 0, 1, 1], "texture": "#1"},
				"east": {"uv": [0, 0, 1, 1], "texture": "#1"},
				"south": {"uv": [0, 0, 1, 1], "texture": "#1"},
				"up": {"uv": [0, 0, 16, 16], "rotation": 180, "texture": "#1"},
				"down": {"uv": [0, 0, 16, 16], "rotation": 180, "texture": "#1"}
			}
		},
		{
			"from": [9.5, 0, 11.5],
			"to": [10.5, 1, 12.5],
			"rotation": {"angle": 0, "axis": "y", "origin": [15.5, 0, 14.5]},
			"faces": {
				"east": {"uv": [0, 0, 16, 16], "texture": "#0"},
				"south": {"uv": [0, 0, 1, 1], "texture": "#0"},
				"west": {"uv": [0, 0, 16, 16], "texture": "#0"},
				"up": {"uv": [0, 0, 16, 16], "rotation": 180, "texture": "#0"},
				"down": {"uv": [0, 0, 16, 16], "rotation": 180, "texture": "#0"}
			}
		},
		{
			"from": [9.5, 0, 10.5],
			"to": [10.5, 1, 11.5],
			"rotation": {"angle": 0, "axis": "y", "origin": [15.5, 0, 14.5]},
			"faces": {
				"north": {"uv": [0, 0, 16, 16], "texture": "#0"},
				"east": {"uv": [0, 0, 16, 16], "texture": "#0"},
				"west": {"uv": [0, 0, 16, 16], "texture": "#0"},
				"up": {"uv": [0, 0, 16, 16], "rotation": 180, "texture": "#0"},
				"down": {"uv": [0, 0, 16, 16], "rotation": 180, "texture": "#0"}
			}
		},
		{
			"from": [9.5, 0, 6.5],
			"to": [10.5, 1, 7.5],
			"rotation": {"angle": 0, "axis": "y", "origin": [15.5, 0, 14.5]},
			"faces": {
				"north": {"uv": [0, 0, 1, 1], "texture": "#0"},
				"east": {"uv": [0, 0, 16, 16], "texture": "#0"},
				"south": {"uv": [0, 0, 1, 1], "texture": "#0"},
				"west": {"uv": [0, 0, 16, 16], "texture": "#0"},
				"up": {"uv": [0, 0, 16, 16], "rotation": 180, "texture": "#0"},
				"down": {"uv": [0, 0, 16, 16], "rotation": 180, "texture": "#0"}
			}
		},
		{
			"from": [9.5, 0, 5.5],
			"to": [10.5, 1, 6.5],
			"rotation": {"angle": 0, "axis": "y", "origin": [15.5, 0, 14.5]},
			"faces": {
				"north": {"uv": [0, 0, 1, 1], "texture": "#1"},
				"south": {"uv": [0, 0, 1, 1], "texture": "#1"},
				"up": {"uv": [0, 0, 16, 16], "rotation": 180, "texture": "#1"},
				"down": {"uv": [0, 0, 16, 16], "rotation": 180, "texture": "#1"}
			}
		},
		{
			"from": [8.5, 0, 7.5],
			"to": [9.5, 1, 8.5],
			"rotation": {"angle": 0, "axis": "y", "origin": [15.5, 0, 14.5]},
			"faces": {
				"north": {"uv": [0, 0, 1, 1], "texture": "#1"},
				"east": {"uv": [0, 0, 1, 1], "texture": "#1"},
				"south": {"uv": [0, 0, 1, 1], "texture": "#1"},
				"west": {"uv": [0, 0, 1, 1], "texture": "#1"},
				"up": {"uv": [0, 0, 16, 16], "rotation": 180, "texture": "#1"},
				"down": {"uv": [0, 0, 16, 16], "rotation": 180, "texture": "#1"}
			}
		},
		{
			"from": [8.5, 0, 5.5],
			"to": [9.5, 1, 6.5],
			"rotation": {"angle": 0, "axis": "y", "origin": [15.5, 0, 14.5]},
			"faces": {
				"north": {"uv": [0, 0, 1, 1], "texture": "#1"},
				"south": {"uv": [0, 0, 1, 1], "texture": "#1"},
				"west": {"uv": [0, 0, 16, 16], "texture": "#1"},
				"up": {"uv": [0, 0, 16, 16], "rotation": 180, "texture": "#1"},
				"down": {"uv": [0, 0, 16, 16], "rotation": 180, "texture": "#1"}
			}
		},
		{
			"from": [6.5, 0, 8.5],
			"to": [7.5, 1, 9.5],
			"rotation": {"angle": 0, "axis": "y", "origin": [15.5, 0, 14.5]},
			"faces": {
				"north": {"uv": [0, 0, 1, 1], "texture": "#1"},
				"east": {"uv": [0, 0, 1, 1], "texture": "#1"},
				"south": {"uv": [0, 0, 1, 1], "texture": "#1"},
				"west": {"uv": [0, 0, 1, 1], "texture": "#1"},
				"up": {"uv": [0, 0, 16, 16], "rotation": 180, "texture": "#1"},
				"down": {"uv": [0, 0, 16, 16], "rotation": 180, "texture": "#1"}
			}
		},
		{
			"from": [6.5, 0, 6.5],
			"to": [7.5, 1, 7.5],
			"rotation": {"angle": 0, "axis": "y", "origin": [15.5, 0, 14.5]},
			"faces": {
				"north": {"uv": [0, 0, 1, 1], "texture": "#1"},
				"east": {"uv": [0, 0, 1, 1], "texture": "#1"},
				"south": {"uv": [0, 0, 1, 1], "texture": "#1"},
				"west": {"uv": [0, 0, 1, 1], "texture": "#1"},
				"up": {"uv": [0, 0, 16, 16], "rotation": 180, "texture": "#1"},
				"down": {"uv": [0, 0, 16, 16], "rotation": 180, "texture": "#1"}
			}
		},
		{
			"from": [6.5, 0, 5.5],
			"to": [7.5, 1, 6.5],
			"rotation": {"angle": 0, "axis": "y", "origin": [15.5, 0, 14.5]},
			"faces": {
				"east": {"uv": [0, 0, 16, 16], "texture": "#0"},
				"south": {"uv": [0, 0, 1, 1], "texture": "#0"},
				"west": {"uv": [0, 0, 16, 16], "texture": "#0"},
				"up": {"uv": [0, 0, 16, 16], "rotation": 180, "texture": "#0"},
				"down": {"uv": [0, 0, 16, 16], "rotation": 180, "texture": "#0"}
			}
		},
		{
			"from": [6.5, 0, 4.5],
			"to": [7.5, 1, 5.5],
			"rotation": {"angle": 0, "axis": "y", "origin": [15.5, 0, 14.5]},
			"faces": {
				"north": {"uv": [0, 0, 16, 16], "texture": "#0"},
				"east": {"uv": [0, 0, 16, 16], "texture": "#0"},
				"west": {"uv": [0, 0, 16, 16], "texture": "#0"},
				"up": {"uv": [0, 0, 16, 16], "rotation": 180, "texture": "#0"},
				"down": {"uv": [0, 0, 16, 16], "rotation": 180, "texture": "#0"}
			}
		},
		{
			"from": [6.5, 0, 3.5],
			"to": [7.5, 1, 4.5],
			"rotation": {"angle": 0, "axis": "y", "origin": [15.5, 0, 14.5]},
			"faces": {
				"north": {"uv": [0, 0, 1, 1], "texture": "#1"},
				"east": {"uv": [0, 0, 1, 1], "texture": "#1"},
				"south": {"uv": [0, 0, 1, 1], "texture": "#1"},
				"west": {"uv": [0, 0, 1, 1], "texture": "#1"},
				"up": {"uv": [0, 0, 16, 16], "rotation": 180, "texture": "#1"},
				"down": {"uv": [0, 0, 16, 16], "rotation": 180, "texture": "#1"}
			}
		},
		{
			"from": [5.5, 0, 8.5],
			"to": [6.5, 1, 9.5],
			"rotation": {"angle": 0, "axis": "y", "origin": [15.5, 0, 14.5]},
			"faces": {
				"north": {"uv": [0, 0, 1, 1], "texture": "#0"},
				"east": {"uv": [0, 0, 16, 16], "texture": "#0"},
				"south": {"uv": [0, 0, 1, 1], "texture": "#0"},
				"west": {"uv": [0, 0, 16, 16], "texture": "#0"},
				"up": {"uv": [0, 0, 16, 16], "rotation": 180, "texture": "#0"},
				"down": {"uv": [0, 0, 16, 16], "rotation": 180, "texture": "#0"}
			}
		},
		{
			"from": [5.5, 0, 6.5],
			"to": [6.5, 1, 7.5],
			"rotation": {"angle": 0, "axis": "y", "origin": [15.5, 0, 14.5]},
			"faces": {
				"north": {"uv": [0, 0, 1, 1], "texture": "#0"},
				"east": {"uv": [0, 0, 16, 16], "texture": "#0"},
				"south": {"uv": [0, 0, 1, 1], "texture": "#0"},
				"west": {"uv": [0, 0, 16, 16], "texture": "#0"},
				"up": {"uv": [0, 0, 16, 16], "rotation": 180, "texture": "#0"},
				"down": {"uv": [0, 0, 16, 16], "rotation": 180, "texture": "#0"}
			}
		},
		{
			"from": [5.5, 0, 5.5],
			"to": [6.5, 1, 6.5],
			"rotation": {"angle": 0, "axis": "y", "origin": [15.5, 0, 14.5]},
			"faces": {
				"north": {"uv": [0, 0, 1, 1], "texture": "#1"},
				"east": {"uv": [0, 0, 1, 1], "texture": "#1"},
				"south": {"uv": [0, 0, 1, 1], "texture": "#1"},
				"west": {"uv": [0, 0, 1, 1], "texture": "#1"},
				"up": {"uv": [0, 0, 16, 16], "rotation": 180, "texture": "#1"},
				"down": {"uv": [0, 0, 16, 16], "rotation": 180, "texture": "#1"}
			}
		},
		{
			"from": [5.5, 0, 3.5],
			"to": [6.5, 1, 4.5],
			"rotation": {"angle": 0, "axis": "y", "origin": [15.5, 0, 14.5]},
			"faces": {
				"north": {"uv": [0, 0, 1, 1], "texture": "#0"},
				"east": {"uv": [0, 0, 16, 16], "texture": "#0"},
				"south": {"uv": [0, 0, 1, 1], "texture": "#0"},
				"west": {"uv": [0, 0, 16, 16], "texture": "#0"},
				"up": {"uv": [0, 0, 16, 16], "rotation": 180, "texture": "#0"},
				"down": {"uv": [0, 0, 16, 16], "rotation": 180, "texture": "#0"}
			}
		},
		{
			"from": [4.5, 0, 8.5],
			"to": [5.5, 1, 9.5],
			"rotation": {"angle": 0, "axis": "y", "origin": [15.5, 0, 14.5]},
			"faces": {
				"north": {"uv": [0, 0, 1, 1], "texture": "#1"},
				"east": {"uv": [0, 0, 16, 16], "texture": "#1"},
				"south": {"uv": [0, 0, 1, 1], "texture": "#1"},
				"up": {"uv": [0, 0, 16, 16], "rotation": 180, "texture": "#1"},
				"down": {"uv": [0, 0, 16, 16], "rotation": 180, "texture": "#1"}
			}
		},
		{
			"from": [4.5, 0, 6.5],
			"to": [5.5, 1, 7.5],
			"rotation": {"angle": 0, "axis": "y", "origin": [15.5, 0, 14.5]},
			"faces": {
				"north": {"uv": [0, 0, 1, 1], "texture": "#1"},
				"east": {"uv": [0, 0, 1, 1], "texture": "#1"},
				"south": {"uv": [0, 0, 1, 1], "texture": "#1"},
				"west": {"uv": [0, 0, 1, 1], "texture": "#1"},
				"up": {"uv": [0, 0, 16, 16], "rotation": 180, "texture": "#1"},
				"down": {"uv": [0, 0, 16, 16], "rotation": 180, "texture": "#1"}
			}
		},
		{
			"from": [4.5, 0, 4.5],
			"to": [5.5, 1, 5.5],
			"rotation": {"angle": 0, "axis": "y", "origin": [15.5, 0, 14.5]},
			"faces": {
				"north": {"uv": [0, 0, 1, 1], "texture": "#1"},
				"east": {"uv": [0, 0, 1, 1], "texture": "#1"},
				"south": {"uv": [0, 0, 1, 1], "texture": "#1"},
				"west": {"uv": [0, 0, 1, 1], "texture": "#1"},
				"up": {"uv": [0, 0, 16, 16], "rotation": 180, "texture": "#1"},
				"down": {"uv": [0, 0, 16, 16], "rotation": 180, "texture": "#1"}
			}
		},
		{
			"from": [3.5, 0, 8.5],
			"to": [4.5, 1, 9.5],
			"rotation": {"angle": 0, "axis": "y", "origin": [15.5, 0, 14.5]},
			"faces": {
				"south": {"uv": [0, 0, 1, 1], "texture": "#1"},
				"west": {"uv": [0, 0, 16, 16], "texture": "#1"},
				"up": {"uv": [0, 0, 16, 16], "rotation": 180, "texture": "#1"},
				"down": {"uv": [0, 0, 16, 16], "rotation": 180, "texture": "#1"}
			}
		},
		{
			"from": [3.5, 0, 7.5],
			"to": [4.5, 1, 8.5],
			"rotation": {"angle": 0, "axis": "y", "origin": [15.5, 0, 14.5]},
			"faces": {
				"north": {"uv": [0, 0, 1, 1], "texture": "#1"},
				"east": {"uv": [0, 0, 1, 1], "texture": "#1"},
				"west": {"uv": [0, 0, 1, 1], "texture": "#1"},
				"up": {"uv": [0, 0, 16, 16], "rotation": 180, "texture": "#1"},
				"down": {"uv": [0, 0, 16, 16], "rotation": 180, "texture": "#1"}
			}
		},
		{
			"from": [3.5, 0, 6.5],
			"to": [4.5, 1, 7.5],
			"rotation": {"angle": 0, "axis": "y", "origin": [15.5, 0, 14.5]},
			"faces": {
				"north": {"uv": [0, 0, 1, 1], "texture": "#0"},
				"east": {"uv": [0, 0, 16, 16], "texture": "#0"},
				"south": {"uv": [0, 0, 1, 1], "texture": "#0"},
				"west": {"uv": [0, 0, 16, 16], "texture": "#0"},
				"up": {"uv": [0, 0, 16, 16], "rotation": 180, "texture": "#0"},
				"down": {"uv": [0, 0, 16, 16], "rotation": 180, "texture": "#0"}
			}
		},
		{
			"from": [2.5, 0, 8.5],
			"to": [3.5, 1, 9.5],
			"rotation": {"angle": 0, "axis": "y", "origin": [15.5, 0, 14.5]},
			"faces": {
				"north": {"uv": [0, 0, 1, 1], "texture": "#0"},
				"east": {"uv": [0, 0, 16, 16], "texture": "#0"},
				"south": {"uv": [0, 0, 1, 1], "texture": "#0"},
				"west": {"uv": [0, 0, 16, 16], "texture": "#0"},
				"up": {"uv": [0, 0, 16, 16], "rotation": 180, "texture": "#0"},
				"down": {"uv": [0, 0, 16, 16], "rotation": 180, "texture": "#0"}
			}
		},
		{
			"from": [12.9375, 0, 10.9375],
			"to": [13.0625, 1, 11.0625],
			"rotation": {"angle": 0, "axis": "y", "origin": [15.5, 0, 14.5]},
			"faces": {
				"up": {"uv": [7, 7, 9, 9], "rotation": 180, "texture": "#3"},
				"down": {"uv": [7, 7, 9, 9], "rotation": 180, "texture": "#3"}
			}
		},
		{
			"from": [12.9375, 0, 10.9375],
			"to": [13.0625, 1, 11.0625],
			"rotation": {"angle": 0, "axis": "y", "origin": [15.5, 0, 14.5]},
			"faces": {
				"south": {"uv": [9, 0, 7, 16], "texture": "#4"}
			}
		},
		{
			"from": [12.9375, 0, 10.9375],
			"to": [13.0625, 1, 11.0625],
			"rotation": {"angle": 0, "axis": "y", "origin": [15.5, 0, 14.5]},
			"faces": {
				"west": {"uv": [7, 0, 9, 16], "texture": "#4"}
			}
		},
		{
			"from": [12.9375, 0, 10.9375],
			"to": [13.0625, 1, 11.0625],
			"rotation": {"angle": 0, "axis": "y", "origin": [15.5, 0, 14.5]},
			"faces": {
				"north": {"uv": [7, 0, 9, 16], "texture": "#4"}
			}
		},
		{
			"from": [12.9375, 0, 10.9375],
			"to": [13.0625, 1, 11.0625],
			"rotation": {"angle": 0, "axis": "y", "origin": [15.5, 0, 14.5]},
			"faces": {
				"east": {"uv": [9, 0, 7, 16], "texture": "#4"}
			}
		},
		{
			"from": [12.9375, 0, 8.9375],
			"to": [13.0625, 1, 9.0625],
			"rotation": {"angle": 0, "axis": "y", "origin": [15.5, 0, 14.5]},
			"faces": {
				"up": {"uv": [7, 7, 9, 9], "rotation": 180, "texture": "#5"},
				"down": {"uv": [7, 7, 9, 9], "rotation": 180, "texture": "#5"}
			}
		},
		{
			"from": [12.9375, 0, 8.9375],
			"to": [13.0625, 1, 9.0625],
			"rotation": {"angle": 0, "axis": "y", "origin": [15.5, 0, 14.5]},
			"faces": {
				"south": {"uv": [9, 0, 7, 16], "texture": "#6"}
			}
		},
		{
			"from": [12.9375, 0, 8.9375],
			"to": [13.0625, 1, 9.0625],
			"rotation": {"angle": 0, "axis": "y", "origin": [15.5, 0, 14.5]},
			"faces": {
				"west": {"uv": [7, 0, 9, 16], "texture": "#6"}
			}
		},
		{
			"from": [12.9375, 0, 8.9375],
			"to": [13.0625, 1, 9.0625],
			"rotation": {"angle": 0, "axis": "y", "origin": [15.5, 0, 14.5]},
			"faces": {
				"north": {"uv": [7, 0, 9, 16], "texture": "#6"}
			}
		},
		{
			"from": [12.9375, 0, 8.9375],
			"to": [13.0625, 1, 9.0625],
			"rotation": {"angle": 0, "axis": "y", "origin": [15.5, 0, 14.5]},
			"faces": {
				"east": {"uv": [9, 0, 7, 16], "texture": "#6"}
			}
		},
		{
			"from": [12.9375, 0, 6.9375],
			"to": [13.0625, 1, 7.0625],
			"rotation": {"angle": 0, "axis": "y", "origin": [15.5, 0, 14.5]},
			"faces": {
				"up": {"uv": [7, 7, 9, 9], "rotation": 180, "texture": "#7"},
				"down": {"uv": [7, 7, 9, 9], "rotation": 180, "texture": "#7"}
			}
		},
		{
			"from": [12.9375, 0, 6.9375],
			"to": [13.0625, 1, 7.0625],
			"rotation": {"angle": 0, "axis": "y", "origin": [15.5, 0, 14.5]},
			"faces": {
				"south": {"uv": [9, 0, 7, 16], "texture": "#1"}
			}
		},
		{
			"from": [12.9375, 0, 6.9375],
			"to": [13.0625, 1, 7.0625],
			"rotation": {"angle": 0, "axis": "y", "origin": [15.5, 0, 14.5]},
			"faces": {
				"west": {"uv": [7, 0, 9, 16], "texture": "#1"}
			}
		},
		{
			"from": [12.9375, 0, 6.9375],
			"to": [13.0625, 1, 7.0625],
			"rotation": {"angle": 0, "axis": "y", "origin": [15.5, 0, 14.5]},
			"faces": {
				"north": {"uv": [7, 0, 9, 16], "texture": "#1"}
			}
		},
		{
			"from": [12.9375, 0, 6.9375],
			"to": [13.0625, 1, 7.0625],
			"rotation": {"angle": 0, "axis": "y", "origin": [15.5, 0, 14.5]},
			"faces": {
				"east": {"uv": [9, 0, 7, 16], "texture": "#1"}
			}
		},
		{
			"from": [11.9375, 0, 10.9375],
			"to": [12.0625, 1, 11.0625],
			"rotation": {"angle": 0, "axis": "y", "origin": [15.5, 0, 14.5]},
			"faces": {
				"up": {"uv": [7, 7, 9, 9], "rotation": 180, "texture": "#5"},
				"down": {"uv": [7, 7, 9, 9], "rotation": 180, "texture": "#5"}
			}
		},
		{
			"from": [11.9375, 0, 10.9375],
			"to": [12.0625, 1, 11.0625],
			"rotation": {"angle": 0, "axis": "y", "origin": [15.5, 0, 14.5]},
			"faces": {
				"south": {"uv": [0, 0, 1, 1], "texture": "#6"}
			}
		},
		{
			"from": [11.9375, 0, 10.9375],
			"to": [12.0625, 1, 11.0625],
			"rotation": {"angle": 0, "axis": "y", "origin": [15.5, 0, 14.5]},
			"faces": {
				"west": {"uv": [0, 0, 1, 1], "texture": "#6"}
			}
		},
		{
			"from": [11.9375, 0, 10.9375],
			"to": [12.0625, 1, 11.0625],
			"rotation": {"angle": 0, "axis": "y", "origin": [15.5, 0, 14.5]},
			"faces": {
				"north": {"uv": [0, 0, 1, 1], "texture": "#6"}
			}
		},
		{
			"from": [11.9375, 0, 10.9375],
			"to": [12.0625, 1, 11.0625],
			"rotation": {"angle": 0, "axis": "y", "origin": [15.5, 0, 14.5]},
			"faces": {
				"east": {"uv": [0, 0, 1, 1], "texture": "#6"}
			}
		},
		{
			"from": [11.9375, 0, 9.9375],
			"to": [12.0625, 1, 10.0625],
			"rotation": {"angle": 0, "axis": "y", "origin": [15.5, 0, 14.5]},
			"faces": {
				"up": {"uv": [7, 7, 9, 9], "rotation": 180, "texture": "#5"},
				"down": {"uv": [7, 7, 9, 9], "rotation": 180, "texture": "#5"}
			}
		},
		{
			"from": [11.9375, 0, 9.9375],
			"to": [12.0625, 1, 10.0625],
			"rotation": {"angle": 0, "axis": "y", "origin": [15.5, 0, 14.5]},
			"faces": {
				"south": {"uv": [0, 0, 1, 1], "texture": "#6"}
			}
		},
		{
			"from": [11.9375, 0, 9.9375],
			"to": [12.0625, 1, 10.0625],
			"rotation": {"angle": 0, "axis": "y", "origin": [15.5, 0, 14.5]},
			"faces": {
				"west": {"uv": [0, 0, 1, 1], "texture": "#6"}
			}
		},
		{
			"from": [11.9375, 0, 9.9375],
			"to": [12.0625, 1, 10.0625],
			"rotation": {"angle": 0, "axis": "y", "origin": [15.5, 0, 14.5]},
			"faces": {
				"north": {"uv": [0, 0, 1, 1], "texture": "#6"}
			}
		},
		{
			"from": [11.9375, 0, 9.9375],
			"to": [12.0625, 1, 10.0625],
			"rotation": {"angle": 0, "axis": "y", "origin": [15.5, 0, 14.5]},
			"faces": {
				"east": {"uv": [0, 0, 1, 1], "texture": "#6"}
			}
		},
		{
			"from": [11.9375, 0, 8.9375],
			"to": [12.0625, 1, 9.0625],
			"rotation": {"angle": 0, "axis": "y", "origin": [15.5, 0, 14.5]},
			"faces": {
				"up": {"uv": [7, 7, 9, 9], "rotation": 180, "texture": "#7"},
				"down": {"uv": [7, 7, 9, 9], "rotation": 180, "texture": "#7"}
			}
		},
		{
			"from": [11.9375, 0, 8.9375],
			"to": [12.0625, 1, 9.0625],
			"rotation": {"angle": 0, "axis": "y", "origin": [15.5, 0, 14.5]},
			"faces": {
				"south": {"uv": [0, 0, 1, 1], "texture": "#1"}
			}
		},
		{
			"from": [11.9375, 0, 8.9375],
			"to": [12.0625, 1, 9.0625],
			"rotation": {"angle": 0, "axis": "y", "origin": [15.5, 0, 14.5]},
			"faces": {
				"west": {"uv": [0, 0, 1, 1], "texture": "#1"}
			}
		},
		{
			"from": [11.9375, 0, 8.9375],
			"to": [12.0625, 1, 9.0625],
			"rotation": {"angle": 0, "axis": "y", "origin": [15.5, 0, 14.5]},
			"faces": {
				"north": {"uv": [0, 0, 1, 1], "texture": "#1"}
			}
		},
		{
			"from": [11.9375, 0, 8.9375],
			"to": [12.0625, 1, 9.0625],
			"rotation": {"angle": 0, "axis": "y", "origin": [15.5, 0, 14.5]},
			"faces": {
				"east": {"uv": [0, 0, 1, 1], "texture": "#1"}
			}
		},
		{
			"from": [11.9375, 0, 7.9375],
			"to": [12.0625, 1, 8.0625],
			"rotation": {"angle": 0, "axis": "y", "origin": [15.5, 0, 14.5]},
			"faces": {
				"up": {"uv": [7, 7, 9, 9], "rotation": 180, "texture": "#7"},
				"down": {"uv": [7, 7, 9, 9], "rotation": 180, "texture": "#7"}
			}
		},
		{
			"from": [11.9375, 0, 7.9375],
			"to": [12.0625, 1, 8.0625],
			"rotation": {"angle": 0, "axis": "y", "origin": [15.5, 0, 14.5]},
			"faces": {
				"south": {"uv": [0, 0, 1, 1], "texture": "#1"}
			}
		},
		{
			"from": [11.9375, 0, 7.9375],
			"to": [12.0625, 1, 8.0625],
			"rotation": {"angle": 0, "axis": "y", "origin": [15.5, 0, 14.5]},
			"faces": {
				"west": {"uv": [0, 0, 1, 1], "texture": "#1"}
			}
		},
		{
			"from": [11.9375, 0, 7.9375],
			"to": [12.0625, 1, 8.0625],
			"rotation": {"angle": 0, "axis": "y", "origin": [15.5, 0, 14.5]},
			"faces": {
				"north": {"uv": [0, 0, 1, 1], "texture": "#1"}
			}
		},
		{
			"from": [11.9375, 0, 7.9375],
			"to": [12.0625, 1, 8.0625],
			"rotation": {"angle": 0, "axis": "y", "origin": [15.5, 0, 14.5]},
			"faces": {
				"east": {"uv": [0, 0, 1, 1], "texture": "#1"}
			}
		},
		{
			"from": [11.9375, 0, 6.9375],
			"to": [12.0625, 1, 7.0625],
			"rotation": {"angle": 0, "axis": "y", "origin": [15.5, 0, 14.5]},
			"faces": {
				"up": {"uv": [7, 7, 9, 9], "rotation": 180, "texture": "#5"},
				"down": {"uv": [7, 7, 9, 9], "rotation": 180, "texture": "#5"}
			}
		},
		{
			"from": [11.9375, 0, 6.9375],
			"to": [12.0625, 1, 7.0625],
			"rotation": {"angle": 0, "axis": "y", "origin": [15.5, 0, 14.5]},
			"faces": {
				"south": {"uv": [0, 0, 1, 1], "texture": "#6"}
			}
		},
		{
			"from": [11.9375, 0, 6.9375],
			"to": [12.0625, 1, 7.0625],
			"rotation": {"angle": 0, "axis": "y", "origin": [15.5, 0, 14.5]},
			"faces": {
				"west": {"uv": [0, 0, 1, 1], "texture": "#6"}
			}
		},
		{
			"from": [11.9375, 0, 6.9375],
			"to": [12.0625, 1, 7.0625],
			"rotation": {"angle": 0, "axis": "y", "origin": [15.5, 0, 14.5]},
			"faces": {
				"north": {"uv": [0, 0, 1, 1], "texture": "#6"}
			}
		},
		{
			"from": [11.9375, 0, 6.9375],
			"to": [12.0625, 1, 7.0625],
			"rotation": {"angle": 0, "axis": "y", "origin": [15.5, 0, 14.5]},
			"faces": {
				"east": {"uv": [0, 0, 1, 1], "texture": "#6"}
			}
		},
		{
			"from": [11.9375, 0, 5.9375],
			"to": [12.0625, 1, 6.0625],
			"rotation": {"angle": 0, "axis": "y", "origin": [15.5, 0, 14.5]},
			"faces": {
				"up": {"uv": [7, 7, 9, 9], "rotation": 180, "texture": "#7"},
				"down": {"uv": [7, 7, 9, 9], "rotation": 180, "texture": "#7"}
			}
		},
		{
			"from": [11.9375, 0, 5.9375],
			"to": [12.0625, 1, 6.0625],
			"rotation": {"angle": 0, "axis": "y", "origin": [15.5, 0, 14.5]},
			"faces": {
				"south": {"uv": [0, 0, 1, 1], "texture": "#1"}
			}
		},
		{
			"from": [11.9375, 0, 5.9375],
			"to": [12.0625, 1, 6.0625],
			"rotation": {"angle": 0, "axis": "y", "origin": [15.5, 0, 14.5]},
			"faces": {
				"west": {"uv": [0, 0, 1, 1], "texture": "#1"}
			}
		},
		{
			"from": [11.9375, 0, 5.9375],
			"to": [12.0625, 1, 6.0625],
			"rotation": {"angle": 0, "axis": "y", "origin": [15.5, 0, 14.5]},
			"faces": {
				"north": {"uv": [0, 0, 1, 1], "texture": "#1"}
			}
		},
		{
			"from": [11.9375, 0, 5.9375],
			"to": [12.0625, 1, 6.0625],
			"rotation": {"angle": 0, "axis": "y", "origin": [15.5, 0, 14.5]},
			"faces": {
				"east": {"uv": [0, 0, 1, 1], "texture": "#1"}
			}
		},
		{
			"from": [10.9375, 0, 11.9375],
			"to": [11.0625, 1, 12.0625],
			"rotation": {"angle": 0, "axis": "y", "origin": [15.5, 0, 14.5]},
			"faces": {
				"up": {"uv": [7, 7, 9, 9], "rotation": 180, "texture": "#7"},
				"down": {"uv": [7, 7, 9, 9], "rotation": 180, "texture": "#7"}
			}
		},
		{
			"from": [10.9375, 0, 11.9375],
			"to": [11.0625, 1, 12.0625],
			"rotation": {"angle": 0, "axis": "y", "origin": [15.5, 0, 14.5]},
			"faces": {
				"south": {"uv": [0, 0, 1, 1], "texture": "#1"}
			}
		},
		{
			"from": [10.9375, 0, 11.9375],
			"to": [11.0625, 1, 12.0625],
			"rotation": {"angle": 0, "axis": "y", "origin": [15.5, 0, 14.5]},
			"faces": {
				"west": {"uv": [0, 0, 1, 1], "texture": "#1"}
			}
		},
		{
			"from": [10.9375, 0, 11.9375],
			"to": [11.0625, 1, 12.0625],
			"rotation": {"angle": 0, "axis": "y", "origin": [15.5, 0, 14.5]},
			"faces": {
				"north": {"uv": [0, 0, 1, 1], "texture": "#1"}
			}
		},
		{
			"from": [10.9375, 0, 11.9375],
			"to": [11.0625, 1, 12.0625],
			"rotation": {"angle": 0, "axis": "y", "origin": [15.5, 0, 14.5]},
			"faces": {
				"east": {"uv": [0, 0, 1, 1], "texture": "#1"}
			}
		},
		{
			"from": [10.9375, 0, 10.9375],
			"to": [11.0625, 1, 11.0625],
			"rotation": {"angle": 0, "axis": "y", "origin": [15.5, 0, 14.5]},
			"faces": {
				"up": {"uv": [7, 7, 9, 9], "rotation": 180, "texture": "#5"},
				"down": {"uv": [7, 7, 9, 9], "rotation": 180, "texture": "#5"}
			}
		},
		{
			"from": [10.9375, 0, 10.9375],
			"to": [11.0625, 1, 11.0625],
			"rotation": {"angle": 0, "axis": "y", "origin": [15.5, 0, 14.5]},
			"faces": {
				"south": {"uv": [0, 0, 1, 1], "texture": "#6"}
			}
		},
		{
			"from": [10.9375, 0, 10.9375],
			"to": [11.0625, 1, 11.0625],
			"rotation": {"angle": 0, "axis": "y", "origin": [15.5, 0, 14.5]},
			"faces": {
				"west": {"uv": [0, 0, 1, 1], "texture": "#6"}
			}
		},
		{
			"from": [10.9375, 0, 10.9375],
			"to": [11.0625, 1, 11.0625],
			"rotation": {"angle": 0, "axis": "y", "origin": [15.5, 0, 14.5]},
			"faces": {
				"north": {"uv": [0, 0, 1, 1], "texture": "#6"}
			}
		},
		{
			"from": [10.9375, 0, 10.9375],
			"to": [11.0625, 1, 11.0625],
			"rotation": {"angle": 0, "axis": "y", "origin": [15.5, 0, 14.5]},
			"faces": {
				"east": {"uv": [0, 0, 1, 1], "texture": "#6"}
			}
		},
		{
			"from": [10.9375, 0, 9.9375],
			"to": [11.0625, 1, 10.0625],
			"rotation": {"angle": 0, "axis": "y", "origin": [15.5, 0, 14.5]},
			"faces": {
				"up": {"uv": [7, 7, 9, 9], "rotation": 180, "texture": "#7"},
				"down": {"uv": [7, 7, 9, 9], "rotation": 180, "texture": "#7"}
			}
		},
		{
			"from": [10.9375, 0, 9.9375],
			"to": [11.0625, 1, 10.0625],
			"rotation": {"angle": 0, "axis": "y", "origin": [15.5, 0, 14.5]},
			"faces": {
				"south": {"uv": [0, 0, 1, 1], "texture": "#1"}
			}
		},
		{
			"from": [10.9375, 0, 9.9375],
			"to": [11.0625, 1, 10.0625],
			"rotation": {"angle": 0, "axis": "y", "origin": [15.5, 0, 14.5]},
			"faces": {
				"west": {"uv": [0, 0, 1, 1], "texture": "#1"}
			}
		},
		{
			"from": [10.9375, 0, 9.9375],
			"to": [11.0625, 1, 10.0625],
			"rotation": {"angle": 0, "axis": "y", "origin": [15.5, 0, 14.5]},
			"faces": {
				"north": {"uv": [0, 0, 1, 1], "texture": "#1"}
			}
		},
		{
			"from": [10.9375, 0, 9.9375],
			"to": [11.0625, 1, 10.0625],
			"rotation": {"angle": 0, "axis": "y", "origin": [15.5, 0, 14.5]},
			"faces": {
				"east": {"uv": [0, 0, 1, 1], "texture": "#1"}
			}
		},
		{
			"from": [10.9375, 0, 8.9375],
			"to": [11.0625, 1, 9.0625],
			"rotation": {"angle": 0, "axis": "y", "origin": [15.5, 0, 14.5]},
			"faces": {
				"up": {"uv": [7, 7, 9, 9], "rotation": 180, "texture": "#3"},
				"down": {"uv": [7, 7, 9, 9], "rotation": 180, "texture": "#3"}
			}
		},
		{
			"from": [10.9375, 0, 8.9375],
			"to": [11.0625, 1, 9.0625],
			"rotation": {"angle": 0, "axis": "y", "origin": [15.5, 0, 14.5]},
			"faces": {
				"south": {"uv": [0, 0, 1, 1], "texture": "#4"}
			}
		},
		{
			"from": [10.9375, 0, 8.9375],
			"to": [11.0625, 1, 9.0625],
			"rotation": {"angle": 0, "axis": "y", "origin": [15.5, 0, 14.5]},
			"faces": {
				"west": {"uv": [0, 0, 1, 1], "texture": "#4"}
			}
		},
		{
			"from": [10.9375, 0, 8.9375],
			"to": [11.0625, 1, 9.0625],
			"rotation": {"angle": 0, "axis": "y", "origin": [15.5, 0, 14.5]},
			"faces": {
				"north": {"uv": [0, 0, 1, 1], "texture": "#4"}
			}
		},
		{
			"from": [10.9375, 0, 8.9375],
			"to": [11.0625, 1, 9.0625],
			"rotation": {"angle": 0, "axis": "y", "origin": [15.5, 0, 14.5]},
			"faces": {
				"east": {"uv": [0, 0, 1, 1], "texture": "#4"}
			}
		},
		{
			"from": [10.9375, 0, 6.9375],
			"to": [11.0625, 1, 7.0625],
			"rotation": {"angle": 0, "axis": "y", "origin": [15.5, 0, 14.5]},
			"faces": {
				"up": {"uv": [7, 7, 9, 9], "rotation": 180, "texture": "#3"},
				"down": {"uv": [7, 7, 9, 9], "rotation": 180, "texture": "#3"}
			}
		},
		{
			"from": [10.9375, 0, 6.9375],
			"to": [11.0625, 1, 7.0625],
			"rotation": {"angle": 0, "axis": "y", "origin": [15.5, 0, 14.5]},
			"faces": {
				"south": {"uv": [0, 0, 1, 1], "texture": "#4"}
			}
		},
		{
			"from": [10.9375, 0, 6.9375],
			"to": [11.0625, 1, 7.0625],
			"rotation": {"angle": 0, "axis": "y", "origin": [15.5, 0, 14.5]},
			"faces": {
				"west": {"uv": [0, 0, 1, 1], "texture": "#4"}
			}
		},
		{
			"from": [10.9375, 0, 6.9375],
			"to": [11.0625, 1, 7.0625],
			"rotation": {"angle": 0, "axis": "y", "origin": [15.5, 0, 14.5]},
			"faces": {
				"north": {"uv": [0, 0, 1, 1], "texture": "#4"}
			}
		},
		{
			"from": [10.9375, 0, 6.9375],
			"to": [11.0625, 1, 7.0625],
			"rotation": {"angle": 0, "axis": "y", "origin": [15.5, 0, 14.5]},
			"faces": {
				"east": {"uv": [0, 0, 1, 1], "texture": "#4"}
			}
		},
		{
			"from": [9.9375, 0, 9.9375],
			"to": [10.0625, 1, 10.0625],
			"rotation": {"angle": 0, "axis": "y", "origin": [15.5, 0, 14.5]},
			"faces": {
				"up": {"uv": [7, 7, 9, 9], "rotation": 180, "texture": "#7"},
				"down": {"uv": [7, 7, 9, 9], "rotation": 180, "texture": "#7"}
			}
		},
		{
			"from": [9.9375, 0, 9.9375],
			"to": [10.0625, 1, 10.0625],
			"rotation": {"angle": 0, "axis": "y", "origin": [15.5, 0, 14.5]},
			"faces": {
				"south": {"uv": [0, 0, 1, 1], "texture": "#1"}
			}
		},
		{
			"from": [9.9375, 0, 9.9375],
			"to": [10.0625, 1, 10.0625],
			"rotation": {"angle": 0, "axis": "y", "origin": [15.5, 0, 14.5]},
			"faces": {
				"west": {"uv": [0, 0, 1, 1], "texture": "#1"}
			}
		},
		{
			"from": [9.9375, 0, 9.9375],
			"to": [10.0625, 1, 10.0625],
			"rotation": {"angle": 0, "axis": "y", "origin": [15.5, 0, 14.5]},
			"faces": {
				"north": {"uv": [0, 0, 1, 1], "texture": "#1"}
			}
		},
		{
			"from": [9.9375, 0, 9.9375],
			"to": [10.0625, 1, 10.0625],
			"rotation": {"angle": 0, "axis": "y", "origin": [15.5, 0, 14.5]},
			"faces": {
				"east": {"uv": [0, 0, 1, 1], "texture": "#1"}
			}
		},
		{
			"from": [9.9375, 0, 8.9375],
			"to": [10.0625, 1, 9.0625],
			"rotation": {"angle": 0, "axis": "y", "origin": [15.5, 0, 14.5]},
			"faces": {
				"up": {"uv": [7, 7, 9, 9], "rotation": 180, "texture": "#5"},
				"down": {"uv": [7, 7, 9, 9], "rotation": 180, "texture": "#5"}
			}
		},
		{
			"from": [9.9375, 0, 8.9375],
			"to": [10.0625, 1, 9.0625],
			"rotation": {"angle": 0, "axis": "y", "origin": [15.5, 0, 14.5]},
			"faces": {
				"south": {"uv": [0, 0, 1, 1], "texture": "#6"}
			}
		},
		{
			"from": [9.9375, 0, 8.9375],
			"to": [10.0625, 1, 9.0625],
			"rotation": {"angle": 0, "axis": "y", "origin": [15.5, 0, 14.5]},
			"faces": {
				"west": {"uv": [0, 0, 1, 1], "texture": "#6"}
			}
		},
		{
			"from": [9.9375, 0, 8.9375],
			"to": [10.0625, 1, 9.0625],
			"rotation": {"angle": 0, "axis": "y", "origin": [15.5, 0, 14.5]},
			"faces": {
				"north": {"uv": [0, 0, 1, 1], "texture": "#6"}
			}
		},
		{
			"from": [9.9375, 0, 8.9375],
			"to": [10.0625, 1, 9.0625],
			"rotation": {"angle": 0, "axis": "y", "origin": [15.5, 0, 14.5]},
			"faces": {
				"east": {"uv": [0, 0, 1, 1], "texture": "#6"}
			}
		},
		{
			"from": [9.9375, 0, 7.9375],
			"to": [10.0625, 1, 8.0625],
			"rotation": {"angle": 0, "axis": "y", "origin": [15.5, 0, 14.5]},
			"faces": {
				"up": {"uv": [7, 7, 9, 9], "rotation": 180, "texture": "#3"},
				"down": {"uv": [7, 7, 9, 9], "rotation": 180, "texture": "#3"}
			}
		},
		{
			"from": [9.9375, 0, 7.9375],
			"to": [10.0625, 1, 8.0625],
			"rotation": {"angle": 0, "axis": "y", "origin": [15.5, 0, 14.5]},
			"faces": {
				"south": {"uv": [0, 0, 1, 1], "texture": "#4"}
			}
		},
		{
			"from": [9.9375, 0, 7.9375],
			"to": [10.0625, 1, 8.0625],
			"rotation": {"angle": 0, "axis": "y", "origin": [15.5, 0, 14.5]},
			"faces": {
				"west": {"uv": [0, 0, 1, 1], "texture": "#4"}
			}
		},
		{
			"from": [9.9375, 0, 7.9375],
			"to": [10.0625, 1, 8.0625],
			"rotation": {"angle": 0, "axis": "y", "origin": [15.5, 0, 14.5]},
			"faces": {
				"north": {"uv": [0, 0, 1, 1], "texture": "#4"}
			}
		},
		{
			"from": [9.9375, 0, 7.9375],
			"to": [10.0625, 1, 8.0625],
			"rotation": {"angle": 0, "axis": "y", "origin": [15.5, 0, 14.5]},
			"faces": {
				"east": {"uv": [0, 0, 1, 1], "texture": "#4"}
			}
		},
		{
			"from": [9.9375, 0, 4.9375],
			"to": [10.0625, 1, 5.0625],
			"rotation": {"angle": 0, "axis": "y", "origin": [15.5, 0, 14.5]},
			"faces": {
				"up": {"uv": [7, 7, 9, 9], "rotation": 180, "texture": "#7"},
				"down": {"uv": [7, 7, 9, 9], "rotation": 180, "texture": "#7"}
			}
		},
		{
			"from": [9.9375, 0, 4.9375],
			"to": [10.0625, 1, 5.0625],
			"rotation": {"angle": 0, "axis": "y", "origin": [15.5, 0, 14.5]},
			"faces": {
				"south": {"uv": [0, 0, 1, 1], "texture": "#1"}
			}
		},
		{
			"from": [9.9375, 0, 4.9375],
			"to": [10.0625, 1, 5.0625],
			"rotation": {"angle": 0, "axis": "y", "origin": [15.5, 0, 14.5]},
			"faces": {
				"west": {"uv": [0, 0, 1, 1], "texture": "#1"}
			}
		},
		{
			"from": [9.9375, 0, 4.9375],
			"to": [10.0625, 1, 5.0625],
			"rotation": {"angle": 0, "axis": "y", "origin": [15.5, 0, 14.5]},
			"faces": {
				"north": {"uv": [0, 0, 1, 1], "texture": "#1"}
			}
		},
		{
			"from": [9.9375, 0, 4.9375],
			"to": [10.0625, 1, 5.0625],
			"rotation": {"angle": 0, "axis": "y", "origin": [15.5, 0, 14.5]},
			"faces": {
				"east": {"uv": [0, 0, 1, 1], "texture": "#1"}
			}
		},
		{
			"from": [8.9375, 0, 10.9375],
			"to": [9.0625, 1, 11.0625],
			"rotation": {"angle": 0, "axis": "y", "origin": [15.5, 0, 14.5]},
			"faces": {
				"up": {"uv": [7, 7, 9, 9], "rotation": 180, "texture": "#5"},
				"down": {"uv": [7, 7, 9, 9], "rotation": 180, "texture": "#5"}
			}
		},
		{
			"from": [8.9375, 0, 10.9375],
			"to": [9.0625, 1, 11.0625],
			"rotation": {"angle": 0, "axis": "y", "origin": [15.5, 0, 14.5]},
			"faces": {
				"south": {"uv": [0, 0, 1, 1], "texture": "#6"}
			}
		},
		{
			"from": [8.9375, 0, 10.9375],
			"to": [9.0625, 1, 11.0625],
			"rotation": {"angle": 0, "axis": "y", "origin": [15.5, 0, 14.5]},
			"faces": {
				"west": {"uv": [0, 0, 1, 1], "texture": "#6"}
			}
		},
		{
			"from": [8.9375, 0, 10.9375],
			"to": [9.0625, 1, 11.0625],
			"rotation": {"angle": 0, "axis": "y", "origin": [15.5, 0, 14.5]},
			"faces": {
				"north": {"uv": [0, 0, 1, 1], "texture": "#6"}
			}
		},
		{
			"from": [8.9375, 0, 10.9375],
			"to": [9.0625, 1, 11.0625],
			"rotation": {"angle": 0, "axis": "y", "origin": [15.5, 0, 14.5]},
			"faces": {
				"east": {"uv": [0, 0, 1, 1], "texture": "#6"}
			}
		},
		{
			"from": [8.9375, 0, 9.9375],
			"to": [9.0625, 1, 10.0625],
			"rotation": {"angle": 0, "axis": "y", "origin": [15.5, 0, 14.5]},
			"faces": {
				"up": {"uv": [7, 7, 9, 9], "rotation": 180, "texture": "#3"},
				"down": {"uv": [7, 7, 9, 9], "rotation": 180, "texture": "#3"}
			}
		},
		{
			"from": [8.9375, 0, 9.9375],
			"to": [9.0625, 1, 10.0625],
			"rotation": {"angle": 0, "axis": "y", "origin": [15.5, 0, 14.5]},
			"faces": {
				"south": {"uv": [0, 0, 1, 1], "texture": "#4"}
			}
		},
		{
			"from": [8.9375, 0, 9.9375],
			"to": [9.0625, 1, 10.0625],
			"rotation": {"angle": 0, "axis": "y", "origin": [15.5, 0, 14.5]},
			"faces": {
				"west": {"uv": [0, 0, 1, 1], "texture": "#4"}
			}
		},
		{
			"from": [8.9375, 0, 9.9375],
			"to": [9.0625, 1, 10.0625],
			"rotation": {"angle": 0, "axis": "y", "origin": [15.5, 0, 14.5]},
			"faces": {
				"north": {"uv": [0, 0, 1, 1], "texture": "#4"}
			}
		},
		{
			"from": [8.9375, 0, 9.9375],
			"to": [9.0625, 1, 10.0625],
			"rotation": {"angle": 0, "axis": "y", "origin": [15.5, 0, 14.5]},
			"faces": {
				"east": {"uv": [0, 0, 1, 1], "texture": "#4"}
			}
		},
		{
			"from": [8.9375, 0, 8.9375],
			"to": [9.0625, 1, 9.0625],
			"rotation": {"angle": 0, "axis": "y", "origin": [15.5, 0, 14.5]},
			"faces": {
				"up": {"uv": [7, 7, 9, 9], "rotation": 180, "texture": "#7"},
				"down": {"uv": [7, 7, 9, 9], "rotation": 180, "texture": "#7"}
			}
		},
		{
			"from": [8.9375, 0, 8.9375],
			"to": [9.0625, 1, 9.0625],
			"rotation": {"angle": 0, "axis": "y", "origin": [15.5, 0, 14.5]},
			"faces": {
				"south": {"uv": [0, 0, 1, 1], "texture": "#1"}
			}
		},
		{
			"from": [8.9375, 0, 8.9375],
			"to": [9.0625, 1, 9.0625],
			"rotation": {"angle": 0, "axis": "y", "origin": [15.5, 0, 14.5]},
			"faces": {
				"west": {"uv": [0, 0, 1, 1], "texture": "#1"}
			}
		},
		{
			"from": [8.9375, 0, 8.9375],
			"to": [9.0625, 1, 9.0625],
			"rotation": {"angle": 0, "axis": "y", "origin": [15.5, 0, 14.5]},
			"faces": {
				"north": {"uv": [0, 0, 1, 1], "texture": "#1"}
			}
		},
		{
			"from": [8.9375, 0, 8.9375],
			"to": [9.0625, 1, 9.0625],
			"rotation": {"angle": 0, "axis": "y", "origin": [15.5, 0, 14.5]},
			"faces": {
				"east": {"uv": [0, 0, 1, 1], "texture": "#1"}
			}
		},
		{
			"from": [8.9375, 0, 6.9375],
			"to": [9.0625, 1, 7.0625],
			"rotation": {"angle": 0, "axis": "y", "origin": [15.5, 0, 14.5]},
			"faces": {
				"up": {"uv": [7, 7, 9, 9], "rotation": 180, "texture": "#7"},
				"down": {"uv": [7, 7, 9, 9], "rotation": 180, "texture": "#7"}
			}
		},
		{
			"from": [8.9375, 0, 6.9375],
			"to": [9.0625, 1, 7.0625],
			"rotation": {"angle": 0, "axis": "y", "origin": [15.5, 0, 14.5]},
			"faces": {
				"south": {"uv": [0, 0, 1, 1], "texture": "#1"}
			}
		},
		{
			"from": [8.9375, 0, 6.9375],
			"to": [9.0625, 1, 7.0625],
			"rotation": {"angle": 0, "axis": "y", "origin": [15.5, 0, 14.5]},
			"faces": {
				"west": {"uv": [0, 0, 1, 1], "texture": "#1"}
			}
		},
		{
			"from": [8.9375, 0, 6.9375],
			"to": [9.0625, 1, 7.0625],
			"rotation": {"angle": 0, "axis": "y", "origin": [15.5, 0, 14.5]},
			"faces": {
				"north": {"uv": [0, 0, 1, 1], "texture": "#1"}
			}
		},
		{
			"from": [8.9375, 0, 6.9375],
			"to": [9.0625, 1, 7.0625],
			"rotation": {"angle": 0, "axis": "y", "origin": [15.5, 0, 14.5]},
			"faces": {
				"east": {"uv": [0, 0, 1, 1], "texture": "#1"}
			}
		},
		{
			"from": [8.9375, 0, 4.9375],
			"to": [9.0625, 1, 5.0625],
			"rotation": {"angle": 0, "axis": "y", "origin": [15.5, 0, 14.5]},
			"faces": {
				"up": {"uv": [7, 7, 9, 9], "rotation": 180, "texture": "#5"},
				"down": {"uv": [7, 7, 9, 9], "rotation": 180, "texture": "#5"}
			}
		},
		{
			"from": [8.9375, 0, 4.9375],
			"to": [9.0625, 1, 5.0625],
			"rotation": {"angle": 0, "axis": "y", "origin": [15.5, 0, 14.5]},
			"faces": {
				"south": {"uv": [0, 0, 1, 1], "texture": "#6"}
			}
		},
		{
			"from": [8.9375, 0, 4.9375],
			"to": [9.0625, 1, 5.0625],
			"rotation": {"angle": 0, "axis": "y", "origin": [15.5, 0, 14.5]},
			"faces": {
				"west": {"uv": [0, 0, 1, 1], "texture": "#6"}
			}
		},
		{
			"from": [8.9375, 0, 4.9375],
			"to": [9.0625, 1, 5.0625],
			"rotation": {"angle": 0, "axis": "y", "origin": [15.5, 0, 14.5]},
			"faces": {
				"north": {"uv": [0, 0, 1, 1], "texture": "#6"}
			}
		},
		{
			"from": [8.9375, 0, 4.9375],
			"to": [9.0625, 1, 5.0625],
			"rotation": {"angle": 0, "axis": "y", "origin": [15.5, 0, 14.5]},
			"faces": {
				"east": {"uv": [0, 0, 1, 1], "texture": "#6"}
			}
		},
		{
			"from": [7.9375, 0, 8.9375],
			"to": [8.0625, 1, 9.0625],
			"rotation": {"angle": 0, "axis": "y", "origin": [15.5, 0, 14.5]},
			"faces": {
				"up": {"uv": [7, 7, 9, 9], "rotation": 180, "texture": "#7"},
				"down": {"uv": [7, 7, 9, 9], "rotation": 180, "texture": "#7"}
			}
		},
		{
			"from": [7.9375, 0, 8.9375],
			"to": [8.0625, 1, 9.0625],
			"rotation": {"angle": 0, "axis": "y", "origin": [15.5, 0, 14.5]},
			"faces": {
				"south": {"uv": [0, 0, 1, 1], "texture": "#1"}
			}
		},
		{
			"from": [7.9375, 0, 8.9375],
			"to": [8.0625, 1, 9.0625],
			"rotation": {"angle": 0, "axis": "y", "origin": [15.5, 0, 14.5]},
			"faces": {
				"west": {"uv": [0, 0, 1, 1], "texture": "#1"}
			}
		},
		{
			"from": [7.9375, 0, 8.9375],
			"to": [8.0625, 1, 9.0625],
			"rotation": {"angle": 0, "axis": "y", "origin": [15.5, 0, 14.5]},
			"faces": {
				"north": {"uv": [0, 0, 1, 1], "texture": "#1"}
			}
		},
		{
			"from": [7.9375, 0, 8.9375],
			"to": [8.0625, 1, 9.0625],
			"rotation": {"angle": 0, "axis": "y", "origin": [15.5, 0, 14.5]},
			"faces": {
				"east": {"uv": [0, 0, 1, 1], "texture": "#1"}
			}
		},
		{
			"from": [7.9375, 0, 7.9375],
			"to": [8.0625, 1, 8.0625],
			"rotation": {"angle": 0, "axis": "y", "origin": [15.5, 0, 14.5]},
			"faces": {
				"up": {"uv": [7, 7, 9, 9], "rotation": 180, "texture": "#3"},
				"down": {"uv": [7, 7, 9, 9], "rotation": 180, "texture": "#3"}
			}
		},
		{
			"from": [7.9375, 0, 7.9375],
			"to": [8.0625, 1, 8.0625],
			"rotation": {"angle": 0, "axis": "y", "origin": [15.5, 0, 14.5]},
			"faces": {
				"south": {"uv": [0, 0, 1, 1], "texture": "#4"}
			}
		},
		{
			"from": [7.9375, 0, 7.9375],
			"to": [8.0625, 1, 8.0625],
			"rotation": {"angle": 0, "axis": "y", "origin": [15.5, 0, 14.5]},
			"faces": {
				"west": {"uv": [0, 0, 1, 1], "texture": "#4"}
			}
		},
		{
			"from": [7.9375, 0, 7.9375],
			"to": [8.0625, 1, 8.0625],
			"rotation": {"angle": 0, "axis": "y", "origin": [15.5, 0, 14.5]},
			"faces": {
				"north": {"uv": [0, 0, 1, 1], "texture": "#4"}
			}
		},
		{
			"from": [7.9375, 0, 7.9375],
			"to": [8.0625, 1, 8.0625],
			"rotation": {"angle": 0, "axis": "y", "origin": [15.5, 0, 14.5]},
			"faces": {
				"east": {"uv": [0, 0, 1, 1], "texture": "#4"}
			}
		},
		{
			"from": [7.9375, 0, 6.9375],
			"to": [8.0625, 1, 7.0625],
			"rotation": {"angle": 0, "axis": "y", "origin": [15.5, 0, 14.5]},
			"faces": {
				"up": {"uv": [7, 7, 9, 9], "rotation": 180, "texture": "#5"},
				"down": {"uv": [7, 7, 9, 9], "rotation": 180, "texture": "#5"}
			}
		},
		{
			"from": [7.9375, 0, 6.9375],
			"to": [8.0625, 1, 7.0625],
			"rotation": {"angle": 0, "axis": "y", "origin": [15.5, 0, 14.5]},
			"faces": {
				"south": {"uv": [0, 0, 1, 1], "texture": "#6"}
			}
		},
		{
			"from": [7.9375, 0, 6.9375],
			"to": [8.0625, 1, 7.0625],
			"rotation": {"angle": 0, "axis": "y", "origin": [15.5, 0, 14.5]},
			"faces": {
				"west": {"uv": [0, 0, 1, 1], "texture": "#6"}
			}
		},
		{
			"from": [7.9375, 0, 6.9375],
			"to": [8.0625, 1, 7.0625],
			"rotation": {"angle": 0, "axis": "y", "origin": [15.5, 0, 14.5]},
			"faces": {
				"north": {"uv": [0, 0, 1, 1], "texture": "#6"}
			}
		},
		{
			"from": [7.9375, 0, 6.9375],
			"to": [8.0625, 1, 7.0625],
			"rotation": {"angle": 0, "axis": "y", "origin": [15.5, 0, 14.5]},
			"faces": {
				"east": {"uv": [0, 0, 1, 1], "texture": "#6"}
			}
		},
		{
			"from": [7.9375, 0, 5.9375],
			"to": [8.0625, 1, 6.0625],
			"rotation": {"angle": 0, "axis": "y", "origin": [15.5, 0, 14.5]},
			"faces": {
				"up": {"uv": [7, 7, 9, 9], "rotation": 180, "texture": "#5"},
				"down": {"uv": [7, 7, 9, 9], "rotation": 180, "texture": "#5"}
			}
		},
		{
			"from": [7.9375, 0, 5.9375],
			"to": [8.0625, 1, 6.0625],
			"rotation": {"angle": 0, "axis": "y", "origin": [15.5, 0, 14.5]},
			"faces": {
				"south": {"uv": [0, 0, 1, 1], "texture": "#6"}
			}
		},
		{
			"from": [7.9375, 0, 5.9375],
			"to": [8.0625, 1, 6.0625],
			"rotation": {"angle": 0, "axis": "y", "origin": [15.5, 0, 14.5]},
			"faces": {
				"west": {"uv": [0, 0, 1, 1], "texture": "#6"}
			}
		},
		{
			"from": [7.9375, 0, 5.9375],
			"to": [8.0625, 1, 6.0625],
			"rotation": {"angle": 0, "axis": "y", "origin": [15.5, 0, 14.5]},
			"faces": {
				"north": {"uv": [0, 0, 1, 1], "texture": "#6"}
			}
		},
		{
			"from": [7.9375, 0, 5.9375],
			"to": [8.0625, 1, 6.0625],
			"rotation": {"angle": 0, "axis": "y", "origin": [15.5, 0, 14.5]},
			"faces": {
				"east": {"uv": [0, 0, 1, 1], "texture": "#6"}
			}
		},
		{
			"from": [7.9375, 0, 4.9375],
			"to": [8.0625, 1, 5.0625],
			"rotation": {"angle": 0, "axis": "y", "origin": [15.5, 0, 14.5]},
			"faces": {
				"up": {"uv": [7, 7, 9, 9], "rotation": 180, "texture": "#3"},
				"down": {"uv": [7, 7, 9, 9], "rotation": 180, "texture": "#3"}
			}
		},
		{
			"from": [7.9375, 0, 4.9375],
			"to": [8.0625, 1, 5.0625],
			"rotation": {"angle": 0, "axis": "y", "origin": [15.5, 0, 14.5]},
			"faces": {
				"south": {"uv": [0, 0, 1, 1], "texture": "#4"}
			}
		},
		{
			"from": [7.9375, 0, 4.9375],
			"to": [8.0625, 1, 5.0625],
			"rotation": {"angle": 0, "axis": "y", "origin": [15.5, 0, 14.5]},
			"faces": {
				"west": {"uv": [0, 0, 1, 1], "texture": "#4"}
			}
		},
		{
			"from": [7.9375, 0, 4.9375],
			"to": [8.0625, 1, 5.0625],
			"rotation": {"angle": 0, "axis": "y", "origin": [15.5, 0, 14.5]},
			"faces": {
				"north": {"uv": [0, 0, 1, 1], "texture": "#4"}
			}
		},
		{
			"from": [7.9375, 0, 4.9375],
			"to": [8.0625, 1, 5.0625],
			"rotation": {"angle": 0, "axis": "y", "origin": [15.5, 0, 14.5]},
			"faces": {
				"east": {"uv": [0, 0, 1, 1], "texture": "#4"}
			}
		},
		{
			"from": [7.9375, 0, 3.9375],
			"to": [8.0625, 1, 4.0625],
			"rotation": {"angle": 0, "axis": "y", "origin": [15.5, 0, 14.5]},
			"faces": {
				"up": {"uv": [7, 7, 9, 9], "rotation": 180, "texture": "#7"},
				"down": {"uv": [7, 7, 9, 9], "rotation": 180, "texture": "#7"}
			}
		},
		{
			"from": [7.9375, 0, 3.9375],
			"to": [8.0625, 1, 4.0625],
			"rotation": {"angle": 0, "axis": "y", "origin": [15.5, 0, 14.5]},
			"faces": {
				"south": {"uv": [0, 0, 1, 1], "texture": "#1"}
			}
		},
		{
			"from": [7.9375, 0, 3.9375],
			"to": [8.0625, 1, 4.0625],
			"rotation": {"angle": 0, "axis": "y", "origin": [15.5, 0, 14.5]},
			"faces": {
				"west": {"uv": [0, 0, 1, 1], "texture": "#1"}
			}
		},
		{
			"from": [7.9375, 0, 3.9375],
			"to": [8.0625, 1, 4.0625],
			"rotation": {"angle": 0, "axis": "y", "origin": [15.5, 0, 14.5]},
			"faces": {
				"north": {"uv": [0, 0, 1, 1], "texture": "#1"}
			}
		},
		{
			"from": [7.9375, 0, 3.9375],
			"to": [8.0625, 1, 4.0625],
			"rotation": {"angle": 0, "axis": "y", "origin": [15.5, 0, 14.5]},
			"faces": {
				"east": {"uv": [0, 0, 1, 1], "texture": "#1"}
			}
		},
		{
			"from": [6.9375, 0, 7.9375],
			"to": [7.0625, 1, 8.0625],
			"rotation": {"angle": 0, "axis": "y", "origin": [15.5, 0, 14.5]},
			"faces": {
				"up": {"uv": [7, 7, 9, 9], "rotation": 180, "texture": "#3"},
				"down": {"uv": [7, 7, 9, 9], "rotation": 180, "texture": "#3"}
			}
		},
		{
			"from": [6.9375, 0, 7.9375],
			"to": [7.0625, 1, 8.0625],
			"rotation": {"angle": 0, "axis": "y", "origin": [15.5, 0, 14.5]},
			"faces": {
				"south": {"uv": [0, 0, 1, 1], "texture": "#4"}
			}
		},
		{
			"from": [6.9375, 0, 7.9375],
			"to": [7.0625, 1, 8.0625],
			"rotation": {"angle": 0, "axis": "y", "origin": [15.5, 0, 14.5]},
			"faces": {
				"west": {"uv": [0, 0, 1, 1], "texture": "#4"}
			}
		},
		{
			"from": [6.9375, 0, 7.9375],
			"to": [7.0625, 1, 8.0625],
			"rotation": {"angle": 0, "axis": "y", "origin": [15.5, 0, 14.5]},
			"faces": {
				"north": {"uv": [0, 0, 1, 1], "texture": "#4"}
			}
		},
		{
			"from": [6.9375, 0, 7.9375],
			"to": [7.0625, 1, 8.0625],
			"rotation": {"angle": 0, "axis": "y", "origin": [15.5, 0, 14.5]},
			"faces": {
				"east": {"uv": [0, 0, 1, 1], "texture": "#4"}
			}
		},
		{
			"from": [5.9375, 0, 9.9375],
			"to": [6.0625, 1, 10.0625],
			"rotation": {"angle": 0, "axis": "y", "origin": [15.5, 0, 14.5]},
			"faces": {
				"up": {"uv": [7, 7, 9, 9], "rotation": 180, "texture": "#3"},
				"down": {"uv": [7, 7, 9, 9], "rotation": 180, "texture": "#3"}
			}
		},
		{
			"from": [5.9375, 0, 9.9375],
			"to": [6.0625, 1, 10.0625],
			"rotation": {"angle": 0, "axis": "y", "origin": [15.5, 0, 14.5]},
			"faces": {
				"south": {"uv": [0, 0, 1, 1], "texture": "#4"}
			}
		},
		{
			"from": [5.9375, 0, 9.9375],
			"to": [6.0625, 1, 10.0625],
			"rotation": {"angle": 0, "axis": "y", "origin": [15.5, 0, 14.5]},
			"faces": {
				"west": {"uv": [0, 0, 1, 1], "texture": "#4"}
			}
		},
		{
			"from": [5.9375, 0, 9.9375],
			"to": [6.0625, 1, 10.0625],
			"rotation": {"angle": 0, "axis": "y", "origin": [15.5, 0, 14.5]},
			"faces": {
				"north": {"uv": [0, 0, 1, 1], "texture": "#4"}
			}
		},
		{
			"from": [5.9375, 0, 9.9375],
			"to": [6.0625, 1, 10.0625],
			"rotation": {"angle": 0, "axis": "y", "origin": [15.5, 0, 14.5]},
			"faces": {
				"east": {"uv": [0, 0, 1, 1], "texture": "#4"}
			}
		},
		{
			"from": [5.9375, 0, 7.9375],
			"to": [6.0625, 1, 8.0625],
			"rotation": {"angle": 0, "axis": "y", "origin": [15.5, 0, 14.5]},
			"faces": {
				"up": {"uv": [7, 7, 9, 9], "rotation": 180, "texture": "#7"},
				"down": {"uv": [7, 7, 9, 9], "rotation": 180, "texture": "#7"}
			}
		},
		{
			"from": [5.9375, 0, 7.9375],
			"to": [6.0625, 1, 8.0625],
			"rotation": {"angle": 0, "axis": "y", "origin": [15.5, 0, 14.5]},
			"faces": {
				"south": {"uv": [0, 0, 1, 1], "texture": "#1"}
			}
		},
		{
			"from": [5.9375, 0, 7.9375],
			"to": [6.0625, 1, 8.0625],
			"rotation": {"angle": 0, "axis": "y", "origin": [15.5, 0, 14.5]},
			"faces": {
				"west": {"uv": [0, 0, 1, 1], "texture": "#1"}
			}
		},
		{
			"from": [5.9375, 0, 7.9375],
			"to": [6.0625, 1, 8.0625],
			"rotation": {"angle": 0, "axis": "y", "origin": [15.5, 0, 14.5]},
			"faces": {
				"north": {"uv": [0, 0, 1, 1], "texture": "#1"}
			}
		},
		{
			"from": [5.9375, 0, 7.9375],
			"to": [6.0625, 1, 8.0625],
			"rotation": {"angle": 0, "axis": "y", "origin": [15.5, 0, 14.5]},
			"faces": {
				"east": {"uv": [0, 0, 1, 1], "texture": "#1"}
			}
		},
		{
			"from": [5.9375, 0, 4.9375],
			"to": [6.0625, 1, 5.0625],
			"rotation": {"angle": 0, "axis": "y", "origin": [15.5, 0, 14.5]},
			"faces": {
				"up": {"uv": [7, 7, 9, 9], "rotation": 180, "texture": "#7"},
				"down": {"uv": [7, 7, 9, 9], "rotation": 180, "texture": "#7"}
			}
		},
		{
			"from": [5.9375, 0, 4.9375],
			"to": [6.0625, 1, 5.0625],
			"rotation": {"angle": 0, "axis": "y", "origin": [15.5, 0, 14.5]},
			"faces": {
				"south": {"uv": [0, 0, 1, 1], "texture": "#1"}
			}
		},
		{
			"from": [5.9375, 0, 4.9375],
			"to": [6.0625, 1, 5.0625],
			"rotation": {"angle": 0, "axis": "y", "origin": [15.5, 0, 14.5]},
			"faces": {
				"west": {"uv": [0, 0, 1, 1], "texture": "#1"}
			}
		},
		{
			"from": [5.9375, 0, 4.9375],
			"to": [6.0625, 1, 5.0625],
			"rotation": {"angle": 0, "axis": "y", "origin": [15.5, 0, 14.5]},
			"faces": {
				"north": {"uv": [0, 0, 1, 1], "texture": "#1"}
			}
		},
		{
			"from": [5.9375, 0, 4.9375],
			"to": [6.0625, 1, 5.0625],
			"rotation": {"angle": 0, "axis": "y", "origin": [15.5, 0, 14.5]},
			"faces": {
				"east": {"uv": [0, 0, 1, 1], "texture": "#1"}
			}
		},
		{
			"from": [4.9375, 0, 9.9375],
			"to": [5.0625, 1, 10.0625],
			"rotation": {"angle": 0, "axis": "y", "origin": [15.5, 0, 14.5]},
			"faces": {
				"up": {"uv": [7, 7, 9, 9], "rotation": 180, "texture": "#7"},
				"down": {"uv": [7, 7, 9, 9], "rotation": 180, "texture": "#7"}
			}
		},
		{
			"from": [4.9375, 0, 9.9375],
			"to": [5.0625, 1, 10.0625],
			"rotation": {"angle": 0, "axis": "y", "origin": [15.5, 0, 14.5]},
			"faces": {
				"south": {"uv": [0, 0, 1, 1], "texture": "#1"}
			}
		},
		{
			"from": [4.9375, 0, 9.9375],
			"to": [5.0625, 1, 10.0625],
			"rotation": {"angle": 0, "axis": "y", "origin": [15.5, 0, 14.5]},
			"faces": {
				"west": {"uv": [0, 0, 1, 1], "texture": "#1"}
			}
		},
		{
			"from": [4.9375, 0, 9.9375],
			"to": [5.0625, 1, 10.0625],
			"rotation": {"angle": 0, "axis": "y", "origin": [15.5, 0, 14.5]},
			"faces": {
				"north": {"uv": [0, 0, 1, 1], "texture": "#1"}
			}
		},
		{
			"from": [4.9375, 0, 9.9375],
			"to": [5.0625, 1, 10.0625],
			"rotation": {"angle": 0, "axis": "y", "origin": [15.5, 0, 14.5]},
			"faces": {
				"east": {"uv": [0, 0, 1, 1], "texture": "#1"}
			}
		},
		{
			"from": [4.9375, 0, 7.9375],
			"to": [5.0625, 1, 8.0625],
			"rotation": {"angle": 0, "axis": "y", "origin": [15.5, 0, 14.5]},
			"faces": {
				"up": {"uv": [7, 7, 9, 9], "rotation": 180, "texture": "#7"},
				"down": {"uv": [7, 7, 9, 9], "rotation": 180, "texture": "#7"}
			}
		},
		{
			"from": [4.9375, 0, 7.9375],
			"to": [5.0625, 1, 8.0625],
			"rotation": {"angle": 0, "axis": "y", "origin": [15.5, 0, 14.5]},
			"faces": {
				"south": {"uv": [0, 0, 1, 1], "texture": "#1"}
			}
		},
		{
			"from": [4.9375, 0, 7.9375],
			"to": [5.0625, 1, 8.0625],
			"rotation": {"angle": 0, "axis": "y", "origin": [15.5, 0, 14.5]},
			"faces": {
				"west": {"uv": [0, 0, 1, 1], "texture": "#1"}
			}
		},
		{
			"from": [4.9375, 0, 7.9375],
			"to": [5.0625, 1, 8.0625],
			"rotation": {"angle": 0, "axis": "y", "origin": [15.5, 0, 14.5]},
			"faces": {
				"north": {"uv": [0, 0, 1, 1], "texture": "#1"}
			}
		},
		{
			"from": [4.9375, 0, 7.9375],
			"to": [5.0625, 1, 8.0625],
			"rotation": {"angle": 0, "axis": "y", "origin": [15.5, 0, 14.5]},
			"faces": {
				"east": {"uv": [0, 0, 1, 1], "texture": "#1"}
			}
		},
		{
			"from": [4.9375, 0, 5.9375],
			"to": [5.0625, 1, 6.0625],
			"rotation": {"angle": 0, "axis": "y", "origin": [15.5, 0, 14.5]},
			"faces": {
				"up": {"uv": [7, 7, 9, 9], "rotation": 180, "texture": "#7"},
				"down": {"uv": [7, 7, 9, 9], "rotation": 180, "texture": "#7"}
			}
		},
		{
			"from": [4.9375, 0, 5.9375],
			"to": [5.0625, 1, 6.0625],
			"rotation": {"angle": 0, "axis": "y", "origin": [15.5, 0, 14.5]},
			"faces": {
				"south": {"uv": [0, 0, 1, 1], "texture": "#1"}
			}
		},
		{
			"from": [4.9375, 0, 5.9375],
			"to": [5.0625, 1, 6.0625],
			"rotation": {"angle": 0, "axis": "y", "origin": [15.5, 0, 14.5]},
			"faces": {
				"west": {"uv": [0, 0, 1, 1], "texture": "#1"}
			}
		},
		{
			"from": [4.9375, 0, 5.9375],
			"to": [5.0625, 1, 6.0625],
			"rotation": {"angle": 0, "axis": "y", "origin": [15.5, 0, 14.5]},
			"faces": {
				"north": {"uv": [0, 0, 1, 1], "texture": "#1"}
			}
		},
		{
			"from": [4.9375, 0, 5.9375],
			"to": [5.0625, 1, 6.0625],
			"rotation": {"angle": 0, "axis": "y", "origin": [15.5, 0, 14.5]},
			"faces": {
				"east": {"uv": [0, 0, 1, 1], "texture": "#1"}
			}
		},
		{
			"from": [3.9375, 0, 9.9375],
			"to": [4.0625, 1, 10.0625],
			"rotation": {"angle": 0, "axis": "y", "origin": [15.5, 0, 14.5]},
			"faces": {
				"up": {"uv": [7, 7, 9, 9], "rotation": 180, "texture": "#5"},
				"down": {"uv": [7, 7, 9, 9], "rotation": 180, "texture": "#5"}
			}
		},
		{
			"from": [3.9375, 0, 9.9375],
			"to": [4.0625, 1, 10.0625],
			"rotation": {"angle": 0, "axis": "y", "origin": [15.5, 0, 14.5]},
			"faces": {
				"south": {"uv": [0, 0, 1, 1], "texture": "#6"}
			}
		},
		{
			"from": [3.9375, 0, 9.9375],
			"to": [4.0625, 1, 10.0625],
			"rotation": {"angle": 0, "axis": "y", "origin": [15.5, 0, 14.5]},
			"faces": {
				"west": {"uv": [0, 0, 1, 1], "texture": "#6"}
			}
		},
		{
			"from": [3.9375, 0, 9.9375],
			"to": [4.0625, 1, 10.0625],
			"rotation": {"angle": 0, "axis": "y", "origin": [15.5, 0, 14.5]},
			"faces": {
				"north": {"uv": [0, 0, 1, 1], "texture": "#6"}
			}
		},
		{
			"from": [3.9375, 0, 9.9375],
			"to": [4.0625, 1, 10.0625],
			"rotation": {"angle": 0, "axis": "y", "origin": [15.5, 0, 14.5]},
			"faces": {
				"east": {"uv": [0, 0, 1, 1], "texture": "#6"}
			}
		},
		{
			"from": [3.9375, 0, 5.9375],
			"to": [4.0625, 1, 6.0625],
			"rotation": {"angle": 0, "axis": "y", "origin": [15.5, 0, 14.5]},
			"faces": {
				"up": {"uv": [7, 7, 9, 9], "rotation": 180, "texture": "#5"},
				"down": {"uv": [7, 7, 9, 9], "rotation": 180, "texture": "#5"}
			}
		},
		{
			"from": [3.9375, 0, 5.9375],
			"to": [4.0625, 1, 6.0625],
			"rotation": {"angle": 0, "axis": "y", "origin": [15.5, 0, 14.5]},
			"faces": {
				"south": {"uv": [0, 0, 1, 1], "texture": "#6"}
			}
		},
		{
			"from": [3.9375, 0, 5.9375],
			"to": [4.0625, 1, 6.0625],
			"rotation": {"angle": 0, "axis": "y", "origin": [15.5, 0, 14.5]},
			"faces": {
				"west": {"uv": [0, 0, 1, 1], "texture": "#6"}
			}
		},
		{
			"from": [3.9375, 0, 5.9375],
			"to": [4.0625, 1, 6.0625],
			"rotation": {"angle": 0, "axis": "y", "origin": [15.5, 0, 14.5]},
			"faces": {
				"north": {"uv": [0, 0, 1, 1], "texture": "#6"}
			}
		},
		{
			"from": [3.9375, 0, 5.9375],
			"to": [4.0625, 1, 6.0625],
			"rotation": {"angle": 0, "axis": "y", "origin": [15.5, 0, 14.5]},
			"faces": {
				"east": {"uv": [0, 0, 1, 1], "texture": "#6"}
			}
		},
		{
			"from": [2.9375, 0, 7.9375],
			"to": [3.0625, 1, 8.0625],
			"rotation": {"angle": 0, "axis": "y", "origin": [15.5, 0, 14.5]},
			"faces": {
				"up": {"uv": [7, 7, 9, 9], "rotation": 180, "texture": "#3"},
				"down": {"uv": [7, 7, 9, 9], "rotation": 180, "texture": "#3"}
			}
		},
		{
			"from": [2.9375, 0, 7.9375],
			"to": [3.0625, 1, 8.0625],
			"rotation": {"angle": 0, "axis": "y", "origin": [15.5, 0, 14.5]},
			"faces": {
				"south": {"uv": [0, 0, 1, 1], "texture": "#4"}
			}
		},
		{
			"from": [2.9375, 0, 7.9375],
			"to": [3.0625, 1, 8.0625],
			"rotation": {"angle": 0, "axis": "y", "origin": [15.5, 0, 14.5]},
			"faces": {
				"west": {"uv": [0, 0, 1, 1], "texture": "#4"}
			}
		},
		{
			"from": [2.9375, 0, 7.9375],
			"to": [3.0625, 1, 8.0625],
			"rotation": {"angle": 0, "axis": "y", "origin": [15.5, 0, 14.5]},
			"faces": {
				"north": {"uv": [0, 0, 1, 1], "texture": "#4"}
			}
		},
		{
			"from": [2.9375, 0, 7.9375],
			"to": [3.0625, 1, 8.0625],
			"rotation": {"angle": 0, "axis": "y", "origin": [15.5, 0, 14.5]},
			"faces": {
				"east": {"uv": [0, 0, 1, 1], "texture": "#4"}
			}
		},
		{
			"from": [2.9375, 0, 6.9375],
			"to": [3.0625, 1, 7.0625],
			"rotation": {"angle": 0, "axis": "y", "origin": [15.5, 0, 14.5]},
			"faces": {
				"up": {"uv": [7, 7, 9, 9], "rotation": 180, "texture": "#7"},
				"down": {"uv": [7, 7, 9, 9], "rotation": 180, "texture": "#7"}
			}
		},
		{
			"from": [2.9375, 0, 6.9375],
			"to": [3.0625, 1, 7.0625],
			"rotation": {"angle": 0, "axis": "y", "origin": [15.5, 0, 14.5]},
			"faces": {
				"south": {"uv": [0, 0, 1, 1], "texture": "#1"}
			}
		},
		{
			"from": [2.9375, 0, 6.9375],
			"to": [3.0625, 1, 7.0625],
			"rotation": {"angle": 0, "axis": "y", "origin": [15.5, 0, 14.5]},
			"faces": {
				"west": {"uv": [0, 0, 1, 1], "texture": "#1"}
			}
		},
		{
			"from": [2.9375, 0, 6.9375],
			"to": [3.0625, 1, 7.0625],
			"rotation": {"angle": 0, "axis": "y", "origin": [15.5, 0, 14.5]},
			"faces": {
				"north": {"uv": [0, 0, 1, 1], "texture": "#1"}
			}
		},
		{
			"from": [2.9375, 0, 6.9375],
			"to": [3.0625, 1, 7.0625],
			"rotation": {"angle": 0, "axis": "y", "origin": [15.5, 0, 14.5]},
			"faces": {
				"east": {"uv": [0, 0, 1, 1], "texture": "#1"}
			}
		}
	]
}