{
	"credit": "Made by Tcathebluecreper",
	"textures": {
		"0": "block/blue_stained_glass",
		"1": "block/cyan_stained_glass",
		"3": "block/light_blue_stained_glass_pane_top",
		"4": "block/light_blue_stained_glass",
		"5": "block/white_stained_glass_pane_top",
		"6": "block/white_stained_glass",
		"7": "block/blue_stained_glass_pane_top"
	},
	"elements": [
		{
			"from": [13, 0, 11.5],
			"to": [14, 1, 12.5],
			"rotation": {"angle": 0, "axis": "y", "origin": [16, 0, 13.5]},
			"faces": {
				"north": {"uv": [0, 0, 1, 1], "texture": "#0"},
				"east": {"uv": [0, 0, 1, 1], "texture": "#0"},
				"south": {"uv": [0, 0, 1, 1], "texture": "#0"},
				"west": {"uv": [0, 0, 1, 1], "texture": "#0"},
				"up": {"uv": [0, 0, 16, 16], "rotation": 180, "texture": "#0"},
				"down": {"uv": [0, 0, 16, 16], "rotation": 180, "texture": "#0"}
			}
		},
		{
			"from": [13, 0, 7.5],
			"to": [14, 1, 8.5],
			"rotation": {"angle": 0, "axis": "y", "origin": [16, 0, 13.5]},
			"faces": {
				"east": {"uv": [0, 0, 1, 1], "texture": "#0"},
				"south": {"uv": [0, 0, 1, 1], "texture": "#0"},
				"west": {"uv": [0, 0, 1, 1], "texture": "#0"},
				"up": {"uv": [0, 0, 16, 16], "rotation": 180, "texture": "#0"},
				"down": {"uv": [0, 0, 16, 16], "rotation": 180, "texture": "#0"}
			}
		},
		{
			"from": [13, 0, 6.5],
			"to": [14, 1, 7.5],
			"rotation": {"angle": 0, "axis": "y", "origin": [16, 0, 13.5]},
			"faces": {
				"east": {"uv": [0, 0, 1, 1], "texture": "#0"},
				"west": {"uv": [0, 0, 1, 1], "texture": "#0"},
				"up": {"uv": [0, 0, 16, 16], "rotation": 180, "texture": "#0"},
				"down": {"uv": [0, 0, 16, 16], "rotation": 180, "texture": "#0"}
			}
		},
		{
			"from": [13, 0, 5.5],
			"to": [14, 1, 6.5],
			"rotation": {"angle": 0, "axis": "y", "origin": [16, 0, 13.5]},
			"faces": {
				"north": {"uv": [0, 0, 16, 16], "texture": "#0"},
				"east": {"uv": [0, 0, 1, 1], "texture": "#0"},
				"west": {"uv": [0, 0, 1, 1], "texture": "#0"},
				"up": {"uv": [0, 0, 16, 16], "rotation": 180, "texture": "#0"},
				"down": {"uv": [0, 0, 16, 16], "rotation": 180, "texture": "#0"}
			}
		},
		{
			"from": [12, 0, 11.5],
			"to": [13, 1, 12.5],
			"rotation": {"angle": 0, "axis": "y", "origin": [16, 0, 13.5]},
			"faces": {
				"north": {"uv": [0, 0, 16, 16], "texture": "#1"},
				"east": {"uv": [0, 0, 1, 1], "texture": "#1"},
				"south": {"uv": [0, 0, 1, 1], "texture": "#1"},
				"west": {"uv": [0, 0, 1, 1], "texture": "#1"},
				"up": {"uv": [0, 0, 16, 16], "rotation": 180, "texture": "#1"},
				"down": {"uv": [0, 0, 16, 16], "rotation": 180, "texture": "#1"}
			}
		},
		{
			"from": [12, 0, 9.5],
			"to": [13, 1, 10.5],
			"rotation": {"angle": 0, "axis": "y", "origin": [16, 0, 13.5]},
			"faces": {
				"east": {"uv": [0, 0, 1, 1], "texture": "#0"},
				"south": {"uv": [0, 0, 1, 1], "texture": "#0"},
				"west": {"uv": [0, 0, 1, 1], "texture": "#0"},
				"up": {"uv": [0, 0, 16, 16], "rotation": 180, "texture": "#0"},
				"down": {"uv": [0, 0, 16, 16], "rotation": 180, "texture": "#0"}
			}
		},
		{
			"from": [12, 0, 8.5],
			"to": [13, 1, 9.5],
			"rotation": {"angle": 0, "axis": "y", "origin": [16, 0, 13.5]},
			"faces": {
				"north": {"uv": [0, 0, 1, 1], "texture": "#0"},
				"east": {"uv": [0, 0, 1, 1], "texture": "#0"},
				"up": {"uv": [0, 0, 16, 16], "rotation": 180, "texture": "#0"},
				"down": {"uv": [0, 0, 16, 16], "rotation": 180, "texture": "#0"}
			}
		},
		{
			"from": [11, 0, 10.5],
			"to": [12, 1, 11.5],
			"rotation": {"angle": 0, "axis": "y", "origin": [16, 0, 13.5]},
			"faces": {
				"north": {"uv": [0, 0, 1, 1], "texture": "#0"},
				"east": {"uv": [0, 0, 1, 1], "texture": "#0"},
				"south": {"uv": [0, 0, 1, 1], "texture": "#0"},
				"west": {"uv": [0, 0, 1, 1], "texture": "#0"},
				"up": {"uv": [0, 0, 16, 16], "rotation": 180, "texture": "#0"},
				"down": {"uv": [0, 0, 16, 16], "rotation": 180, "texture": "#0"}
			}
		},
		{
			"from": [11, 0, 8.5],
			"to": [12, 1, 9.5],
			"rotation": {"angle": 0, "axis": "y", "origin": [16, 0, 13.5]},
			"faces": {
				"north": {"uv": [0, 0, 1, 1], "texture": "#0"},
				"south": {"uv": [0, 0, 1, 1], "texture": "#0"},
				"west": {"uv": [0, 0, 1, 1], "texture": "#0"},
				"up": {"uv": [0, 0, 16, 16], "rotation": 180, "texture": "#0"},
				"down": {"uv": [0, 0, 16, 16], "rotation": 180, "texture": "#0"}
			}
		},
		{
			"from": [11, 0, 4.5],
			"to": [12, 1, 5.5],
			"rotation": {"angle": 0, "axis": "y", "origin": [16, 0, 13.5]},
			"faces": {
				"north": {"uv": [0, 0, 16, 16], "texture": "#1"},
				"east": {"uv": [0, 0, 1, 1], "texture": "#1"},
				"south": {"uv": [0, 0, 1, 1], "texture": "#1"},
				"west": {"uv": [0, 0, 1, 1], "texture": "#1"},
				"up": {"uv": [0, 0, 16, 16], "rotation": 180, "texture": "#1"},
				"down": {"uv": [0, 0, 16, 16], "rotation": 180, "texture": "#1"}
			}
		},
		{
			"from": [10, 0, 7.5],
			"to": [11, 1, 8.5],
			"rotation": {"angle": 0, "axis": "y", "origin": [16, 0, 13.5]},
			"faces": {
				"north": {"uv": [0, 0, 1, 1], "texture": "#0"},
				"east": {"uv": [0, 0, 1, 1], "texture": "#0"},
				"south": {"uv": [0, 0, 1, 1], "texture": "#0"},
				"west": {"uv": [0, 0, 1, 1], "texture": "#0"},
				"up": {"uv": [0, 0, 16, 16], "rotation": 180, "texture": "#0"},
				"down": {"uv": [0, 0, 16, 16], "rotation": 180, "texture": "#0"}
			}
		},
		{
			"from": [10, 0, 5.5],
			"to": [11, 1, 6.5],
			"rotation": {"angle": 0, "axis": "y", "origin": [16, 0, 13.5]},
			"faces": {
				"north": {"uv": [0, 0, 1, 1], "texture": "#0"},
				"east": {"uv": [0, 0, 1, 1], "texture": "#0"},
				"south": {"uv": [0, 0, 1, 1], "texture": "#0"},
				"west": {"uv": [0, 0, 1, 1], "texture": "#0"},
				"up": {"uv": [0, 0, 16, 16], "rotation": 180, "texture": "#0"},
				"down": {"uv": [0, 0, 16, 16], "rotation": 180, "texture": "#0"}
			}
		},
		{
			"from": [9, 0, 11.5],
			"to": [10, 1, 12.5],
			"rotation": {"angle": 0, "axis": "y", "origin": [16, 0, 13.5]},
			"faces": {
				"north": {"uv": [0, 0, 1, 1], "texture": "#0"},
				"east": {"uv": [0, 0, 1, 1], "texture": "#0"},
				"south": {"uv": [0, 0, 1, 1], "texture": "#0"},
				"west": {"uv": [0, 0, 1, 1], "texture": "#0"},
				"up": {"uv": [0, 0, 16, 16], "rotation": 180, "texture": "#0"},
				"down": {"uv": [0, 0, 16, 16], "rotation": 180, "texture": "#0"}
			}
		},
		{
			"from": [9, 0, 9.5],
			"to": [10, 1, 10.5],
			"rotation": {"angle": 0, "axis": "y", "origin": [16, 0, 13.5]},
			"faces": {
				"north": {"uv": [0, 0, 1, 1], "texture": "#0"},
				"east": {"uv": [0, 0, 1, 1], "texture": "#0"},
				"south": {"uv": [0, 0, 1, 1], "texture": "#0"},
				"west": {"uv": [0, 0, 1, 1], "texture": "#0"},
				"up": {"uv": [0, 0, 16, 16], "rotation": 180, "texture": "#0"},
				"down": {"uv": [0, 0, 16, 16], "rotation": 180, "texture": "#0"}
			}
		},
		{
			"from": [9, 0, 7.5],
			"to": [10, 1, 8.5],
			"rotation": {"angle": 0, "axis": "y", "origin": [16, 0, 13.5]},
			"faces": {
				"north": {"uv": [0, 0, 16, 16], "texture": "#1"},
				"east": {"uv": [0, 0, 1, 1], "texture": "#1"},
				"south": {"uv": [0, 0, 1, 1], "texture": "#1"},
				"west": {"uv": [0, 0, 1, 1], "texture": "#1"},
				"up": {"uv": [0, 0, 16, 16], "rotation": 180, "texture": "#1"},
				"down": {"uv": [0, 0, 16, 16], "rotation": 180, "texture": "#1"}
			}
		},
		{
			"from": [9, 0, 4.5],
			"to": [10, 1, 5.5],
			"rotation": {"angle": 0, "axis": "y", "origin": [16, 0, 13.5]},
			"faces": {
				"north": {"uv": [0, 0, 16, 16], "texture": "#1"},
				"east": {"uv": [0, 0, 1, 1], "texture": "#1"},
				"south": {"uv": [0, 0, 1, 1], "texture": "#1"},
				"west": {"uv": [0, 0, 1, 1], "texture": "#1"},
				"up": {"uv": [0, 0, 16, 16], "rotation": 180, "texture": "#1"},
				"down": {"uv": [0, 0, 16, 16], "rotation": 180, "texture": "#1"}
			}
		},
		{
			"from": [8, 0, 9.5],
			"to": [9, 1, 10.5],
			"rotation": {"angle": 0, "axis": "y", "origin": [16, 0, 13.5]},
			"faces": {
				"east": {"uv": [0, 0, 1, 1], "texture": "#1"},
				"south": {"uv": [0, 0, 1, 1], "texture": "#1"},
				"west": {"uv": [0, 0, 1, 1], "texture": "#1"},
				"up": {"uv": [0, 0, 16, 16], "rotation": 180, "texture": "#1"},
				"down": {"uv": [0, 0, 16, 16], "rotation": 180, "texture": "#1"}
			}
		},
		{
			"from": [8, 0, 8.5],
			"to": [9, 1, 9.5],
			"rotation": {"angle": 0, "axis": "y", "origin": [16, 0, 13.5]},
			"faces": {
				"north": {"uv": [0, 0, 16, 16], "texture": "#1"},
				"east": {"uv": [0, 0, 1, 1], "texture": "#1"},
				"west": {"uv": [0, 0, 1, 1], "texture": "#1"},
				"up": {"uv": [0, 0, 16, 16], "rotation": 180, "texture": "#1"},
				"down": {"uv": [0, 0, 16, 16], "rotation": 180, "texture": "#1"}
			}
		},
		{
			"from": [8, 0, 7.5],
			"to": [9, 1, 8.5],
			"rotation": {"angle": 0, "axis": "y", "origin": [16, 0, 13.5]},
			"faces": {
				"east": {"uv": [0, 0, 16, 16], "texture": "#0"},
				"south": {"uv": [0, 0, 1, 1], "texture": "#0"},
				"up": {"uv": [0, 0, 16, 16], "rotation": 180, "texture": "#0"},
				"down": {"uv": [0, 0, 16, 16], "rotation": 180, "texture": "#0"}
			}
		},
		{
			"from": [8, 0, 6.5],
			"to": [9, 1, 7.5],
			"rotation": {"angle": 0, "axis": "y", "origin": [16, 0, 13.5]},
			"faces": {
				"north": {"uv": [0, 0, 1, 1], "texture": "#0"},
				"east": {"uv": [0, 0, 1, 1], "texture": "#0"},
				"west": {"uv": [0, 0, 1, 1], "texture": "#0"},
				"up": {"uv": [0, 0, 16, 16], "rotation": 180, "texture": "#0"},
				"down": {"uv": [0, 0, 16, 16], "rotation": 180, "texture": "#0"}
			}
		},
		{
			"from": [7, 0, 8.5],
			"to": [8, 1, 9.5],
			"rotation": {"angle": 0, "axis": "y", "origin": [16, 0, 13.5]},
			"faces": {
				"east": {"uv": [0, 0, 1, 1], "texture": "#0"},
				"south": {"uv": [0, 0, 1, 1], "texture": "#0"},
				"west": {"uv": [0, 0, 1, 1], "texture": "#0"},
				"up": {"uv": [0, 0, 16, 16], "rotation": 180, "texture": "#0"},
				"down": {"uv": [0, 0, 16, 16], "rotation": 180, "texture": "#0"}
			}
		},
		{
			"from": [7, 0, 7.5],
			"to": [8, 1, 8.5],
			"rotation": {"angle": 0, "axis": "y", "origin": [16, 0, 13.5]},
			"faces": {
				"north": {"uv": [0, 0, 1, 1], "texture": "#0"},
				"west": {"uv": [0, 0, 1, 1], "texture": "#0"},
				"up": {"uv": [0, 0, 16, 16], "rotation": 180, "texture": "#0"},
				"down": {"uv": [0, 0, 16, 16], "rotation": 180, "texture": "#0"}
			}
		},
		{
			"from": [7, 0, 6.5],
			"to": [8, 1, 7.5],
			"rotation": {"angle": 0, "axis": "y", "origin": [16, 0, 13.5]},
			"faces": {
				"north": {"uv": [0, 0, 16, 16], "texture": "#1"},
				"east": {"uv": [0, 0, 1, 1], "texture": "#1"},
				"south": {"uv": [0, 0, 1, 1], "texture": "#1"},
				"west": {"uv": [0, 0, 1, 1], "texture": "#1"},
				"up": {"uv": [0, 0, 16, 16], "rotation": 180, "texture": "#1"},
				"down": {"uv": [0, 0, 16, 16], "rotation": 180, "texture": "#1"}
			}
		},
		{
			"from": [7, 0, 5.5],
			"to": [8, 1, 6.5],
			"rotation": {"angle": 0, "axis": "y", "origin": [16, 0, 13.5]},
			"faces": {
				"north": {"uv": [0, 0, 1, 1], "texture": "#0"},
				"east": {"uv": [0, 0, 1, 1], "texture": "#0"},
				"south": {"uv": [0, 0, 1, 1], "texture": "#0"},
				"west": {"uv": [0, 0, 1, 1], "texture": "#0"},
				"up": {"uv": [0, 0, 16, 16], "rotation": 180, "texture": "#0"},
				"down": {"uv": [0, 0, 16, 16], "rotation": 180, "texture": "#0"}
			}
		},
		{
			"from": [6, 0, 2.5],
			"to": [7, 1, 3.5],
			"rotation": {"angle": 0, "axis": "y", "origin": [16, 0, 13.5]},
			"faces": {
				"north": {"uv": [0, 0, 16, 16], "texture": "#1"},
				"east": {"uv": [0, 0, 1, 1], "texture": "#1"},
				"south": {"uv": [0, 0, 1, 1], "texture": "#1"},
				"west": {"uv": [0, 0, 1, 1], "texture": "#1"},
				"up": {"uv": [0, 0, 16, 16], "rotation": 180, "texture": "#1"},
				"down": {"uv": [0, 0, 16, 16], "rotation": 180, "texture": "#1"}
			}
		},
		{
			"from": [5, 0, 7.5],
			"to": [6, 1, 8.5],
			"rotation": {"angle": 0, "axis": "y", "origin": [16, 0, 13.5]},
			"faces": {
				"north": {"uv": [0, 0, 16, 16], "texture": "#1"},
				"east": {"uv": [0, 0, 1, 1], "texture": "#1"},
				"south": {"uv": [0, 0, 1, 1], "texture": "#1"},
				"west": {"uv": [0, 0, 1, 1], "texture": "#1"},
				"up": {"uv": [0, 0, 16, 16], "rotation": 180, "texture": "#1"},
				"down": {"uv": [0, 0, 16, 16], "rotation": 180, "texture": "#1"}
			}
		},
		{
			"from": [5, 0, 4.5],
			"to": [6, 1, 5.5],
			"rotation": {"angle": 0, "axis": "y", "origin": [16, 0, 13.5]},
			"faces": {
				"north": {"uv": [0, 0, 1, 1], "texture": "#0"},
				"east": {"uv": [0, 0, 1, 1], "texture": "#0"},
				"south": {"uv": [0, 0, 1, 1], "texture": "#0"},
				"west": {"uv": [0, 0, 1, 1], "texture": "#0"},
				"up": {"uv": [0, 0, 16, 16], "rotation": 180, "texture": "#0"},
				"down": {"uv": [0, 0, 16, 16], "rotation": 180, "texture": "#0"}
			}
		},
		{
			"from": [5, 0, 3.5],
			"to": [6, 1, 4.5],
			"rotation": {"angle": 0, "axis": "y", "origin": [16, 0, 13.5]},
			"faces": {
				"north": {"uv": [0, 0, 16, 16], "texture": "#1"},
				"east": {"uv": [0, 0, 1, 1], "texture": "#1"},
				"south": {"uv": [0, 0, 1, 1], "texture": "#1"},
				"west": {"uv": [0, 0, 1, 1], "texture": "#1"},
				"up": {"uv": [0, 0, 16, 16], "rotation": 180, "texture": "#1"},
				"down": {"uv": [0, 0, 16, 16], "rotation": 180, "texture": "#1"}
			}
		},
		{
			"from": [4, 0, 8.5],
			"to": [5, 1, 9.5],
			"rotation": {"angle": 0, "axis": "y", "origin": [16, 0, 13.5]},
			"faces": {
				"north": {"uv": [0, 0, 16, 16], "texture": "#1"},
				"east": {"uv": [0, 0, 1, 1], "texture": "#1"},
				"south": {"uv": [0, 0, 1, 1], "texture": "#1"},
				"west": {"uv": [0, 0, 1, 1], "texture": "#1"},
				"up": {"uv": [0, 0, 16, 16], "rotation": 180, "texture": "#1"},
				"down": {"uv": [0, 0, 16, 16], "rotation": 180, "texture": "#1"}
			}
		},
		{
			"from": [3, 0, 9.5],
			"to": [4, 1, 10.5],
			"rotation": {"angle": 0, "axis": "y", "origin": [16, 0, 13.5]},
			"faces": {
				"east": {"uv": [0, 0, 1, 1], "texture": "#0"},
				"south": {"uv": [0, 0, 1, 1], "texture": "#0"},
				"west": {"uv": [0, 0, 1, 1], "texture": "#0"},
				"up": {"uv": [0, 0, 16, 16], "rotation": 180, "texture": "#0"},
				"down": {"uv": [0, 0, 16, 16], "rotation": 180, "texture": "#0"}
			}
		},
		{
			"from": [3, 0, 8.5],
			"to": [4, 1, 9.5],
			"rotation": {"angle": 0, "axis": "y", "origin": [16, 0, 13.5]},
			"faces": {
				"north": {"uv": [0, 0, 16, 16], "texture": "#0"},
				"east": {"uv": [0, 0, 1, 1], "texture": "#0"},
				"west": {"uv": [0, 0, 1, 1], "texture": "#0"},
				"up": {"uv": [0, 0, 16, 16], "rotation": 180, "texture": "#0"},
				"down": {"uv": [0, 0, 16, 16], "rotation": 180, "texture": "#0"}
			}
		},
		{
			"from": [3, 0, 7.5],
			"to": [4, 1, 8.5],
			"rotation": {"angle": 0, "axis": "y", "origin": [16, 0, 13.5]},
			"faces": {
				"east": {"uv": [0, 0, 1, 1], "texture": "#1"},
				"south": {"uv": [0, 0, 1, 1], "texture": "#1"},
				"west": {"uv": [0, 0, 1, 1], "texture": "#1"},
				"up": {"uv": [0, 0, 16, 16], "rotation": 180, "texture": "#1"},
				"down": {"uv": [0, 0, 16, 16], "rotation": 180, "texture": "#1"}
			}
		},
		{
			"from": [3, 0, 6.5],
			"to": [4, 1, 7.5],
			"rotation": {"angle": 0, "axis": "y", "origin": [16, 0, 13.5]},
			"faces": {
				"east": {"uv": [0, 0, 1, 1], "texture": "#1"},
				"west": {"uv": [0, 0, 1, 1], "texture": "#1"},
				"up": {"uv": [0, 0, 16, 16], "rotation": 180, "texture": "#1"},
				"down": {"uv": [0, 0, 16, 16], "rotation": 180, "texture": "#1"}
			}
		},
		{
			"from": [3, 0, 5.5],
			"to": [4, 1, 6.5],
			"rotation": {"angle": 0, "axis": "y", "origin": [16, 0, 13.5]},
			"faces": {
				"north": {"uv": [0, 0, 16, 16], "texture": "#1"},
				"east": {"uv": [0, 0, 1, 1], "texture": "#1"},
				"west": {"uv": [0, 0, 1, 1], "texture": "#1"},
				"up": {"uv": [0, 0, 16, 16], "rotation": 180, "texture": "#1"},
				"down": {"uv": [0, 0, 16, 16], "rotation": 180, "texture": "#1"}
			}
		},
		{
			"from": [2, 0, 6.5],
			"to": [3, 1, 7.5],
			"rotation": {"angle": 0, "axis": "y", "origin": [16, 0, 13.5]},
			"faces": {
				"north": {"uv": [0, 0, 1, 1], "texture": "#0"},
				"east": {"uv": [0, 0, 1, 1], "texture": "#0"},
				"south": {"uv": [0, 0, 1, 1], "texture": "#0"},
				"west": {"uv": [0, 0, 1, 1], "texture": "#0"},
				"up": {"uv": [0, 0, 16, 16], "rotation": 180, "texture": "#0"},
				"down": {"uv": [0, 0, 16, 16], "rotation": 180, "texture": "#0"}
			}
		},
		{
			"from": [13.4375, 0, 10.9375],
			"to": [13.5625, 1, 11.0625],
			"rotation": {"angle": 0, "axis": "y", "origin": [16, 0, 13.5]},
			"faces": {
				"up": {"uv": [7, 7, 9, 9], "rotation": 180, "texture": "#3"},
				"down": {"uv": [7, 7, 9, 9], "rotation": 180, "texture": "#3"}
			}
		},
		{
			"from": [13.4375, 0, 10.9375],
			"to": [13.5625, 1, 11.0625],
			"rotation": {"angle": 0, "axis": "y", "origin": [16, 0, 13.5]},
			"faces": {
				"south": {"uv": [9, 0, 7, 16], "texture": "#4"}
			}
		},
		{
			"from": [13.4375, 0, 10.9375],
			"to": [13.5625, 1, 11.0625],
			"rotation": {"angle": 0, "axis": "y", "origin": [16, 0, 13.5]},
			"faces": {
				"west": {"uv": [7, 0, 9, 16], "texture": "#4"}
			}
		},
		{
			"from": [13.4375, 0, 10.9375],
			"to": [13.5625, 1, 11.0625],
			"rotation": {"angle": 0, "axis": "y", "origin": [16, 0, 13.5]},
			"faces": {
				"north": {"uv": [7, 0, 9, 16], "texture": "#4"}
			}
		},
		{
			"from": [13.4375, 0, 10.9375],
			"to": [13.5625, 1, 11.0625],
			"rotation": {"angle": 0, "axis": "y", "origin": [16, 0, 13.5]},
			"faces": {
				"east": {"uv": [9, 0, 7, 16], "texture": "#4"}
			}
		},
		{
			"from": [13.4375, 0, 9.9375],
			"to": [13.5625, 1, 10.0625],
			"rotation": {"angle": 0, "axis": "y", "origin": [16, 0, 13.5]},
			"faces": {
				"up": {"uv": [7, 7, 9, 9], "rotation": 180, "texture": "#3"},
				"down": {"uv": [7, 7, 9, 9], "rotation": 180, "texture": "#3"}
			}
		},
		{
			"from": [13.4375, 0, 9.9375],
			"to": [13.5625, 1, 10.0625],
			"rotation": {"angle": 0, "axis": "y", "origin": [16, 0, 13.5]},
			"faces": {
				"south": {"uv": [0, 0, 1, 1], "texture": "#4"}
			}
		},
		{
			"from": [13.4375, 0, 9.9375],
			"to": [13.5625, 1, 10.0625],
			"rotation": {"angle": 0, "axis": "y", "origin": [16, 0, 13.5]},
			"faces": {
				"west": {"uv": [0, 0, 1, 1], "texture": "#4"}
			}
		},
		{
			"from": [13.4375, 0, 9.9375],
			"to": [13.5625, 1, 10.0625],
			"rotation": {"angle": 0, "axis": "y", "origin": [16, 0, 13.5]},
			"faces": {
				"north": {"uv": [0, 0, 1, 1], "texture": "#4"}
			}
		},
		{
			"from": [13.4375, 0, 9.9375],
			"to": [13.5625, 1, 10.0625],
			"rotation": {"angle": 0, "axis": "y", "origin": [16, 0, 13.5]},
			"faces": {
				"east": {"uv": [0, 0, 1, 1], "texture": "#4"}
			}
		},
		{
			"from": [12.4375, 0, 12.9375],
			"to": [12.5625, 1, 13.0625],
			"rotation": {"angle": 0, "axis": "y", "origin": [16, 0, 13.5]},
			"faces": {
				"up": {"uv": [7, 7, 9, 9], "rotation": 180, "texture": "#3"},
				"down": {"uv": [7, 7, 9, 9], "rotation": 180, "texture": "#3"}
			}
		},
		{
			"from": [12.4375, 0, 12.9375],
			"to": [12.5625, 1, 13.0625],
			"rotation": {"angle": 0, "axis": "y", "origin": [16, 0, 13.5]},
			"faces": {
				"south": {"uv": [0, 0, 1, 1], "texture": "#4"}
			}
		},
		{
			"from": [12.4375, 0, 12.9375],
			"to": [12.5625, 1, 13.0625],
			"rotation": {"angle": 0, "axis": "y", "origin": [16, 0, 13.5]},
			"faces": {
				"west": {"uv": [0, 0, 1, 1], "texture": "#4"}
			}
		},
		{
			"from": [12.4375, 0, 12.9375],
			"to": [12.5625, 1, 13.0625],
			"rotation": {"angle": 0, "axis": "y", "origin": [16, 0, 13.5]},
			"faces": {
				"north": {"uv": [0, 0, 1, 1], "texture": "#4"}
			}
		},
		{
			"from": [12.4375, 0, 12.9375],
			"to": [12.5625, 1, 13.0625],
			"rotation": {"angle": 0, "axis": "y", "origin": [16, 0, 13.5]},
			"faces": {
				"east": {"uv": [0, 0, 1, 1], "texture": "#4"}
			}
		},
		{
			"from": [12.4375, 0, 10.9375],
			"to": [12.5625, 1, 11.0625],
			"rotation": {"angle": 0, "axis": "y", "origin": [16, 0, 13.5]},
			"faces": {
				"up": {"uv": [7, 7, 9, 9], "rotation": 180, "texture": "#5"},
				"down": {"uv": [7, 7, 9, 9], "rotation": 180, "texture": "#5"}
			}
		},
		{
			"from": [12.4375, 0, 10.9375],
			"to": [12.5625, 1, 11.0625],
			"rotation": {"angle": 0, "axis": "y", "origin": [16, 0, 13.5]},
			"faces": {
				"south": {"uv": [9, 0, 7, 16], "texture": "#6"}
			}
		},
		{
			"from": [12.4375, 0, 10.9375],
			"to": [12.5625, 1, 11.0625],
			"rotation": {"angle": 0, "axis": "y", "origin": [16, 0, 13.5]},
			"faces": {
				"west": {"uv": [7, 0, 9, 16], "texture": "#6"}
			}
		},
		{
			"from": [12.4375, 0, 10.9375],
			"to": [12.5625, 1, 11.0625],
			"rotation": {"angle": 0, "axis": "y", "origin": [16, 0, 13.5]},
			"faces": {
				"north": {"uv": [7, 0, 9, 16], "texture": "#6"}
			}
		},
		{
			"from": [12.4375, 0, 10.9375],
			"to": [12.5625, 1, 11.0625],
			"rotation": {"angle": 0, "axis": "y", "origin": [16, 0, 13.5]},
			"faces": {
				"east": {"uv": [9, 0, 7, 16], "texture": "#6"}
			}
		},
		{
			"from": [12.4375, 0, 7.9375],
			"to": [12.5625, 1, 8.0625],
			"rotation": {"angle": 0, "axis": "y", "origin": [16, 0, 13.5]},
			"faces": {
				"up": {"uv": [7, 7, 9, 9], "rotation": 180, "texture": "#7"},
				"down": {"uv": [7, 7, 9, 9], "rotation": 180, "texture": "#7"}
			}
		},
		{
			"from": [12.4375, 0, 7.9375],
			"to": [12.5625, 1, 8.0625],
			"rotation": {"angle": 0, "axis": "y", "origin": [16, 0, 13.5]},
			"faces": {
				"south": {"uv": [9, 0, 7, 16], "texture": "#0"}
			}
		},
		{
			"from": [12.4375, 0, 7.9375],
			"to": [12.5625, 1, 8.0625],
			"rotation": {"angle": 0, "axis": "y", "origin": [16, 0, 13.5]},
			"faces": {
				"west": {"uv": [7, 0, 9, 16], "texture": "#0"}
			}
		},
		{
			"from": [12.4375, 0, 7.9375],
			"to": [12.5625, 1, 8.0625],
			"rotation": {"angle": 0, "axis": "y", "origin": [16, 0, 13.5]},
			"faces": {
				"north": {"uv": [7, 0, 9, 16], "texture": "#0"}
			}
		},
		{
			"from": [12.4375, 0, 7.9375],
			"to": [12.5625, 1, 8.0625],
			"rotation": {"angle": 0, "axis": "y", "origin": [16, 0, 13.5]},
			"faces": {
				"east": {"uv": [9, 0, 7, 16], "texture": "#0"}
			}
		},
		{
			"from": [12.4375, 0, 6.9375],
			"to": [12.5625, 1, 7.0625],
			"rotation": {"angle": 0, "axis": "y", "origin": [16, 0, 13.5]},
			"faces": {
				"up": {"uv": [7, 7, 9, 9], "rotation": 180, "texture": "#7"},
				"down": {"uv": [7, 7, 9, 9], "rotation": 180, "texture": "#7"}
			}
		},
		{
			"from": [12.4375, 0, 6.9375],
			"to": [12.5625, 1, 7.0625],
			"rotation": {"angle": 0, "axis": "y", "origin": [16, 0, 13.5]},
			"faces": {
				"south": {"uv": [0, 0, 1, 1], "texture": "#0"}
			}
		},
		{
			"from": [12.4375, 0, 6.9375],
			"to": [12.5625, 1, 7.0625],
			"rotation": {"angle": 0, "axis": "y", "origin": [16, 0, 13.5]},
			"faces": {
				"west": {"uv": [0, 0, 1, 1], "texture": "#0"}
			}
		},
		{
			"from": [12.4375, 0, 6.9375],
			"to": [12.5625, 1, 7.0625],
			"rotation": {"angle": 0, "axis": "y", "origin": [16, 0, 13.5]},
			"faces": {
				"north": {"uv": [0, 0, 1, 1], "texture": "#0"}
			}
		},
		{
			"from": [12.4375, 0, 6.9375],
			"to": [12.5625, 1, 7.0625],
			"rotation": {"angle": 0, "axis": "y", "origin": [16, 0, 13.5]},
			"faces": {
				"east": {"uv": [0, 0, 1, 1], "texture": "#0"}
			}
		},
		{
			"from": [12.4375, 0, 5.9375],
			"to": [12.5625, 1, 6.0625],
			"rotation": {"angle": 0, "axis": "y", "origin": [16, 0, 13.5]},
			"faces": {
				"up": {"uv": [7, 7, 9, 9], "rotation": 180, "texture": "#3"},
				"down": {"uv": [7, 7, 9, 9], "rotation": 180, "texture": "#3"}
			}
		},
		{
			"from": [12.4375, 0, 5.9375],
			"to": [12.5625, 1, 6.0625],
			"rotation": {"angle": 0, "axis": "y", "origin": [16, 0, 13.5]},
			"faces": {
				"south": {"uv": [0, 0, 1, 1], "texture": "#4"}
			}
		},
		{
			"from": [12.4375, 0, 5.9375],
			"to": [12.5625, 1, 6.0625],
			"rotation": {"angle": 0, "axis": "y", "origin": [16, 0, 13.5]},
			"faces": {
				"west": {"uv": [0, 0, 1, 1], "texture": "#4"}
			}
		},
		{
			"from": [12.4375, 0, 5.9375],
			"to": [12.5625, 1, 6.0625],
			"rotation": {"angle": 0, "axis": "y", "origin": [16, 0, 13.5]},
			"faces": {
				"north": {"uv": [0, 0, 1, 1], "texture": "#4"}
			}
		},
		{
			"from": [12.4375, 0, 5.9375],
			"to": [12.5625, 1, 6.0625],
			"rotation": {"angle": 0, "axis": "y", "origin": [16, 0, 13.5]},
			"faces": {
				"east": {"uv": [0, 0, 1, 1], "texture": "#4"}
			}
		},
		{
			"from": [12.4375, 0, 4.9375],
			"to": [12.5625, 1, 5.0625],
			"rotation": {"angle": 0, "axis": "y", "origin": [16, 0, 13.5]},
			"faces": {
				"up": {"uv": [7, 7, 9, 9], "rotation": 180, "texture": "#5"},
				"down": {"uv": [7, 7, 9, 9], "rotation": 180, "texture": "#5"}
			}
		},
		{
			"from": [12.4375, 0, 4.9375],
			"to": [12.5625, 1, 5.0625],
			"rotation": {"angle": 0, "axis": "y", "origin": [16, 0, 13.5]},
			"faces": {
				"south": {"uv": [0, 0, 1, 1], "texture": "#6"}
			}
		},
		{
			"from": [12.4375, 0, 4.9375],
			"to": [12.5625, 1, 5.0625],
			"rotation": {"angle": 0, "axis": "y", "origin": [16, 0, 13.5]},
			"faces": {
				"west": {"uv": [0, 0, 1, 1], "texture": "#6"}
			}
		},
		{
			"from": [12.4375, 0, 4.9375],
			"to": [12.5625, 1, 5.0625],
			"rotation": {"angle": 0, "axis": "y", "origin": [16, 0, 13.5]},
			"faces": {
				"north": {"uv": [0, 0, 1, 1], "texture": "#6"}
			}
		},
		{
			"from": [12.4375, 0, 4.9375],
			"to": [12.5625, 1, 5.0625],
			"rotation": {"angle": 0, "axis": "y", "origin": [16, 0, 13.5]},
			"faces": {
				"east": {"uv": [0, 0, 1, 1], "texture": "#6"}
			}
		},
		{
			"from": [11.4375, 0, 12.9375],
			"to": [11.5625, 1, 13.0625],
			"rotation": {"angle": 0, "axis": "y", "origin": [16, 0, 13.5]},
			"faces": {
				"up": {"uv": [7, 7, 9, 9], "rotation": 180, "texture": "#7"},
				"down": {"uv": [7, 7, 9, 9], "rotation": 180, "texture": "#7"}
			}
		},
		{
			"from": [11.4375, 0, 12.9375],
			"to": [11.5625, 1, 13.0625],
			"rotation": {"angle": 0, "axis": "y", "origin": [16, 0, 13.5]},
			"faces": {
				"south": {"uv": [0, 0, 1, 1], "texture": "#0"}
			}
		},
		{
			"from": [11.4375, 0, 12.9375],
			"to": [11.5625, 1, 13.0625],
			"rotation": {"angle": 0, "axis": "y", "origin": [16, 0, 13.5]},
			"faces": {
				"west": {"uv": [0, 0, 1, 1], "texture": "#0"}
			}
		},
		{
			"from": [11.4375, 0, 12.9375],
			"to": [11.5625, 1, 13.0625],
			"rotation": {"angle": 0, "axis": "y", "origin": [16, 0, 13.5]},
			"faces": {
				"north": {"uv": [0, 0, 1, 1], "texture": "#0"}
			}
		},
		{
			"from": [11.4375, 0, 12.9375],
			"to": [11.5625, 1, 13.0625],
			"rotation": {"angle": 0, "axis": "y", "origin": [16, 0, 13.5]},
			"faces": {
				"east": {"uv": [0, 0, 1, 1], "texture": "#0"}
			}
		},
		{
			"from": [11.4375, 0, 11.9375],
			"to": [11.5625, 1, 12.0625],
			"rotation": {"angle": 0, "axis": "y", "origin": [16, 0, 13.5]},
			"faces": {
				"up": {"uv": [7, 7, 9, 9], "rotation": 180, "texture": "#3"},
				"down": {"uv": [7, 7, 9, 9], "rotation": 180, "texture": "#3"}
			}
		},
		{
			"from": [11.4375, 0, 11.9375],
			"to": [11.5625, 1, 12.0625],
			"rotation": {"angle": 0, "axis": "y", "origin": [16, 0, 13.5]},
			"faces": {
				"south": {"uv": [0, 0, 1, 1], "texture": "#4"}
			}
		},
		{
			"from": [11.4375, 0, 11.9375],
			"to": [11.5625, 1, 12.0625],
			"rotation": {"angle": 0, "axis": "y", "origin": [16, 0, 13.5]},
			"faces": {
				"west": {"uv": [0, 0, 1, 1], "texture": "#4"}
			}
		},
		{
			"from": [11.4375, 0, 11.9375],
			"to": [11.5625, 1, 12.0625],
			"rotation": {"angle": 0, "axis": "y", "origin": [16, 0, 13.5]},
			"faces": {
				"north": {"uv": [0, 0, 1, 1], "texture": "#4"}
			}
		},
		{
			"from": [11.4375, 0, 11.9375],
			"to": [11.5625, 1, 12.0625],
			"rotation": {"angle": 0, "axis": "y", "origin": [16, 0, 13.5]},
			"faces": {
				"east": {"uv": [0, 0, 1, 1], "texture": "#4"}
			}
		},
		{
			"from": [11.4375, 0, 9.9375],
			"to": [11.5625, 1, 10.0625],
			"rotation": {"angle": 0, "axis": "y", "origin": [16, 0, 13.5]},
			"faces": {
				"up": {"uv": [7, 7, 9, 9], "rotation": 180, "texture": "#3"},
				"down": {"uv": [7, 7, 9, 9], "rotation": 180, "texture": "#3"}
			}
		},
		{
			"from": [11.4375, 0, 9.9375],
			"to": [11.5625, 1, 10.0625],
			"rotation": {"angle": 0, "axis": "y", "origin": [16, 0, 13.5]},
			"faces": {
				"south": {"uv": [0, 0, 1, 1], "texture": "#4"}
			}
		},
		{
			"from": [11.4375, 0, 9.9375],
			"to": [11.5625, 1, 10.0625],
			"rotation": {"angle": 0, "axis": "y", "origin": [16, 0, 13.5]},
			"faces": {
				"west": {"uv": [0, 0, 1, 1], "texture": "#4"}
			}
		},
		{
			"from": [11.4375, 0, 9.9375],
			"to": [11.5625, 1, 10.0625],
			"rotation": {"angle": 0, "axis": "y", "origin": [16, 0, 13.5]},
			"faces": {
				"north": {"uv": [0, 0, 1, 1], "texture": "#4"}
			}
		},
		{
			"from": [11.4375, 0, 9.9375],
			"to": [11.5625, 1, 10.0625],
			"rotation": {"angle": 0, "axis": "y", "origin": [16, 0, 13.5]},
			"faces": {
				"east": {"uv": [0, 0, 1, 1], "texture": "#4"}
			}
		},
		{
			"from": [11.4375, 0, 7.9375],
			"to": [11.5625, 1, 8.0625],
			"rotation": {"angle": 0, "axis": "y", "origin": [16, 0, 13.5]},
			"faces": {
				"up": {"uv": [7, 7, 9, 9], "rotation": 180, "texture": "#3"},
				"down": {"uv": [7, 7, 9, 9], "rotation": 180, "texture": "#3"}
			}
		},
		{
			"from": [11.4375, 0, 7.9375],
			"to": [11.5625, 1, 8.0625],
			"rotation": {"angle": 0, "axis": "y", "origin": [16, 0, 13.5]},
			"faces": {
				"south": {"uv": [0, 0, 1, 1], "texture": "#4"}
			}
		},
		{
			"from": [11.4375, 0, 7.9375],
			"to": [11.5625, 1, 8.0625],
			"rotation": {"angle": 0, "axis": "y", "origin": [16, 0, 13.5]},
			"faces": {
				"west": {"uv": [0, 0, 1, 1], "texture": "#4"}
			}
		},
		{
			"from": [11.4375, 0, 7.9375],
			"to": [11.5625, 1, 8.0625],
			"rotation": {"angle": 0, "axis": "y", "origin": [16, 0, 13.5]},
			"faces": {
				"north": {"uv": [0, 0, 1, 1], "texture": "#4"}
			}
		},
		{
			"from": [11.4375, 0, 7.9375],
			"to": [11.5625, 1, 8.0625],
			"rotation": {"angle": 0, "axis": "y", "origin": [16, 0, 13.5]},
			"faces": {
				"east": {"uv": [0, 0, 1, 1], "texture": "#4"}
			}
		},
		{
			"from": [11.4375, 0, 6.9375],
			"to": [11.5625, 1, 7.0625],
			"rotation": {"angle": 0, "axis": "y", "origin": [16, 0, 13.5]},
			"faces": {
				"up": {"uv": [7, 7, 9, 9], "rotation": 180, "texture": "#5"},
				"down": {"uv": [7, 7, 9, 9], "rotation": 180, "texture": "#5"}
			}
		},
		{
			"from": [11.4375, 0, 6.9375],
			"to": [11.5625, 1, 7.0625],
			"rotation": {"angle": 0, "axis": "y", "origin": [16, 0, 13.5]},
			"faces": {
				"south": {"uv": [0, 0, 1, 1], "texture": "#6"}
			}
		},
		{
			"from": [11.4375, 0, 6.9375],
			"to": [11.5625, 1, 7.0625],
			"rotation": {"angle": 0, "axis": "y", "origin": [16, 0, 13.5]},
			"faces": {
				"west": {"uv": [0, 0, 1, 1], "texture": "#6"}
			}
		},
		{
			"from": [11.4375, 0, 6.9375],
			"to": [11.5625, 1, 7.0625],
			"rotation": {"angle": 0, "axis": "y", "origin": [16, 0, 13.5]},
			"faces": {
				"north": {"uv": [0, 0, 1, 1], "texture": "#6"}
			}
		},
		{
			"from": [11.4375, 0, 6.9375],
			"to": [11.5625, 1, 7.0625],
			"rotation": {"angle": 0, "axis": "y", "origin": [16, 0, 13.5]},
			"faces": {
				"east": {"uv": [0, 0, 1, 1], "texture": "#6"}
			}
		},
		{
			"from": [11.4375, 0, 5.9375],
			"to": [11.5625, 1, 6.0625],
			"rotation": {"angle": 0, "axis": "y", "origin": [16, 0, 13.5]},
			"faces": {
				"up": {"uv": [7, 7, 9, 9], "rotation": 180, "texture": "#3"},
				"down": {"uv": [7, 7, 9, 9], "rotation": 180, "texture": "#3"}
			}
		},
		{
			"from": [11.4375, 0, 5.9375],
			"to": [11.5625, 1, 6.0625],
			"rotation": {"angle": 0, "axis": "y", "origin": [16, 0, 13.5]},
			"faces": {
				"south": {"uv": [0, 0, 1, 1], "texture": "#4"}
			}
		},
		{
			"from": [11.4375, 0, 5.9375],
			"to": [11.5625, 1, 6.0625],
			"rotation": {"angle": 0, "axis": "y", "origin": [16, 0, 13.5]},
			"faces": {
				"west": {"uv": [0, 0, 1, 1], "texture": "#4"}
			}
		},
		{
			"from": [11.4375, 0, 5.9375],
			"to": [11.5625, 1, 6.0625],
			"rotation": {"angle": 0, "axis": "y", "origin": [16, 0, 13.5]},
			"faces": {
				"north": {"uv": [0, 0, 1, 1], "texture": "#4"}
			}
		},
		{
			"from": [11.4375, 0, 5.9375],
			"to": [11.5625, 1, 6.0625],
			"rotation": {"angle": 0, "axis": "y", "origin": [16, 0, 13.5]},
			"faces": {
				"east": {"uv": [0, 0, 1, 1], "texture": "#4"}
			}
		},
		{
			"from": [10.4375, 0, 12.9375],
			"to": [10.5625, 1, 13.0625],
			"rotation": {"angle": 0, "axis": "y", "origin": [16, 0, 13.5]},
			"faces": {
				"up": {"uv": [7, 7, 9, 9], "rotation": 180, "texture": "#5"},
				"down": {"uv": [7, 7, 9, 9], "rotation": 180, "texture": "#5"}
			}
		},
		{
			"from": [10.4375, 0, 12.9375],
			"to": [10.5625, 1, 13.0625],
			"rotation": {"angle": 0, "axis": "y", "origin": [16, 0, 13.5]},
			"faces": {
				"south": {"uv": [0, 0, 1, 1], "texture": "#6"}
			}
		},
		{
			"from": [10.4375, 0, 12.9375],
			"to": [10.5625, 1, 13.0625],
			"rotation": {"angle": 0, "axis": "y", "origin": [16, 0, 13.5]},
			"faces": {
				"west": {"uv": [0, 0, 1, 1], "texture": "#6"}
			}
		},
		{
			"from": [10.4375, 0, 12.9375],
			"to": [10.5625, 1, 13.0625],
			"rotation": {"angle": 0, "axis": "y", "origin": [16, 0, 13.5]},
			"faces": {
				"north": {"uv": [0, 0, 1, 1], "texture": "#6"}
			}
		},
		{
			"from": [10.4375, 0, 12.9375],
			"to": [10.5625, 1, 13.0625],
			"rotation": {"angle": 0, "axis": "y", "origin": [16, 0, 13.5]},
			"faces": {
				"east": {"uv": [0, 0, 1, 1], "texture": "#6"}
			}
		},
		{
			"from": [10.4375, 0, 11.9375],
			"to": [10.5625, 1, 12.0625],
			"rotation": {"angle": 0, "axis": "y", "origin": [16, 0, 13.5]},
			"faces": {
				"up": {"uv": [7, 7, 9, 9], "rotation": 180, "texture": "#7"},
				"down": {"uv": [7, 7, 9, 9], "rotation": 180, "texture": "#7"}
			}
		},
		{
			"from": [10.4375, 0, 11.9375],
			"to": [10.5625, 1, 12.0625],
			"rotation": {"angle": 0, "axis": "y", "origin": [16, 0, 13.5]},
			"faces": {
				"south": {"uv": [0, 0, 1, 1], "texture": "#0"}
			}
		},
		{
			"from": [10.4375, 0, 11.9375],
			"to": [10.5625, 1, 12.0625],
			"rotation": {"angle": 0, "axis": "y", "origin": [16, 0, 13.5]},
			"faces": {
				"west": {"uv": [0, 0, 1, 1], "texture": "#0"}
			}
		},
		{
			"from": [10.4375, 0, 11.9375],
			"to": [10.5625, 1, 12.0625],
			"rotation": {"angle": 0, "axis": "y", "origin": [16, 0, 13.5]},
			"faces": {
				"north": {"uv": [0, 0, 1, 1], "texture": "#0"}
			}
		},
		{
			"from": [10.4375, 0, 11.9375],
			"to": [10.5625, 1, 12.0625],
			"rotation": {"angle": 0, "axis": "y", "origin": [16, 0, 13.5]},
			"faces": {
				"east": {"uv": [0, 0, 1, 1], "texture": "#0"}
			}
		},
		{
			"from": [10.4375, 0, 10.9375],
			"to": [10.5625, 1, 11.0625],
			"rotation": {"angle": 0, "axis": "y", "origin": [16, 0, 13.5]},
			"faces": {
				"up": {"uv": [7, 7, 9, 9], "rotation": 180, "texture": "#7"},
				"down": {"uv": [7, 7, 9, 9], "rotation": 180, "texture": "#7"}
			}
		},
		{
			"from": [10.4375, 0, 10.9375],
			"to": [10.5625, 1, 11.0625],
			"rotation": {"angle": 0, "axis": "y", "origin": [16, 0, 13.5]},
			"faces": {
				"south": {"uv": [0, 0, 1, 1], "texture": "#0"}
			}
		},
		{
			"from": [10.4375, 0, 10.9375],
			"to": [10.5625, 1, 11.0625],
			"rotation": {"angle": 0, "axis": "y", "origin": [16, 0, 13.5]},
			"faces": {
				"west": {"uv": [0, 0, 1, 1], "texture": "#0"}
			}
		},
		{
			"from": [10.4375, 0, 10.9375],
			"to": [10.5625, 1, 11.0625],
			"rotation": {"angle": 0, "axis": "y", "origin": [16, 0, 13.5]},
			"faces": {
				"north": {"uv": [0, 0, 1, 1], "texture": "#0"}
			}
		},
		{
			"from": [10.4375, 0, 10.9375],
			"to": [10.5625, 1, 11.0625],
			"rotation": {"angle": 0, "axis": "y", "origin": [16, 0, 13.5]},
			"faces": {
				"east": {"uv": [0, 0, 1, 1], "texture": "#0"}
			}
		},
		{
			"from": [10.4375, 0, 9.9375],
			"to": [10.5625, 1, 10.0625],
			"rotation": {"angle": 0, "axis": "y", "origin": [16, 0, 13.5]},
			"faces": {
				"up": {"uv": [7, 7, 9, 9], "rotation": 180, "texture": "#7"},
				"down": {"uv": [7, 7, 9, 9], "rotation": 180, "texture": "#7"}
			}
		},
		{
			"from": [10.4375, 0, 9.9375],
			"to": [10.5625, 1, 10.0625],
			"rotation": {"angle": 0, "axis": "y", "origin": [16, 0, 13.5]},
			"faces": {
				"south": {"uv": [0, 0, 1, 1], "texture": "#0"}
			}
		},
		{
			"from": [10.4375, 0, 9.9375],
			"to": [10.5625, 1, 10.0625],
			"rotation": {"angle": 0, "axis": "y", "origin": [16, 0, 13.5]},
			"faces": {
				"west": {"uv": [0, 0, 1, 1], "texture": "#0"}
			}
		},
		{
			"from": [10.4375, 0, 9.9375],
			"to": [10.5625, 1, 10.0625],
			"rotation": {"angle": 0, "axis": "y", "origin": [16, 0, 13.5]},
			"faces": {
				"north": {"uv": [0, 0, 1, 1], "texture": "#0"}
			}
		},
		{
			"from": [10.4375, 0, 9.9375],
			"to": [10.5625, 1, 10.0625],
			"rotation": {"angle": 0, "axis": "y", "origin": [16, 0, 13.5]},
			"faces": {
				"east": {"uv": [0, 0, 1, 1], "texture": "#0"}
			}
		},
		{
			"from": [10.4375, 0, 8.9375],
			"to": [10.5625, 1, 9.0625],
			"rotation": {"angle": 0, "axis": "y", "origin": [16, 0, 13.5]},
			"faces": {
				"up": {"uv": [7, 7, 9, 9], "rotation": 180, "texture": "#5"},
				"down": {"uv": [7, 7, 9, 9], "rotation": 180, "texture": "#5"}
			}
		},
		{
			"from": [10.4375, 0, 8.9375],
			"to": [10.5625, 1, 9.0625],
			"rotation": {"angle": 0, "axis": "y", "origin": [16, 0, 13.5]},
			"faces": {
				"south": {"uv": [0, 0, 1, 1], "texture": "#6"}
			}
		},
		{
			"from": [10.4375, 0, 8.9375],
			"to": [10.5625, 1, 9.0625],
			"rotation": {"angle": 0, "axis": "y", "origin": [16, 0, 13.5]},
			"faces": {
				"west": {"uv": [0, 0, 1, 1], "texture": "#6"}
			}
		},
		{
			"from": [10.4375, 0, 8.9375],
			"to": [10.5625, 1, 9.0625],
			"rotation": {"angle": 0, "axis": "y", "origin": [16, 0, 13.5]},
			"faces": {
				"north": {"uv": [0, 0, 1, 1], "texture": "#6"}
			}
		},
		{
			"from": [10.4375, 0, 8.9375],
			"to": [10.5625, 1, 9.0625],
			"rotation": {"angle": 0, "axis": "y", "origin": [16, 0, 13.5]},
			"faces": {
				"east": {"uv": [0, 0, 1, 1], "texture": "#6"}
			}
		},
		{
			"from": [10.4375, 0, 6.9375],
			"to": [10.5625, 1, 7.0625],
			"rotation": {"angle": 0, "axis": "y", "origin": [16, 0, 13.5]},
			"faces": {
				"up": {"uv": [7, 7, 9, 9], "rotation": 180, "texture": "#5"},
				"down": {"uv": [7, 7, 9, 9], "rotation": 180, "texture": "#5"}
			}
		},
		{
			"from": [10.4375, 0, 6.9375],
			"to": [10.5625, 1, 7.0625],
			"rotation": {"angle": 0, "axis": "y", "origin": [16, 0, 13.5]},
			"faces": {
				"south": {"uv": [0, 0, 1, 1], "texture": "#6"}
			}
		},
		{
			"from": [10.4375, 0, 6.9375],
			"to": [10.5625, 1, 7.0625],
			"rotation": {"angle": 0, "axis": "y", "origin": [16, 0, 13.5]},
			"faces": {
				"west": {"uv": [0, 0, 1, 1], "texture": "#6"}
			}
		},
		{
			"from": [10.4375, 0, 6.9375],
			"to": [10.5625, 1, 7.0625],
			"rotation": {"angle": 0, "axis": "y", "origin": [16, 0, 13.5]},
			"faces": {
				"north": {"uv": [0, 0, 1, 1], "texture": "#6"}
			}
		},
		{
			"from": [10.4375, 0, 6.9375],
			"to": [10.5625, 1, 7.0625],
			"rotation": {"angle": 0, "axis": "y", "origin": [16, 0, 13.5]},
			"faces": {
				"east": {"uv": [0, 0, 1, 1], "texture": "#6"}
			}
		},
		{
			"from": [10.4375, 0, 4.9375],
			"to": [10.5625, 1, 5.0625],
			"rotation": {"angle": 0, "axis": "y", "origin": [16, 0, 13.5]},
			"faces": {
				"up": {"uv": [7, 7, 9, 9], "rotation": 180, "texture": "#5"},
				"down": {"uv": [7, 7, 9, 9], "rotation": 180, "texture": "#5"}
			}
		},
		{
			"from": [10.4375, 0, 4.9375],
			"to": [10.5625, 1, 5.0625],
			"rotation": {"angle": 0, "axis": "y", "origin": [16, 0, 13.5]},
			"faces": {
				"south": {"uv": [0, 0, 1, 1], "texture": "#6"}
			}
		},
		{
			"from": [10.4375, 0, 4.9375],
			"to": [10.5625, 1, 5.0625],
			"rotation": {"angle": 0, "axis": "y", "origin": [16, 0, 13.5]},
			"faces": {
				"west": {"uv": [0, 0, 1, 1], "texture": "#6"}
			}
		},
		{
			"from": [10.4375, 0, 4.9375],
			"to": [10.5625, 1, 5.0625],
			"rotation": {"angle": 0, "axis": "y", "origin": [16, 0, 13.5]},
			"faces": {
				"north": {"uv": [0, 0, 1, 1], "texture": "#6"}
			}
		},
		{
			"from": [10.4375, 0, 4.9375],
			"to": [10.5625, 1, 5.0625],
			"rotation": {"angle": 0, "axis": "y", "origin": [16, 0, 13.5]},
			"faces": {
				"east": {"uv": [0, 0, 1, 1], "texture": "#6"}
			}
		},
		{
			"from": [9.4375, 0, 10.9375],
			"to": [9.5625, 1, 11.0625],
			"rotation": {"angle": 0, "axis": "y", "origin": [16, 0, 13.5]},
			"faces": {
				"up": {"uv": [7, 7, 9, 9], "rotation": 180, "texture": "#5"},
				"down": {"uv": [7, 7, 9, 9], "rotation": 180, "texture": "#5"}
			}
		},
		{
			"from": [9.4375, 0, 10.9375],
			"to": [9.5625, 1, 11.0625],
			"rotation": {"angle": 0, "axis": "y", "origin": [16, 0, 13.5]},
			"faces": {
				"south": {"uv": [0, 0, 1, 1], "texture": "#6"}
			}
		},
		{
			"from": [9.4375, 0, 10.9375],
			"to": [9.5625, 1, 11.0625],
			"rotation": {"angle": 0, "axis": "y", "origin": [16, 0, 13.5]},
			"faces": {
				"west": {"uv": [0, 0, 1, 1], "texture": "#6"}
			}
		},
		{
			"from": [9.4375, 0, 10.9375],
			"to": [9.5625, 1, 11.0625],
			"rotation": {"angle": 0, "axis": "y", "origin": [16, 0, 13.5]},
			"faces": {
				"north": {"uv": [0, 0, 1, 1], "texture": "#6"}
			}
		},
		{
			"from": [9.4375, 0, 10.9375],
			"to": [9.5625, 1, 11.0625],
			"rotation": {"angle": 0, "axis": "y", "origin": [16, 0, 13.5]},
			"faces": {
				"east": {"uv": [0, 0, 1, 1], "texture": "#6"}
			}
		},
		{
			"from": [9.4375, 0, 8.9375],
			"to": [9.5625, 1, 9.0625],
			"rotation": {"angle": 0, "axis": "y", "origin": [16, 0, 13.5]},
			"faces": {
				"up": {"uv": [7, 7, 9, 9], "rotation": 180, "texture": "#7"},
				"down": {"uv": [7, 7, 9, 9], "rotation": 180, "texture": "#7"}
			}
		},
		{
			"from": [9.4375, 0, 8.9375],
			"to": [9.5625, 1, 9.0625],
			"rotation": {"angle": 0, "axis": "y", "origin": [16, 0, 13.5]},
			"faces": {
				"south": {"uv": [0, 0, 1, 1], "texture": "#0"}
			}
		},
		{
			"from": [9.4375, 0, 8.9375],
			"to": [9.5625, 1, 9.0625],
			"rotation": {"angle": 0, "axis": "y", "origin": [16, 0, 13.5]},
			"faces": {
				"west": {"uv": [0, 0, 1, 1], "texture": "#0"}
			}
		},
		{
			"from": [9.4375, 0, 8.9375],
			"to": [9.5625, 1, 9.0625],
			"rotation": {"angle": 0, "axis": "y", "origin": [16, 0, 13.5]},
			"faces": {
				"north": {"uv": [0, 0, 1, 1], "texture": "#0"}
			}
		},
		{
			"from": [9.4375, 0, 8.9375],
			"to": [9.5625, 1, 9.0625],
			"rotation": {"angle": 0, "axis": "y", "origin": [16, 0, 13.5]},
			"faces": {
				"east": {"uv": [0, 0, 1, 1], "texture": "#0"}
			}
		},
		{
			"from": [9.4375, 0, 6.9375],
			"to": [9.5625, 1, 7.0625],
			"rotation": {"angle": 0, "axis": "y", "origin": [16, 0, 13.5]},
			"faces": {
				"up": {"uv": [7, 7, 9, 9], "rotation": 180, "texture": "#7"},
				"down": {"uv": [7, 7, 9, 9], "rotation": 180, "texture": "#7"}
			}
		},
		{
			"from": [9.4375, 0, 6.9375],
			"to": [9.5625, 1, 7.0625],
			"rotation": {"angle": 0, "axis": "y", "origin": [16, 0, 13.5]},
			"faces": {
				"south": {"uv": [0, 0, 1, 1], "texture": "#0"}
			}
		},
		{
			"from": [9.4375, 0, 6.9375],
			"to": [9.5625, 1, 7.0625],
			"rotation": {"angle": 0, "axis": "y", "origin": [16, 0, 13.5]},
			"faces": {
				"west": {"uv": [0, 0, 1, 1], "texture": "#0"}
			}
		},
		{
			"from": [9.4375, 0, 6.9375],
			"to": [9.5625, 1, 7.0625],
			"rotation": {"angle": 0, "axis": "y", "origin": [16, 0, 13.5]},
			"faces": {
				"north": {"uv": [0, 0, 1, 1], "texture": "#0"}
			}
		},
		{
			"from": [9.4375, 0, 6.9375],
			"to": [9.5625, 1, 7.0625],
			"rotation": {"angle": 0, "axis": "y", "origin": [16, 0, 13.5]},
			"faces": {
				"east": {"uv": [0, 0, 1, 1], "texture": "#0"}
			}
		},
		{
			"from": [9.4375, 0, 5.9375],
			"to": [9.5625, 1, 6.0625],
			"rotation": {"angle": 0, "axis": "y", "origin": [16, 0, 13.5]},
			"faces": {
				"up": {"uv": [7, 7, 9, 9], "rotation": 180, "texture": "#7"},
				"down": {"uv": [7, 7, 9, 9], "rotation": 180, "texture": "#7"}
			}
		},
		{
			"from": [9.4375, 0, 5.9375],
			"to": [9.5625, 1, 6.0625],
			"rotation": {"angle": 0, "axis": "y", "origin": [16, 0, 13.5]},
			"faces": {
				"south": {"uv": [0, 0, 1, 1], "texture": "#0"}
			}
		},
		{
			"from": [9.4375, 0, 5.9375],
			"to": [9.5625, 1, 6.0625],
			"rotation": {"angle": 0, "axis": "y", "origin": [16, 0, 13.5]},
			"faces": {
				"west": {"uv": [0, 0, 1, 1], "texture": "#0"}
			}
		},
		{
			"from": [9.4375, 0, 5.9375],
			"to": [9.5625, 1, 6.0625],
			"rotation": {"angle": 0, "axis": "y", "origin": [16, 0, 13.5]},
			"faces": {
				"north": {"uv": [0, 0, 1, 1], "texture": "#0"}
			}
		},
		{
			"from": [9.4375, 0, 5.9375],
			"to": [9.5625, 1, 6.0625],
			"rotation": {"angle": 0, "axis": "y", "origin": [16, 0, 13.5]},
			"faces": {
				"east": {"uv": [0, 0, 1, 1], "texture": "#0"}
			}
		},
		{
			"from": [9.4375, 0, 3.9375],
			"to": [9.5625, 1, 4.0625],
			"rotation": {"angle": 0, "axis": "y", "origin": [16, 0, 13.5]},
			"faces": {
				"up": {"uv": [7, 7, 9, 9], "rotation": 180, "texture": "#3"},
				"down": {"uv": [7, 7, 9, 9], "rotation": 180, "texture": "#3"}
			}
		},
		{
			"from": [9.4375, 0, 3.9375],
			"to": [9.5625, 1, 4.0625],
			"rotation": {"angle": 0, "axis": "y", "origin": [16, 0, 13.5]},
			"faces": {
				"south": {"uv": [0, 0, 1, 1], "texture": "#4"}
			}
		},
		{
			"from": [9.4375, 0, 3.9375],
			"to": [9.5625, 1, 4.0625],
			"rotation": {"angle": 0, "axis": "y", "origin": [16, 0, 13.5]},
			"faces": {
				"west": {"uv": [0, 0, 1, 1], "texture": "#4"}
			}
		},
		{
			"from": [9.4375, 0, 3.9375],
			"to": [9.5625, 1, 4.0625],
			"rotation": {"angle": 0, "axis": "y", "origin": [16, 0, 13.5]},
			"faces": {
				"north": {"uv": [0, 0, 1, 1], "texture": "#4"}
			}
		},
		{
			"from": [9.4375, 0, 3.9375],
			"to": [9.5625, 1, 4.0625],
			"rotation": {"angle": 0, "axis": "y", "origin": [16, 0, 13.5]},
			"faces": {
				"east": {"uv": [0, 0, 1, 1], "texture": "#4"}
			}
		},
		{
			"from": [8.4375, 0, 5.9375],
			"to": [8.5625, 1, 6.0625],
			"rotation": {"angle": 0, "axis": "y", "origin": [16, 0, 13.5]},
			"faces": {
				"up": {"uv": [7, 7, 9, 9], "rotation": 180, "texture": "#7"},
				"down": {"uv": [7, 7, 9, 9], "rotation": 180, "texture": "#7"}
			}
		},
		{
			"from": [8.4375, 0, 5.9375],
			"to": [8.5625, 1, 6.0625],
			"rotation": {"angle": 0, "axis": "y", "origin": [16, 0, 13.5]},
			"faces": {
				"south": {"uv": [0, 0, 1, 1], "texture": "#0"}
			}
		},
		{
			"from": [8.4375, 0, 5.9375],
			"to": [8.5625, 1, 6.0625],
			"rotation": {"angle": 0, "axis": "y", "origin": [16, 0, 13.5]},
			"faces": {
				"west": {"uv": [0, 0, 1, 1], "texture": "#0"}
			}
		},
		{
			"from": [8.4375, 0, 5.9375],
			"to": [8.5625, 1, 6.0625],
			"rotation": {"angle": 0, "axis": "y", "origin": [16, 0, 13.5]},
			"faces": {
				"north": {"uv": [0, 0, 1, 1], "texture": "#0"}
			}
		},
		{
			"from": [8.4375, 0, 5.9375],
			"to": [8.5625, 1, 6.0625],
			"rotation": {"angle": 0, "axis": "y", "origin": [16, 0, 13.5]},
			"faces": {
				"east": {"uv": [0, 0, 1, 1], "texture": "#0"}
			}
		},
		{
			"from": [8.4375, 0, 4.9375],
			"to": [8.5625, 1, 5.0625],
			"rotation": {"angle": 0, "axis": "y", "origin": [16, 0, 13.5]},
			"faces": {
				"up": {"uv": [7, 7, 9, 9], "rotation": 180, "texture": "#7"},
				"down": {"uv": [7, 7, 9, 9], "rotation": 180, "texture": "#7"}
			}
		},
		{
			"from": [8.4375, 0, 4.9375],
			"to": [8.5625, 1, 5.0625],
			"rotation": {"angle": 0, "axis": "y", "origin": [16, 0, 13.5]},
			"faces": {
				"south": {"uv": [0, 0, 1, 1], "texture": "#0"}
			}
		},
		{
			"from": [8.4375, 0, 4.9375],
			"to": [8.5625, 1, 5.0625],
			"rotation": {"angle": 0, "axis": "y", "origin": [16, 0, 13.5]},
			"faces": {
				"west": {"uv": [0, 0, 1, 1], "texture": "#0"}
			}
		},
		{
			"from": [8.4375, 0, 4.9375],
			"to": [8.5625, 1, 5.0625],
			"rotation": {"angle": 0, "axis": "y", "origin": [16, 0, 13.5]},
			"faces": {
				"north": {"uv": [0, 0, 1, 1], "texture": "#0"}
			}
		},
		{
			"from": [8.4375, 0, 4.9375],
			"to": [8.5625, 1, 5.0625],
			"rotation": {"angle": 0, "axis": "y", "origin": [16, 0, 13.5]},
			"faces": {
				"east": {"uv": [0, 0, 1, 1], "texture": "#0"}
			}
		},
		{
			"from": [8.4375, 0, 3.9375],
			"to": [8.5625, 1, 4.0625],
			"rotation": {"angle": 0, "axis": "y", "origin": [16, 0, 13.5]},
			"faces": {
				"up": {"uv": [7, 7, 9, 9], "rotation": 180, "texture": "#5"},
				"down": {"uv": [7, 7, 9, 9], "rotation": 180, "texture": "#5"}
			}
		},
		{
			"from": [8.4375, 0, 3.9375],
			"to": [8.5625, 1, 4.0625],
			"rotation": {"angle": 0, "axis": "y", "origin": [16, 0, 13.5]},
			"faces": {
				"south": {"uv": [0, 0, 1, 1], "texture": "#6"}
			}
		},
		{
			"from": [8.4375, 0, 3.9375],
			"to": [8.5625, 1, 4.0625],
			"rotation": {"angle": 0, "axis": "y", "origin": [16, 0, 13.5]},
			"faces": {
				"west": {"uv": [0, 0, 1, 1], "texture": "#6"}
			}
		},
		{
			"from": [8.4375, 0, 3.9375],
			"to": [8.5625, 1, 4.0625],
			"rotation": {"angle": 0, "axis": "y", "origin": [16, 0, 13.5]},
			"faces": {
				"north": {"uv": [0, 0, 1, 1], "texture": "#6"}
			}
		},
		{
			"from": [8.4375, 0, 3.9375],
			"to": [8.5625, 1, 4.0625],
			"rotation": {"angle": 0, "axis": "y", "origin": [16, 0, 13.5]},
			"faces": {
				"east": {"uv": [0, 0, 1, 1], "texture": "#6"}
			}
		},
		{
			"from": [8.4375, 0, 2.9375],
			"to": [8.5625, 1, 3.0625],
			"rotation": {"angle": 0, "axis": "y", "origin": [16, 0, 13.5]},
			"faces": {
				"up": {"uv": [7, 7, 9, 9], "rotation": 180, "texture": "#3"},
				"down": {"uv": [7, 7, 9, 9], "rotation": 180, "texture": "#3"}
			}
		},
		{
			"from": [8.4375, 0, 2.9375],
			"to": [8.5625, 1, 3.0625],
			"rotation": {"angle": 0, "axis": "y", "origin": [16, 0, 13.5]},
			"faces": {
				"south": {"uv": [0, 0, 1, 1], "texture": "#4"}
			}
		},
		{
			"from": [8.4375, 0, 2.9375],
			"to": [8.5625, 1, 3.0625],
			"rotation": {"angle": 0, "axis": "y", "origin": [16, 0, 13.5]},
			"faces": {
				"west": {"uv": [0, 0, 1, 1], "texture": "#4"}
			}
		},
		{
			"from": [8.4375, 0, 2.9375],
			"to": [8.5625, 1, 3.0625],
			"rotation": {"angle": 0, "axis": "y", "origin": [16, 0, 13.5]},
			"faces": {
				"north": {"uv": [0, 0, 1, 1], "texture": "#4"}
			}
		},
		{
			"from": [8.4375, 0, 2.9375],
			"to": [8.5625, 1, 3.0625],
			"rotation": {"angle": 0, "axis": "y", "origin": [16, 0, 13.5]},
			"faces": {
				"east": {"uv": [0, 0, 1, 1], "texture": "#4"}
			}
		},
		{
			"from": [7.4375, 0, 4.9375],
			"to": [7.5625, 1, 5.0625],
			"rotation": {"angle": 0, "axis": "y", "origin": [16, 0, 13.5]},
			"faces": {
				"up": {"uv": [7, 7, 9, 9], "rotation": 180, "texture": "#7"},
				"down": {"uv": [7, 7, 9, 9], "rotation": 180, "texture": "#7"}
			}
		},
		{
			"from": [7.4375, 0, 4.9375],
			"to": [7.5625, 1, 5.0625],
			"rotation": {"angle": 0, "axis": "y", "origin": [16, 0, 13.5]},
			"faces": {
				"south": {"uv": [0, 0, 1, 1], "texture": "#0"}
			}
		},
		{
			"from": [7.4375, 0, 4.9375],
			"to": [7.5625, 1, 5.0625],
			"rotation": {"angle": 0, "axis": "y", "origin": [16, 0, 13.5]},
			"faces": {
				"west": {"uv": [0, 0, 1, 1], "texture": "#0"}
			}
		},
		{
			"from": [7.4375, 0, 4.9375],
			"to": [7.5625, 1, 5.0625],
			"rotation": {"angle": 0, "axis": "y", "origin": [16, 0, 13.5]},
			"faces": {
				"north": {"uv": [0, 0, 1, 1], "texture": "#0"}
			}
		},
		{
			"from": [7.4375, 0, 4.9375],
			"to": [7.5625, 1, 5.0625],
			"rotation": {"angle": 0, "axis": "y", "origin": [16, 0, 13.5]},
			"faces": {
				"east": {"uv": [0, 0, 1, 1], "texture": "#0"}
			}
		},
		{
			"from": [7.4375, 0, 3.9375],
			"to": [7.5625, 1, 4.0625],
			"rotation": {"angle": 0, "axis": "y", "origin": [16, 0, 13.5]},
			"faces": {
				"up": {"uv": [7, 7, 9, 9], "rotation": 180, "texture": "#5"},
				"down": {"uv": [7, 7, 9, 9], "rotation": 180, "texture": "#5"}
			}
		},
		{
			"from": [7.4375, 0, 3.9375],
			"to": [7.5625, 1, 4.0625],
			"rotation": {"angle": 0, "axis": "y", "origin": [16, 0, 13.5]},
			"faces": {
				"south": {"uv": [0, 0, 1, 1], "texture": "#6"}
			}
		},
		{
			"from": [7.4375, 0, 3.9375],
			"to": [7.5625, 1, 4.0625],
			"rotation": {"angle": 0, "axis": "y", "origin": [16, 0, 13.5]},
			"faces": {
				"west": {"uv": [0, 0, 1, 1], "texture": "#6"}
			}
		},
		{
			"from": [7.4375, 0, 3.9375],
			"to": [7.5625, 1, 4.0625],
			"rotation": {"angle": 0, "axis": "y", "origin": [16, 0, 13.5]},
			"faces": {
				"north": {"uv": [0, 0, 1, 1], "texture": "#6"}
			}
		},
		{
			"from": [7.4375, 0, 3.9375],
			"to": [7.5625, 1, 4.0625],
			"rotation": {"angle": 0, "axis": "y", "origin": [16, 0, 13.5]},
			"faces": {
				"east": {"uv": [0, 0, 1, 1], "texture": "#6"}
			}
		},
		{
			"from": [7.4375, 0, 2.9375],
			"to": [7.5625, 1, 3.0625],
			"rotation": {"angle": 0, "axis": "y", "origin": [16, 0, 13.5]},
			"faces": {
				"up": {"uv": [7, 7, 9, 9], "rotation": 180, "texture": "#7"},
				"down": {"uv": [7, 7, 9, 9], "rotation": 180, "texture": "#7"}
			}
		},
		{
			"from": [7.4375, 0, 2.9375],
			"to": [7.5625, 1, 3.0625],
			"rotation": {"angle": 0, "axis": "y", "origin": [16, 0, 13.5]},
			"faces": {
				"south": {"uv": [0, 0, 1, 1], "texture": "#0"}
			}
		},
		{
			"from": [7.4375, 0, 2.9375],
			"to": [7.5625, 1, 3.0625],
			"rotation": {"angle": 0, "axis": "y", "origin": [16, 0, 13.5]},
			"faces": {
				"west": {"uv": [0, 0, 1, 1], "texture": "#0"}
			}
		},
		{
			"from": [7.4375, 0, 2.9375],
			"to": [7.5625, 1, 3.0625],
			"rotation": {"angle": 0, "axis": "y", "origin": [16, 0, 13.5]},
			"faces": {
				"north": {"uv": [0, 0, 1, 1], "texture": "#0"}
			}
		},
		{
			"from": [7.4375, 0, 2.9375],
			"to": [7.5625, 1, 3.0625],
			"rotation": {"angle": 0, "axis": "y", "origin": [16, 0, 13.5]},
			"faces": {
				"east": {"uv": [0, 0, 1, 1], "texture": "#0"}
			}
		},
		{
			"from": [6.4375, 0, 8.9375],
			"to": [6.5625, 1, 9.0625],
			"rotation": {"angle": 0, "axis": "y", "origin": [16, 0, 13.5]},
			"faces": {
				"up": {"uv": [7, 7, 9, 9], "rotation": 180, "texture": "#3"},
				"down": {"uv": [7, 7, 9, 9], "rotation": 180, "texture": "#3"}
			}
		},
		{
			"from": [6.4375, 0, 8.9375],
			"to": [6.5625, 1, 9.0625],
			"rotation": {"angle": 0, "axis": "y", "origin": [16, 0, 13.5]},
			"faces": {
				"south": {"uv": [0, 0, 1, 1], "texture": "#4"}
			}
		},
		{
			"from": [6.4375, 0, 8.9375],
			"to": [6.5625, 1, 9.0625],
			"rotation": {"angle": 0, "axis": "y", "origin": [16, 0, 13.5]},
			"faces": {
				"west": {"uv": [0, 0, 1, 1], "texture": "#4"}
			}
		},
		{
			"from": [6.4375, 0, 8.9375],
			"to": [6.5625, 1, 9.0625],
			"rotation": {"angle": 0, "axis": "y", "origin": [16, 0, 13.5]},
			"faces": {
				"north": {"uv": [0, 0, 1, 1], "texture": "#4"}
			}
		},
		{
			"from": [6.4375, 0, 8.9375],
			"to": [6.5625, 1, 9.0625],
			"rotation": {"angle": 0, "axis": "y", "origin": [16, 0, 13.5]},
			"faces": {
				"east": {"uv": [0, 0, 1, 1], "texture": "#4"}
			}
		},
		{
			"from": [6.4375, 0, 7.9375],
			"to": [6.5625, 1, 8.0625],
			"rotation": {"angle": 0, "axis": "y", "origin": [16, 0, 13.5]},
			"faces": {
				"up": {"uv": [7, 7, 9, 9], "rotation": 180, "texture": "#5"},
				"down": {"uv": [7, 7, 9, 9], "rotation": 180, "texture": "#5"}
			}
		},
		{
			"from": [6.4375, 0, 7.9375],
			"to": [6.5625, 1, 8.0625],
			"rotation": {"angle": 0, "axis": "y", "origin": [16, 0, 13.5]},
			"faces": {
				"south": {"uv": [0, 0, 1, 1], "texture": "#6"}
			}
		},
		{
			"from": [6.4375, 0, 7.9375],
			"to": [6.5625, 1, 8.0625],
			"rotation": {"angle": 0, "axis": "y", "origin": [16, 0, 13.5]},
			"faces": {
				"west": {"uv": [0, 0, 1, 1], "texture": "#6"}
			}
		},
		{
			"from": [6.4375, 0, 7.9375],
			"to": [6.5625, 1, 8.0625],
			"rotation": {"angle": 0, "axis": "y", "origin": [16, 0, 13.5]},
			"faces": {
				"north": {"uv": [0, 0, 1, 1], "texture": "#6"}
			}
		},
		{
			"from": [6.4375, 0, 7.9375],
			"to": [6.5625, 1, 8.0625],
			"rotation": {"angle": 0, "axis": "y", "origin": [16, 0, 13.5]},
			"faces": {
				"east": {"uv": [0, 0, 1, 1], "texture": "#6"}
			}
		},
		{
			"from": [6.4375, 0, 6.9375],
			"to": [6.5625, 1, 7.0625],
			"rotation": {"angle": 0, "axis": "y", "origin": [16, 0, 13.5]},
			"faces": {
				"up": {"uv": [7, 7, 9, 9], "rotation": 180, "texture": "#7"},
				"down": {"uv": [7, 7, 9, 9], "rotation": 180, "texture": "#7"}
			}
		},
		{
			"from": [6.4375, 0, 6.9375],
			"to": [6.5625, 1, 7.0625],
			"rotation": {"angle": 0, "axis": "y", "origin": [16, 0, 13.5]},
			"faces": {
				"south": {"uv": [0, 0, 1, 1], "texture": "#0"}
			}
		},
		{
			"from": [6.4375, 0, 6.9375],
			"to": [6.5625, 1, 7.0625],
			"rotation": {"angle": 0, "axis": "y", "origin": [16, 0, 13.5]},
			"faces": {
				"west": {"uv": [0, 0, 1, 1], "texture": "#0"}
			}
		},
		{
			"from": [6.4375, 0, 6.9375],
			"to": [6.5625, 1, 7.0625],
			"rotation": {"angle": 0, "axis": "y", "origin": [16, 0, 13.5]},
			"faces": {
				"north": {"uv": [0, 0, 1, 1], "texture": "#0"}
			}
		},
		{
			"from": [6.4375, 0, 6.9375],
			"to": [6.5625, 1, 7.0625],
			"rotation": {"angle": 0, "axis": "y", "origin": [16, 0, 13.5]},
			"faces": {
				"east": {"uv": [0, 0, 1, 1], "texture": "#0"}
			}
		},
		{
			"from": [6.4375, 0, 5.9375],
			"to": [6.5625, 1, 6.0625],
			"rotation": {"angle": 0, "axis": "y", "origin": [16, 0, 13.5]},
			"faces": {
				"up": {"uv": [7, 7, 9, 9], "rotation": 180, "texture": "#5"},
				"down": {"uv": [7, 7, 9, 9], "rotation": 180, "texture": "#5"}
			}
		},
		{
			"from": [6.4375, 0, 5.9375],
			"to": [6.5625, 1, 6.0625],
			"rotation": {"angle": 0, "axis": "y", "origin": [16, 0, 13.5]},
			"faces": {
				"south": {"uv": [0, 0, 1, 1], "texture": "#6"}
			}
		},
		{
			"from": [6.4375, 0, 5.9375],
			"to": [6.5625, 1, 6.0625],
			"rotation": {"angle": 0, "axis": "y", "origin": [16, 0, 13.5]},
			"faces": {
				"west": {"uv": [0, 0, 1, 1], "texture": "#6"}
			}
		},
		{
			"from": [6.4375, 0, 5.9375],
			"to": [6.5625, 1, 6.0625],
			"rotation": {"angle": 0, "axis": "y", "origin": [16, 0, 13.5]},
			"faces": {
				"north": {"uv": [0, 0, 1, 1], "texture": "#6"}
			}
		},
		{
			"from": [6.4375, 0, 5.9375],
			"to": [6.5625, 1, 6.0625],
			"rotation": {"angle": 0, "axis": "y", "origin": [16, 0, 13.5]},
			"faces": {
				"east": {"uv": [0, 0, 1, 1], "texture": "#6"}
			}
		},
		{
			"from": [6.4375, 0, 4.9375],
			"to": [6.5625, 1, 5.0625],
			"rotation": {"angle": 0, "axis": "y", "origin": [16, 0, 13.5]},
			"faces": {
				"up": {"uv": [7, 7, 9, 9], "rotation": 180, "texture": "#3"},
				"down": {"uv": [7, 7, 9, 9], "rotation": 180, "texture": "#3"}
			}
		},
		{
			"from": [6.4375, 0, 4.9375],
			"to": [6.5625, 1, 5.0625],
			"rotation": {"angle": 0, "axis": "y", "origin": [16, 0, 13.5]},
			"faces": {
				"south": {"uv": [0, 0, 1, 1], "texture": "#4"}
			}
		},
		{
			"from": [6.4375, 0, 4.9375],
			"to": [6.5625, 1, 5.0625],
			"rotation": {"angle": 0, "axis": "y", "origin": [16, 0, 13.5]},
			"faces": {
				"west": {"uv": [0, 0, 1, 1], "texture": "#4"}
			}
		},
		{
			"from": [6.4375, 0, 4.9375],
			"to": [6.5625, 1, 5.0625],
			"rotation": {"angle": 0, "axis": "y", "origin": [16, 0, 13.5]},
			"faces": {
				"north": {"uv": [0, 0, 1, 1], "texture": "#4"}
			}
		},
		{
			"from": [6.4375, 0, 4.9375],
			"to": [6.5625, 1, 5.0625],
			"rotation": {"angle": 0, "axis": "y", "origin": [16, 0, 13.5]},
			"faces": {
				"east": {"uv": [0, 0, 1, 1], "texture": "#4"}
			}
		},
		{
			"from": [6.4375, 0, 3.9375],
			"to": [6.5625, 1, 4.0625],
			"rotation": {"angle": 0, "axis": "y", "origin": [16, 0, 13.5]},
			"faces": {
				"up": {"uv": [7, 7, 9, 9], "rotation": 180, "texture": "#3"},
				"down": {"uv": [7, 7, 9, 9], "rotation": 180, "texture": "#3"}
			}
		},
		{
			"from": [6.4375, 0, 3.9375],
			"to": [6.5625, 1, 4.0625],
			"rotation": {"angle": 0, "axis": "y", "origin": [16, 0, 13.5]},
			"faces": {
				"south": {"uv": [0, 0, 1, 1], "texture": "#4"}
			}
		},
		{
			"from": [6.4375, 0, 3.9375],
			"to": [6.5625, 1, 4.0625],
			"rotation": {"angle": 0, "axis": "y", "origin": [16, 0, 13.5]},
			"faces": {
				"west": {"uv": [0, 0, 1, 1], "texture": "#4"}
			}
		},
		{
			"from": [6.4375, 0, 3.9375],
			"to": [6.5625, 1, 4.0625],
			"rotation": {"angle": 0, "axis": "y", "origin": [16, 0, 13.5]},
			"faces": {
				"north": {"uv": [0, 0, 1, 1], "texture": "#4"}
			}
		},
		{
			"from": [6.4375, 0, 3.9375],
			"to": [6.5625, 1, 4.0625],
			"rotation": {"angle": 0, "axis": "y", "origin": [16, 0, 13.5]},
			"faces": {
				"east": {"uv": [0, 0, 1, 1], "texture": "#4"}
			}
		},
		{
			"from": [5.4375, 0, 9.9375],
			"to": [5.5625, 1, 10.0625],
			"rotation": {"angle": 0, "axis": "y", "origin": [16, 0, 13.5]},
			"faces": {
				"up": {"uv": [7, 7, 9, 9], "rotation": 180, "texture": "#3"},
				"down": {"uv": [7, 7, 9, 9], "rotation": 180, "texture": "#3"}
			}
		},
		{
			"from": [5.4375, 0, 9.9375],
			"to": [5.5625, 1, 10.0625],
			"rotation": {"angle": 0, "axis": "y", "origin": [16, 0, 13.5]},
			"faces": {
				"south": {"uv": [0, 0, 1, 1], "texture": "#4"}
			}
		},
		{
			"from": [5.4375, 0, 9.9375],
			"to": [5.5625, 1, 10.0625],
			"rotation": {"angle": 0, "axis": "y", "origin": [16, 0, 13.5]},
			"faces": {
				"west": {"uv": [0, 0, 1, 1], "texture": "#4"}
			}
		},
		{
			"from": [5.4375, 0, 9.9375],
			"to": [5.5625, 1, 10.0625],
			"rotation": {"angle": 0, "axis": "y", "origin": [16, 0, 13.5]},
			"faces": {
				"north": {"uv": [0, 0, 1, 1], "texture": "#4"}
			}
		},
		{
			"from": [5.4375, 0, 9.9375],
			"to": [5.5625, 1, 10.0625],
			"rotation": {"angle": 0, "axis": "y", "origin": [16, 0, 13.5]},
			"faces": {
				"east": {"uv": [0, 0, 1, 1], "texture": "#4"}
			}
		},
		{
			"from": [5.4375, 0, 8.9375],
			"to": [5.5625, 1, 9.0625],
			"rotation": {"angle": 0, "axis": "y", "origin": [16, 0, 13.5]},
			"faces": {
				"up": {"uv": [7, 7, 9, 9], "rotation": 180, "texture": "#7"},
				"down": {"uv": [7, 7, 9, 9], "rotation": 180, "texture": "#7"}
			}
		},
		{
			"from": [5.4375, 0, 8.9375],
			"to": [5.5625, 1, 9.0625],
			"rotation": {"angle": 0, "axis": "y", "origin": [16, 0, 13.5]},
			"faces": {
				"south": {"uv": [0, 0, 1, 1], "texture": "#0"}
			}
		},
		{
			"from": [5.4375, 0, 8.9375],
			"to": [5.5625, 1, 9.0625],
			"rotation": {"angle": 0, "axis": "y", "origin": [16, 0, 13.5]},
			"faces": {
				"west": {"uv": [0, 0, 1, 1], "texture": "#0"}
			}
		},
		{
			"from": [5.4375, 0, 8.9375],
			"to": [5.5625, 1, 9.0625],
			"rotation": {"angle": 0, "axis": "y", "origin": [16, 0, 13.5]},
			"faces": {
				"north": {"uv": [0, 0, 1, 1], "texture": "#0"}
			}
		},
		{
			"from": [5.4375, 0, 8.9375],
			"to": [5.5625, 1, 9.0625],
			"rotation": {"angle": 0, "axis": "y", "origin": [16, 0, 13.5]},
			"faces": {
				"east": {"uv": [0, 0, 1, 1], "texture": "#0"}
			}
		},
		{
			"from": [5.4375, 0, 6.9375],
			"to": [5.5625, 1, 7.0625],
			"rotation": {"angle": 0, "axis": "y", "origin": [16, 0, 13.5]},
			"faces": {
				"up": {"uv": [7, 7, 9, 9], "rotation": 180, "texture": "#7"},
				"down": {"uv": [7, 7, 9, 9], "rotation": 180, "texture": "#7"}
			}
		},
		{
			"from": [5.4375, 0, 6.9375],
			"to": [5.5625, 1, 7.0625],
			"rotation": {"angle": 0, "axis": "y", "origin": [16, 0, 13.5]},
			"faces": {
				"south": {"uv": [0, 0, 1, 1], "texture": "#0"}
			}
		},
		{
			"from": [5.4375, 0, 6.9375],
			"to": [5.5625, 1, 7.0625],
			"rotation": {"angle": 0, "axis": "y", "origin": [16, 0, 13.5]},
			"faces": {
				"west": {"uv": [0, 0, 1, 1], "texture": "#0"}
			}
		},
		{
			"from": [5.4375, 0, 6.9375],
			"to": [5.5625, 1, 7.0625],
			"rotation": {"angle": 0, "axis": "y", "origin": [16, 0, 13.5]},
			"faces": {
				"north": {"uv": [0, 0, 1, 1], "texture": "#0"}
			}
		},
		{
			"from": [5.4375, 0, 6.9375],
			"to": [5.5625, 1, 7.0625],
			"rotation": {"angle": 0, "axis": "y", "origin": [16, 0, 13.5]},
			"faces": {
				"east": {"uv": [0, 0, 1, 1], "texture": "#0"}
			}
		},
		{
			"from": [5.4375, 0, 5.9375],
			"to": [5.5625, 1, 6.0625],
			"rotation": {"angle": 0, "axis": "y", "origin": [16, 0, 13.5]},
			"faces": {
				"up": {"uv": [7, 7, 9, 9], "rotation": 180, "texture": "#3"},
				"down": {"uv": [7, 7, 9, 9], "rotation": 180, "texture": "#3"}
			}
		},
		{
			"from": [5.4375, 0, 5.9375],
			"to": [5.5625, 1, 6.0625],
			"rotation": {"angle": 0, "axis": "y", "origin": [16, 0, 13.5]},
			"faces": {
				"south": {"uv": [0, 0, 1, 1], "texture": "#4"}
			}
		},
		{
			"from": [5.4375, 0, 5.9375],
			"to": [5.5625, 1, 6.0625],
			"rotation": {"angle": 0, "axis": "y", "origin": [16, 0, 13.5]},
			"faces": {
				"west": {"uv": [0, 0, 1, 1], "texture": "#4"}
			}
		},
		{
			"from": [5.4375, 0, 5.9375],
			"to": [5.5625, 1, 6.0625],
			"rotation": {"angle": 0, "axis": "y", "origin": [16, 0, 13.5]},
			"faces": {
				"north": {"uv": [0, 0, 1, 1], "texture": "#4"}
			}
		},
		{
			"from": [5.4375, 0, 5.9375],
			"to": [5.5625, 1, 6.0625],
			"rotation": {"angle": 0, "axis": "y", "origin": [16, 0, 13.5]},
			"faces": {
				"east": {"uv": [0, 0, 1, 1], "texture": "#4"}
			}
		},
		{
			"from": [4.4375, 0, 9.9375],
			"to": [4.5625, 1, 10.0625],
			"rotation": {"angle": 0, "axis": "y", "origin": [16, 0, 13.5]},
			"faces": {
				"up": {"uv": [7, 7, 9, 9], "rotation": 180, "texture": "#5"},
				"down": {"uv": [7, 7, 9, 9], "rotation": 180, "texture": "#5"}
			}
		},
		{
			"from": [4.4375, 0, 9.9375],
			"to": [4.5625, 1, 10.0625],
			"rotation": {"angle": 0, "axis": "y", "origin": [16, 0, 13.5]},
			"faces": {
				"south": {"uv": [0, 0, 1, 1], "texture": "#6"}
			}
		},
		{
			"from": [4.4375, 0, 9.9375],
			"to": [4.5625, 1, 10.0625],
			"rotation": {"angle": 0, "axis": "y", "origin": [16, 0, 13.5]},
			"faces": {
				"west": {"uv": [0, 0, 1, 1], "texture": "#6"}
			}
		},
		{
			"from": [4.4375, 0, 9.9375],
			"to": [4.5625, 1, 10.0625],
			"rotation": {"angle": 0, "axis": "y", "origin": [16, 0, 13.5]},
			"faces": {
				"north": {"uv": [0, 0, 1, 1], "texture": "#6"}
			}
		},
		{
			"from": [4.4375, 0, 9.9375],
			"to": [4.5625, 1, 10.0625],
			"rotation": {"angle": 0, "axis": "y", "origin": [16, 0, 13.5]},
			"faces": {
				"east": {"uv": [0, 0, 1, 1], "texture": "#6"}
			}
		},
		{
			"from": [4.4375, 0, 7.9375],
			"to": [4.5625, 1, 8.0625],
			"rotation": {"angle": 0, "axis": "y", "origin": [16, 0, 13.5]},
			"faces": {
				"up": {"uv": [7, 7, 9, 9], "rotation": 180, "texture": "#7"},
				"down": {"uv": [7, 7, 9, 9], "rotation": 180, "texture": "#7"}
			}
		},
		{
			"from": [4.4375, 0, 7.9375],
			"to": [4.5625, 1, 8.0625],
			"rotation": {"angle": 0, "axis": "y", "origin": [16, 0, 13.5]},
			"faces": {
				"south": {"uv": [0, 0, 1, 1], "texture": "#0"}
			}
		},
		{
			"from": [4.4375, 0, 7.9375],
			"to": [4.5625, 1, 8.0625],
			"rotation": {"angle": 0, "axis": "y", "origin": [16, 0, 13.5]},
			"faces": {
				"west": {"uv": [0, 0, 1, 1], "texture": "#0"}
			}
		},
		{
			"from": [4.4375, 0, 7.9375],
			"to": [4.5625, 1, 8.0625],
			"rotation": {"angle": 0, "axis": "y", "origin": [16, 0, 13.5]},
			"faces": {
				"north": {"uv": [0, 0, 1, 1], "texture": "#0"}
			}
		},
		{
			"from": [4.4375, 0, 7.9375],
			"to": [4.5625, 1, 8.0625],
			"rotation": {"angle": 0, "axis": "y", "origin": [16, 0, 13.5]},
			"faces": {
				"east": {"uv": [0, 0, 1, 1], "texture": "#0"}
			}
		},
		{
			"from": [4.4375, 0, 6.9375],
			"to": [4.5625, 1, 7.0625],
			"rotation": {"angle": 0, "axis": "y", "origin": [16, 0, 13.5]},
			"faces": {
				"up": {"uv": [7, 7, 9, 9], "rotation": 180, "texture": "#3"},
				"down": {"uv": [7, 7, 9, 9], "rotation": 180, "texture": "#3"}
			}
		},
		{
			"from": [4.4375, 0, 6.9375],
			"to": [4.5625, 1, 7.0625],
			"rotation": {"angle": 0, "axis": "y", "origin": [16, 0, 13.5]},
			"faces": {
				"south": {"uv": [0, 0, 1, 1], "texture": "#4"}
			}
		},
		{
			"from": [4.4375, 0, 6.9375],
			"to": [4.5625, 1, 7.0625],
			"rotation": {"angle": 0, "axis": "y", "origin": [16, 0, 13.5]},
			"faces": {
				"west": {"uv": [0, 0, 1, 1], "texture": "#4"}
			}
		},
		{
			"from": [4.4375, 0, 6.9375],
			"to": [4.5625, 1, 7.0625],
			"rotation": {"angle": 0, "axis": "y", "origin": [16, 0, 13.5]},
			"faces": {
				"north": {"uv": [0, 0, 1, 1], "texture": "#4"}
			}
		},
		{
			"from": [4.4375, 0, 6.9375],
			"to": [4.5625, 1, 7.0625],
			"rotation": {"angle": 0, "axis": "y", "origin": [16, 0, 13.5]},
			"faces": {
				"east": {"uv": [0, 0, 1, 1], "texture": "#4"}
			}
		},
		{
			"from": [4.4375, 0, 5.9375],
			"to": [4.5625, 1, 6.0625],
			"rotation": {"angle": 0, "axis": "y", "origin": [16, 0, 13.5]},
			"faces": {
				"up": {"uv": [7, 7, 9, 9], "rotation": 180, "texture": "#7"},
				"down": {"uv": [7, 7, 9, 9], "rotation": 180, "texture": "#7"}
			}
		},
		{
			"from": [4.4375, 0, 5.9375],
			"to": [4.5625, 1, 6.0625],
			"rotation": {"angle": 0, "axis": "y", "origin": [16, 0, 13.5]},
			"faces": {
				"south": {"uv": [0, 0, 1, 1], "texture": "#0"}
			}
		},
		{
			"from": [4.4375, 0, 5.9375],
			"to": [4.5625, 1, 6.0625],
			"rotation": {"angle": 0, "axis": "y", "origin": [16, 0, 13.5]},
			"faces": {
				"west": {"uv": [0, 0, 1, 1], "texture": "#0"}
			}
		},
		{
			"from": [4.4375, 0, 5.9375],
			"to": [4.5625, 1, 6.0625],
			"rotation": {"angle": 0, "axis": "y", "origin": [16, 0, 13.5]},
			"faces": {
				"north": {"uv": [0, 0, 1, 1], "texture": "#0"}
			}
		},
		{
			"from": [4.4375, 0, 5.9375],
			"to": [4.5625, 1, 6.0625],
			"rotation": {"angle": 0, "axis": "y", "origin": [16, 0, 13.5]},
			"faces": {
				"east": {"uv": [0, 0, 1, 1], "texture": "#0"}
			}
		},
		{
			"from": [2.4375, 0, 8.9375],
			"to": [2.5625, 1, 9.0625],
			"rotation": {"angle": 0, "axis": "y", "origin": [16, 0, 13.5]},
			"faces": {
				"up": {"uv": [7, 7, 9, 9], "rotation": 180, "texture": "#3"},
				"down": {"uv": [7, 7, 9, 9], "rotation": 180, "texture": "#3"}
			}
		},
		{
			"from": [2.4375, 0, 8.9375],
			"to": [2.5625, 1, 9.0625],
			"rotation": {"angle": 0, "axis": "y", "origin": [16, 0, 13.5]},
			"faces": {
				"south": {"uv": [0, 0, 1, 1], "texture": "#4"}
			}
		},
		{
			"from": [2.4375, 0, 8.9375],
			"to": [2.5625, 1, 9.0625],
			"rotation": {"angle": 0, "axis": "y", "origin": [16, 0, 13.5]},
			"faces": {
				"west": {"uv": [0, 0, 1, 1], "texture": "#4"}
			}
		},
		{
			"from": [2.4375, 0, 8.9375],
			"to": [2.5625, 1, 9.0625],
			"rotation": {"angle": 0, "axis": "y", "origin": [16, 0, 13.5]},
			"faces": {
				"north": {"uv": [0, 0, 1, 1], "texture": "#4"}
			}
		},
		{
			"from": [2.4375, 0, 8.9375],
			"to": [2.5625, 1, 9.0625],
			"rotation": {"angle": 0, "axis": "y", "origin": [16, 0, 13.5]},
			"faces": {
				"east": {"uv": [0, 0, 1, 1], "texture": "#4"}
			}
		},
		{
			"from": [2.4375, 0, 7.9375],
			"to": [2.5625, 1, 8.0625],
			"rotation": {"angle": 0, "axis": "y", "origin": [16, 0, 13.5]},
			"faces": {
				"up": {"uv": [7, 7, 9, 9], "rotation": 180, "texture": "#5"},
				"down": {"uv": [7, 7, 9, 9], "rotation": 180, "texture": "#5"}
			}
		},
		{
			"from": [2.4375, 0, 7.9375],
			"to": [2.5625, 1, 8.0625],
			"rotation": {"angle": 0, "axis": "y", "origin": [16, 0, 13.5]},
			"faces": {
				"south": {"uv": [0, 0, 1, 1], "texture": "#6"}
			}
		},
		{
			"from": [2.4375, 0, 7.9375],
			"to": [2.5625, 1, 8.0625],
			"rotation": {"angle": 0, "axis": "y", "origin": [16, 0, 13.5]},
			"faces": {
				"west": {"uv": [0, 0, 1, 1], "texture": "#6"}
			}
		},
		{
			"from": [2.4375, 0, 7.9375],
			"to": [2.5625, 1, 8.0625],
			"rotation": {"angle": 0, "axis": "y", "origin": [16, 0, 13.5]},
			"faces": {
				"north": {"uv": [0, 0, 1, 1], "texture": "#6"}
			}
		},
		{
			"from": [2.4375, 0, 7.9375],
			"to": [2.5625, 1, 8.0625],
			"rotation": {"angle": 0, "axis": "y", "origin": [16, 0, 13.5]},
			"faces": {
				"east": {"uv": [0, 0, 1, 1], "texture": "#6"}
			}
		}
	]
}