{
	"credit": "Made by Tcathebluecreper",
	"textures": {
		"0": "block/blue_stained_glass",
		"1": "block/cyan_stained_glass",
		"2": "block/terracotta",
		"3": "block/blue_stained_glass_pane_top",
		"4": "block/light_blue_stained_glass_pane_top",
		"5": "block/light_blue_stained_glass",
		"6": "block/white_stained_glass_pane_top",
		"7": "block/white_stained_glass"
	},
	"elements": [
		{
			"from": [13.5, 0, 22.5],
			"to": [14.5, 1, 23.5],
			"rotation": {"angle": 0, "axis": "y", "origin": [16.5, 0, 25.5]},
			"faces": {
				"north": {"uv": [0, 0, 1, 1], "texture": "#0"},
				"east": {"uv": [0, 0, 1, 1], "texture": "#0"},
				"south": {"uv": [0, 0, 1, 1], "texture": "#0"},
				"west": {"uv": [0, 0, 16, 16], "texture": "#0"},
				"up": {"uv": [0, 0, 16, 16], "rotation": 180, "texture": "#0"},
				"down": {"uv": [0, 0, 16, 16], "rotation": 180, "texture": "#0"}
			}
		},
		{
			"from": [12.5, 0, 24.5],
			"to": [13.5, 1, 25.5],
			"rotation": {"angle": 0, "axis": "y", "origin": [16.5, 0, 25.5]},
			"faces": {
				"north": {"uv": [0, 0, 1, 1], "texture": "#1"},
				"east": {"uv": [0, 0, 1, 1], "texture": "#1"},
				"south": {"uv": [0, 0, 1, 1], "texture": "#1"},
				"up": {"uv": [0, 0, 16, 16], "rotation": 180, "texture": "#1"},
				"down": {"uv": [0, 0, 16, 16], "rotation": 180, "texture": "#1"}
			}
		},
		{
			"from": [11.5, 0, 24.5],
			"to": [12.5, 1, 25.5],
			"rotation": {"angle": 0, "axis": "y", "origin": [16.5, 0, 25.5]},
			"faces": {
				"north": {"uv": [0, 0, 1, 1], "texture": "#1"},
				"south": {"uv": [0, 0, 1, 1], "texture": "#1"},
				"west": {"uv": [0, 0, 16, 16], "texture": "#1"},
				"up": {"uv": [0, 0, 16, 16], "rotation": 180, "texture": "#1"},
				"down": {"uv": [0, 0, 16, 16], "rotation": 180, "texture": "#1"}
			}
		},
		{
			"from": [11.5, 0, 21.5],
			"to": [12.5, 1, 22.5],
			"rotation": {"angle": 0, "axis": "y", "origin": [16.5, 0, 25.5]},
			"faces": {
				"north": {"uv": [0, 0, 1, 1], "texture": "#1"},
				"east": {"uv": [0, 0, 1, 1], "texture": "#1"},
				"south": {"uv": [0, 0, 1, 1], "texture": "#1"},
				"west": {"uv": [0, 0, 1, 1], "texture": "#1"},
				"up": {"uv": [0, 0, 16, 16], "rotation": 180, "texture": "#1"},
				"down": {"uv": [0, 0, 16, 16], "rotation": 180, "texture": "#1"}
			}
		},
		{
			"from": [11.5, 0, 20.5],
			"to": [12.5, 1, 21.5],
			"rotation": {"angle": 0, "axis": "y", "origin": [16.5, 0, 25.5]},
			"faces": {
				"north": {"uv": [0, 0, 1, 1], "texture": "#0"},
				"east": {"uv": [0, 0, 1, 1], "texture": "#0"},
				"south": {"uv": [0, 0, 1, 1], "texture": "#0"},
				"up": {"uv": [0, 0, 16, 16], "rotation": 180, "texture": "#0"},
				"down": {"uv": [0, 0, 16, 16], "rotation": 180, "texture": "#0"}
			}
		},
		{
			"from": [10.5, 0, 24.5],
			"to": [11.5, 1, 25.5],
			"rotation": {"angle": 0, "axis": "y", "origin": [16.5, 0, 25.5]},
			"faces": {
				"north": {"uv": [0, 0, 1, 1], "texture": "#0"},
				"east": {"uv": [0, 0, 1, 1], "texture": "#0"},
				"south": {"uv": [0, 0, 1, 1], "texture": "#0"},
				"west": {"uv": [0, 0, 16, 16], "texture": "#0"},
				"up": {"uv": [0, 0, 16, 16], "rotation": 180, "texture": "#0"},
				"down": {"uv": [0, 0, 16, 16], "rotation": 180, "texture": "#0"}
			}
		},
		{
			"from": [10.5, 0, 21.5],
			"to": [11.5, 1, 22.5],
			"rotation": {"angle": 0, "axis": "y", "origin": [16.5, 0, 25.5]},
			"faces": {
				"east": {"uv": [0, 0, 1, 1], "texture": "#0"},
				"south": {"uv": [0, 0, 16, 16], "texture": "#0"},
				"west": {"uv": [0, 0, 16, 16], "texture": "#0"},
				"up": {"uv": [0, 0, 16, 16], "rotation": 180, "texture": "#0"},
				"down": {"uv": [0, 0, 16, 16], "rotation": 180, "texture": "#0"}
			}
		},
		{
			"from": [10.5, 0, 20.5],
			"to": [11.5, 1, 21.5],
			"rotation": {"angle": 0, "axis": "y", "origin": [16.5, 0, 25.5]},
			"faces": {
				"north": {"uv": [0, 0, 16, 16], "texture": "#0"},
				"up": {"uv": [0, 0, 16, 16], "rotation": 180, "texture": "#0"},
				"down": {"uv": [0, 0, 16, 16], "rotation": 180, "texture": "#0"}
			}
		},
		{
			"from": [10.5, 0, 18.5],
			"to": [11.5, 1, 19.5],
			"rotation": {"angle": 0, "axis": "y", "origin": [16.5, 0, 25.5]},
			"faces": {
				"north": {"uv": [0, 0, 1, 1], "texture": "#1"},
				"east": {"uv": [0, 0, 1, 1], "texture": "#1"},
				"south": {"uv": [0, 0, 1, 1], "texture": "#1"},
				"west": {"uv": [0, 0, 1, 1], "texture": "#1"},
				"up": {"uv": [0, 0, 16, 16], "rotation": 180, "texture": "#1"},
				"down": {"uv": [0, 0, 16, 16], "rotation": 180, "texture": "#1"}
			}
		},
		{
			"from": [10.5, 0, 16.5],
			"to": [11.5, 1, 17.5],
			"rotation": {"angle": 0, "axis": "y", "origin": [16.5, 0, 25.5]},
			"faces": {
				"north": {"uv": [0, 0, 1, 1], "texture": "#1"},
				"east": {"uv": [0, 0, 1, 1], "texture": "#1"},
				"south": {"uv": [0, 0, 1, 1], "texture": "#1"},
				"west": {"uv": [0, 0, 1, 1], "texture": "#1"},
				"up": {"uv": [0, 0, 16, 16], "rotation": 180, "texture": "#1"},
				"down": {"uv": [0, 0, 16, 16], "rotation": 180, "texture": "#1"}
			}
		},
		{
			"from": [9.5, 0, 23.5],
			"to": [10.5, 1, 24.5],
			"rotation": {"angle": 0, "axis": "y", "origin": [16.5, 0, 25.5]},
			"faces": {
				"north": {"uv": [0, 0, 1, 1], "texture": "#1"},
				"east": {"uv": [0, 0, 1, 1], "texture": "#1"},
				"south": {"uv": [0, 0, 1, 1], "texture": "#1"},
				"west": {"uv": [0, 0, 1, 1], "texture": "#1"},
				"up": {"uv": [0, 0, 16, 16], "rotation": 180, "texture": "#1"},
				"down": {"uv": [0, 0, 16, 16], "rotation": 180, "texture": "#1"}
			}
		},
		{
			"from": [9.5, 0, 20.5],
			"to": [10.5, 1, 21.5],
			"rotation": {"angle": 0, "axis": "y", "origin": [16.5, 0, 25.5]},
			"faces": {
				"north": {"uv": [0, 0, 1, 1], "texture": "#0"},
				"south": {"uv": [0, 0, 1, 1], "texture": "#0"},
				"west": {"uv": [0, 0, 16, 16], "texture": "#0"},
				"up": {"uv": [0, 0, 16, 16], "rotation": 180, "texture": "#0"},
				"down": {"uv": [0, 0, 16, 16], "rotation": 180, "texture": "#0"}
			}
		},
		{
			"from": [8.5, 0, 21.5],
			"to": [9.5, 1, 22.5],
			"rotation": {"angle": 0, "axis": "y", "origin": [16.5, 0, 25.5]},
			"faces": {
				"east": {"uv": [0, 0, 1, 1], "texture": "#1"},
				"south": {"uv": [0, 0, 1, 1], "texture": "#1"},
				"west": {"uv": [0, 0, 1, 1], "texture": "#1"},
				"up": {"uv": [0, 0, 16, 16], "rotation": 180, "texture": "#1"},
				"down": {"uv": [0, 0, 16, 16], "rotation": 180, "texture": "#1"}
			}
		},
		{
			"from": [8.5, 0, 20.5],
			"to": [9.5, 1, 21.5],
			"rotation": {"angle": 0, "axis": "y", "origin": [16.5, 0, 25.5]},
			"faces": {
				"east": {"uv": [0, 0, 1, 1], "texture": "#1"},
				"west": {"uv": [0, 0, 1, 1], "texture": "#1"},
				"up": {"uv": [0, 0, 16, 16], "rotation": 180, "texture": "#1"},
				"down": {"uv": [0, 0, 16, 16], "rotation": 180, "texture": "#1"}
			}
		},
		{
			"from": [8.5, 0, 19.5],
			"to": [9.5, 1, 20.5],
			"rotation": {"angle": 0, "axis": "y", "origin": [16.5, 0, 25.5]},
			"faces": {
				"north": {"uv": [0, 0, 16, 16], "texture": "#1"},
				"east": {"uv": [0, 0, 1, 1], "texture": "#1"},
				"west": {"uv": [0, 0, 1, 1], "texture": "#1"},
				"up": {"uv": [0, 0, 16, 16], "rotation": 180, "texture": "#1"},
				"down": {"uv": [0, 0, 16, 16], "rotation": 180, "texture": "#1"}
			}
		},
		{
			"from": [7.5, 0, 16.5],
			"to": [8.5, 1, 17.5],
			"rotation": {"angle": 0, "axis": "y", "origin": [16.5, 0, 25.5]},
			"faces": {
				"north": {"uv": [0, 0, 1, 1], "texture": "#0"},
				"east": {"uv": [0, 0, 1, 1], "texture": "#0"},
				"south": {"uv": [0, 0, 1, 1], "texture": "#0"},
				"west": {"uv": [0, 0, 16, 16], "texture": "#0"},
				"up": {"uv": [0, 0, 16, 16], "rotation": 180, "texture": "#0"},
				"down": {"uv": [0, 0, 16, 16], "rotation": 180, "texture": "#0"}
			}
		},
		{
			"from": [7.5, 0, 15.5],
			"to": [8.5, 1, 16.5],
			"rotation": {"angle": 0, "axis": "y", "origin": [16.5, 0, 25.5]},
			"faces": {
				"north": {"uv": [0, 0, 1, 1], "texture": "#1"},
				"east": {"uv": [0, 0, 1, 1], "texture": "#1"},
				"south": {"uv": [0, 0, 1, 1], "texture": "#1"},
				"up": {"uv": [0, 0, 16, 16], "rotation": 180, "texture": "#1"},
				"down": {"uv": [0, 0, 16, 16], "rotation": 180, "texture": "#1"}
			}
		},
		{
			"from": [6.5, 0, 20.5],
			"to": [7.5, 1, 21.5],
			"rotation": {"angle": 0, "axis": "y", "origin": [16.5, 0, 25.5]},
			"faces": {
				"north": {"uv": [0, 0, 1, 1], "texture": "#0"},
				"east": {"uv": [0, 0, 1, 1], "texture": "#0"},
				"south": {"uv": [0, 0, 1, 1], "texture": "#0"},
				"west": {"uv": [0, 0, 16, 16], "texture": "#0"},
				"up": {"uv": [0, 0, 16, 16], "rotation": 180, "texture": "#0"},
				"down": {"uv": [0, 0, 16, 16], "rotation": 180, "texture": "#0"}
			}
		},
		{
			"from": [6.5, 0, 17.5],
			"to": [7.5, 1, 18.5],
			"rotation": {"angle": 0, "axis": "y", "origin": [16.5, 0, 25.5]},
			"faces": {
				"north": {"uv": [0, 0, 1, 1], "texture": "#1"},
				"east": {"uv": [0, 0, 1, 1], "texture": "#1"},
				"south": {"uv": [0, 0, 1, 1], "texture": "#1"},
				"west": {"uv": [0, 0, 1, 1], "texture": "#1"},
				"up": {"uv": [0, 0, 16, 16], "rotation": 180, "texture": "#1"},
				"down": {"uv": [0, 0, 16, 16], "rotation": 180, "texture": "#1"}
			}
		},
		{
			"from": [6.5, 0, 15.5],
			"to": [7.5, 1, 16.5],
			"rotation": {"angle": 0, "axis": "y", "origin": [16.5, 0, 25.5]},
			"faces": {
				"north": {"uv": [0, 0, 1, 1], "texture": "#1"},
				"south": {"uv": [0, 0, 1, 1], "texture": "#1"},
				"west": {"uv": [0, 0, 1, 1], "texture": "#1"},
				"up": {"uv": [0, 0, 16, 16], "rotation": 180, "texture": "#1"},
				"down": {"uv": [0, 0, 16, 16], "rotation": 180, "texture": "#1"}
			}
		},
		{
			"from": [5.5, 0, 21.5],
			"to": [6.5, 1, 22.5],
			"rotation": {"angle": 0, "axis": "y", "origin": [16.5, 0, 25.5]},
			"faces": {
				"north": {"uv": [0, 0, 1, 1], "texture": "#1"},
				"east": {"uv": [0, 0, 1, 1], "texture": "#1"},
				"south": {"uv": [0, 0, 1, 1], "texture": "#1"},
				"up": {"uv": [0, 0, 16, 16], "rotation": 180, "texture": "#1"},
				"down": {"uv": [0, 0, 16, 16], "rotation": 180, "texture": "#1"}
			}
		},
		{
			"from": [5.5, 0, 19.5],
			"to": [6.5, 1, 20.5],
			"rotation": {"angle": 0, "axis": "y", "origin": [16.5, 0, 25.5]},
			"faces": {
				"east": {"uv": [0, 0, 1, 1], "texture": "#1"},
				"south": {"uv": [0, 0, 1, 1], "texture": "#1"},
				"west": {"uv": [0, 0, 1, 1], "texture": "#1"},
				"up": {"uv": [0, 0, 16, 16], "rotation": 180, "texture": "#1"},
				"down": {"uv": [0, 0, 16, 16], "rotation": 180, "texture": "#1"}
			}
		},
		{
			"from": [5.5, 0, 18.5],
			"to": [6.5, 1, 19.5],
			"rotation": {"angle": 0, "axis": "y", "origin": [16.5, 0, 25.5]},
			"faces": {
				"north": {"uv": [0, 0, 1, 1], "texture": "#1"},
				"east": {"uv": [0, 0, 1, 1], "texture": "#1"},
				"up": {"uv": [0, 0, 16, 16], "rotation": 180, "texture": "#1"},
				"down": {"uv": [0, 0, 16, 16], "rotation": 180, "texture": "#1"}
			}
		},
		{
			"from": [5.5, 0, 17.5],
			"to": [6.5, 1, 18.5],
			"rotation": {"angle": 0, "axis": "y", "origin": [16.5, 0, 25.5]},
			"faces": {
				"north": {"uv": [0, 0, 1, 1], "texture": "#0"},
				"east": {"uv": [0, 0, 1, 1], "texture": "#0"},
				"south": {"uv": [0, 0, 1, 1], "texture": "#0"},
				"west": {"uv": [0, 0, 16, 16], "texture": "#0"},
				"up": {"uv": [0, 0, 16, 16], "rotation": 180, "texture": "#0"},
				"down": {"uv": [0, 0, 16, 16], "rotation": 180, "texture": "#0"}
			}
		},
		{
			"from": [4.5, 0, 21.5],
			"to": [5.5, 1, 22.5],
			"rotation": {"angle": 0, "axis": "y", "origin": [16.5, 0, 25.5]},
			"faces": {
				"south": {"uv": [0, 0, 16, 16], "texture": "#1"},
				"up": {"uv": [0, 0, 16, 16], "rotation": 180, "texture": "#1"},
				"down": {"uv": [0, 0, 16, 16], "rotation": 180, "texture": "#1"}
			}
		},
		{
			"from": [4.5, 0, 20.5],
			"to": [5.5, 1, 21.5],
			"rotation": {"angle": 0, "axis": "y", "origin": [16.5, 0, 25.5]},
			"faces": {
				"north": {"uv": [0, 0, 1, 1], "texture": "#1"},
				"east": {"uv": [0, 0, 1, 1], "texture": "#1"},
				"west": {"uv": [0, 0, 1, 1], "texture": "#1"},
				"up": {"uv": [0, 0, 16, 16], "rotation": 180, "texture": "#1"},
				"down": {"uv": [0, 0, 16, 16], "rotation": 180, "texture": "#1"}
			}
		},
		{
			"from": [4.5, 0, 18.5],
			"to": [5.5, 1, 19.5],
			"rotation": {"angle": 0, "axis": "y", "origin": [16.5, 0, 25.5]},
			"faces": {
				"north": {"uv": [0, 0, 1, 1], "texture": "#1"},
				"south": {"uv": [0, 0, 1, 1], "texture": "#1"},
				"west": {"uv": [0, 0, 1, 1], "texture": "#1"},
				"up": {"uv": [0, 0, 16, 16], "rotation": 180, "texture": "#1"},
				"down": {"uv": [0, 0, 16, 16], "rotation": 180, "texture": "#1"}
			}
		},
		{
			"from": [3.5, 0, 21.5],
			"to": [4.5, 1, 22.5],
			"rotation": {"angle": 0, "axis": "y", "origin": [16.5, 0, 25.5]},
			"faces": {
				"north": {"uv": [0, 0, 1, 1], "texture": "#1"},
				"south": {"uv": [0, 0, 1, 1], "texture": "#1"},
				"west": {"uv": [0, 0, 1, 1], "texture": "#1"},
				"up": {"uv": [0, 0, 16, 16], "rotation": 180, "texture": "#1"},
				"down": {"uv": [0, 0, 16, 16], "rotation": 180, "texture": "#1"}
			}
		},
		{
			"from": [3.5, 0, 17.5],
			"to": [4.5, 1, 18.5],
			"rotation": {"angle": 0, "axis": "y", "origin": [16.5, 0, 25.5]},
			"faces": {
				"north": {"uv": [0, 0, 1, 1], "texture": "#1"},
				"east": {"uv": [0, 0, 1, 1], "texture": "#1"},
				"south": {"uv": [0, 0, 1, 1], "texture": "#1"},
				"west": {"uv": [0, 0, 1, 1], "texture": "#1"},
				"up": {"uv": [0, 0, 16, 16], "rotation": 180, "texture": "#1"},
				"down": {"uv": [0, 0, 16, 16], "rotation": 180, "texture": "#1"}
			}
		},
		{
			"from": [2.5, 0, 23.5],
			"to": [3.5, 1, 24.5],
			"rotation": {"angle": 0, "axis": "y", "origin": [16.5, 0, 25.5]},
			"faces": {
				"north": {"uv": [0, 0, 16, 16], "texture": "#2"},
				"east": {"uv": [0, 0, 16, 16], "texture": "#2"},
				"south": {"uv": [0, 0, 16, 16], "texture": "#2"},
				"west": {"uv": [0, 0, 16, 16], "texture": "#2"},
				"up": {"uv": [0, 0, 16, 16], "rotation": 180, "texture": "#2"},
				"down": {"uv": [0, 0, 16, 16], "rotation": 180, "texture": "#2"}
			}
		},
		{
			"from": [2.5, 0, 18.5],
			"to": [3.5, 1, 19.5],
			"rotation": {"angle": 0, "axis": "y", "origin": [16.5, 0, 25.5]},
			"faces": {
				"north": {"uv": [0, 0, 1, 1], "texture": "#1"},
				"east": {"uv": [0, 0, 1, 1], "texture": "#1"},
				"south": {"uv": [0, 0, 1, 1], "texture": "#1"},
				"west": {"uv": [0, 0, 1, 1], "texture": "#1"},
				"up": {"uv": [0, 0, 16, 16], "rotation": 180, "texture": "#1"},
				"down": {"uv": [0, 0, 16, 16], "rotation": 180, "texture": "#1"}
			}
		},
		{
			"from": [13.9375, 0, 23.9375],
			"to": [14.0625, 1, 24.0625],
			"rotation": {"angle": 0, "axis": "y", "origin": [16.5, 0, 25.5]},
			"faces": {
				"up": {"uv": [7, 7, 9, 9], "rotation": 180, "texture": "#3"},
				"down": {"uv": [7, 7, 9, 9], "rotation": 180, "texture": "#3"}
			}
		},
		{
			"from": [13.9375, 0, 23.9375],
			"to": [14.0625, 1, 24.0625],
			"rotation": {"angle": 0, "axis": "y", "origin": [16.5, 0, 25.5]},
			"faces": {
				"south": {"uv": [9, 0, 7, 16], "texture": "#0"}
			}
		},
		{
			"from": [13.9375, 0, 23.9375],
			"to": [14.0625, 1, 24.0625],
			"rotation": {"angle": 0, "axis": "y", "origin": [16.5, 0, 25.5]},
			"faces": {
				"west": {"uv": [7, 0, 9, 16], "texture": "#0"}
			}
		},
		{
			"from": [13.9375, 0, 23.9375],
			"to": [14.0625, 1, 24.0625],
			"rotation": {"angle": 0, "axis": "y", "origin": [16.5, 0, 25.5]},
			"faces": {
				"north": {"uv": [7, 0, 9, 16], "texture": "#0"}
			}
		},
		{
			"from": [13.9375, 0, 23.9375],
			"to": [14.0625, 1, 24.0625],
			"rotation": {"angle": 0, "axis": "y", "origin": [16.5, 0, 25.5]},
			"faces": {
				"east": {"uv": [9, 0, 7, 16], "texture": "#0"}
			}
		},
		{
			"from": [13.9375, 0, 21.9375],
			"to": [14.0625, 1, 22.0625],
			"rotation": {"angle": 0, "axis": "y", "origin": [16.5, 0, 25.5]},
			"faces": {
				"up": {"uv": [7, 7, 9, 9], "rotation": 180, "texture": "#3"},
				"down": {"uv": [7, 7, 9, 9], "rotation": 180, "texture": "#3"}
			}
		},
		{
			"from": [13.9375, 0, 21.9375],
			"to": [14.0625, 1, 22.0625],
			"rotation": {"angle": 0, "axis": "y", "origin": [16.5, 0, 25.5]},
			"faces": {
				"south": {"uv": [0, 0, 1, 1], "texture": "#0"}
			}
		},
		{
			"from": [13.9375, 0, 21.9375],
			"to": [14.0625, 1, 22.0625],
			"rotation": {"angle": 0, "axis": "y", "origin": [16.5, 0, 25.5]},
			"faces": {
				"west": {"uv": [0, 0, 1, 1], "texture": "#0"}
			}
		},
		{
			"from": [13.9375, 0, 21.9375],
			"to": [14.0625, 1, 22.0625],
			"rotation": {"angle": 0, "axis": "y", "origin": [16.5, 0, 25.5]},
			"faces": {
				"north": {"uv": [0, 0, 1, 1], "texture": "#0"}
			}
		},
		{
			"from": [13.9375, 0, 21.9375],
			"to": [14.0625, 1, 22.0625],
			"rotation": {"angle": 0, "axis": "y", "origin": [16.5, 0, 25.5]},
			"faces": {
				"east": {"uv": [0, 0, 1, 1], "texture": "#0"}
			}
		},
		{
			"from": [13.9375, 0, 18.9375],
			"to": [14.0625, 1, 19.0625],
			"rotation": {"angle": 0, "axis": "y", "origin": [16.5, 0, 25.5]},
			"faces": {
				"up": {"uv": [7, 7, 9, 9], "rotation": 180, "texture": "#4"},
				"down": {"uv": [7, 7, 9, 9], "rotation": 180, "texture": "#4"}
			}
		},
		{
			"from": [13.9375, 0, 18.9375],
			"to": [14.0625, 1, 19.0625],
			"rotation": {"angle": 0, "axis": "y", "origin": [16.5, 0, 25.5]},
			"faces": {
				"south": {"uv": [9, 0, 7, 16], "texture": "#5"}
			}
		},
		{
			"from": [13.9375, 0, 18.9375],
			"to": [14.0625, 1, 19.0625],
			"rotation": {"angle": 0, "axis": "y", "origin": [16.5, 0, 25.5]},
			"faces": {
				"west": {"uv": [7, 0, 9, 16], "texture": "#5"}
			}
		},
		{
			"from": [13.9375, 0, 18.9375],
			"to": [14.0625, 1, 19.0625],
			"rotation": {"angle": 0, "axis": "y", "origin": [16.5, 0, 25.5]},
			"faces": {
				"north": {"uv": [7, 0, 9, 16], "texture": "#5"}
			}
		},
		{
			"from": [13.9375, 0, 18.9375],
			"to": [14.0625, 1, 19.0625],
			"rotation": {"angle": 0, "axis": "y", "origin": [16.5, 0, 25.5]},
			"faces": {
				"east": {"uv": [9, 0, 7, 16], "texture": "#5"}
			}
		},
		{
			"from": [13.9375, 0, 17.9375],
			"to": [14.0625, 1, 18.0625],
			"rotation": {"angle": 0, "axis": "y", "origin": [16.5, 0, 25.5]},
			"faces": {
				"up": {"uv": [7, 7, 9, 9], "rotation": 180, "texture": "#6"},
				"down": {"uv": [7, 7, 9, 9], "rotation": 180, "texture": "#6"}
			}
		},
		{
			"from": [13.9375, 0, 17.9375],
			"to": [14.0625, 1, 18.0625],
			"rotation": {"angle": 0, "axis": "y", "origin": [16.5, 0, 25.5]},
			"faces": {
				"south": {"uv": [9, 0, 7, 16], "texture": "#7"}
			}
		},
		{
			"from": [13.9375, 0, 17.9375],
			"to": [14.0625, 1, 18.0625],
			"rotation": {"angle": 0, "axis": "y", "origin": [16.5, 0, 25.5]},
			"faces": {
				"west": {"uv": [7, 0, 9, 16], "texture": "#7"}
			}
		},
		{
			"from": [13.9375, 0, 17.9375],
			"to": [14.0625, 1, 18.0625],
			"rotation": {"angle": 0, "axis": "y", "origin": [16.5, 0, 25.5]},
			"faces": {
				"north": {"uv": [7, 0, 9, 16], "texture": "#7"}
			}
		},
		{
			"from": [13.9375, 0, 17.9375],
			"to": [14.0625, 1, 18.0625],
			"rotation": {"angle": 0, "axis": "y", "origin": [16.5, 0, 25.5]},
			"faces": {
				"east": {"uv": [9, 0, 7, 16], "texture": "#7"}
			}
		},
		{
			"from": [13.9375, 0, 16.9375],
			"to": [14.0625, 1, 17.0625],
			"rotation": {"angle": 0, "axis": "y", "origin": [16.5, 0, 25.5]},
			"faces": {
				"up": {"uv": [7, 7, 9, 9], "rotation": 180, "texture": "#3"},
				"down": {"uv": [7, 7, 9, 9], "rotation": 180, "texture": "#3"}
			}
		},
		{
			"from": [13.9375, 0, 16.9375],
			"to": [14.0625, 1, 17.0625],
			"rotation": {"angle": 0, "axis": "y", "origin": [16.5, 0, 25.5]},
			"faces": {
				"south": {"uv": [0, 0, 1, 1], "texture": "#0"}
			}
		},
		{
			"from": [13.9375, 0, 16.9375],
			"to": [14.0625, 1, 17.0625],
			"rotation": {"angle": 0, "axis": "y", "origin": [16.5, 0, 25.5]},
			"faces": {
				"west": {"uv": [0, 0, 1, 1], "texture": "#0"}
			}
		},
		{
			"from": [13.9375, 0, 16.9375],
			"to": [14.0625, 1, 17.0625],
			"rotation": {"angle": 0, "axis": "y", "origin": [16.5, 0, 25.5]},
			"faces": {
				"north": {"uv": [0, 0, 1, 1], "texture": "#0"}
			}
		},
		{
			"from": [13.9375, 0, 16.9375],
			"to": [14.0625, 1, 17.0625],
			"rotation": {"angle": 0, "axis": "y", "origin": [16.5, 0, 25.5]},
			"faces": {
				"east": {"uv": [0, 0, 1, 1], "texture": "#0"}
			}
		},
		{
			"from": [12.9375, 0, 23.9375],
			"to": [13.0625, 1, 24.0625],
			"rotation": {"angle": 0, "axis": "y", "origin": [16.5, 0, 25.5]},
			"faces": {
				"up": {"uv": [7, 7, 9, 9], "rotation": 180, "texture": "#6"},
				"down": {"uv": [7, 7, 9, 9], "rotation": 180, "texture": "#6"}
			}
		},
		{
			"from": [12.9375, 0, 23.9375],
			"to": [13.0625, 1, 24.0625],
			"rotation": {"angle": 0, "axis": "y", "origin": [16.5, 0, 25.5]},
			"faces": {
				"south": {"uv": [0, 0, 1, 1], "texture": "#7"}
			}
		},
		{
			"from": [12.9375, 0, 23.9375],
			"to": [13.0625, 1, 24.0625],
			"rotation": {"angle": 0, "axis": "y", "origin": [16.5, 0, 25.5]},
			"faces": {
				"west": {"uv": [0, 0, 1, 1], "texture": "#7"}
			}
		},
		{
			"from": [12.9375, 0, 23.9375],
			"to": [13.0625, 1, 24.0625],
			"rotation": {"angle": 0, "axis": "y", "origin": [16.5, 0, 25.5]},
			"faces": {
				"north": {"uv": [0, 0, 1, 1], "texture": "#7"}
			}
		},
		{
			"from": [12.9375, 0, 23.9375],
			"to": [13.0625, 1, 24.0625],
			"rotation": {"angle": 0, "axis": "y", "origin": [16.5, 0, 25.5]},
			"faces": {
				"east": {"uv": [0, 0, 1, 1], "texture": "#7"}
			}
		},
		{
			"from": [12.9375, 0, 22.9375],
			"to": [13.0625, 1, 23.0625],
			"rotation": {"angle": 0, "axis": "y", "origin": [16.5, 0, 25.5]},
			"faces": {
				"up": {"uv": [7, 7, 9, 9], "rotation": 180, "texture": "#4"},
				"down": {"uv": [7, 7, 9, 9], "rotation": 180, "texture": "#4"}
			}
		},
		{
			"from": [12.9375, 0, 22.9375],
			"to": [13.0625, 1, 23.0625],
			"rotation": {"angle": 0, "axis": "y", "origin": [16.5, 0, 25.5]},
			"faces": {
				"south": {"uv": [0, 0, 1, 1], "texture": "#5"}
			}
		},
		{
			"from": [12.9375, 0, 22.9375],
			"to": [13.0625, 1, 23.0625],
			"rotation": {"angle": 0, "axis": "y", "origin": [16.5, 0, 25.5]},
			"faces": {
				"west": {"uv": [0, 0, 1, 1], "texture": "#5"}
			}
		},
		{
			"from": [12.9375, 0, 22.9375],
			"to": [13.0625, 1, 23.0625],
			"rotation": {"angle": 0, "axis": "y", "origin": [16.5, 0, 25.5]},
			"faces": {
				"north": {"uv": [0, 0, 1, 1], "texture": "#5"}
			}
		},
		{
			"from": [12.9375, 0, 22.9375],
			"to": [13.0625, 1, 23.0625],
			"rotation": {"angle": 0, "axis": "y", "origin": [16.5, 0, 25.5]},
			"faces": {
				"east": {"uv": [0, 0, 1, 1], "texture": "#5"}
			}
		},
		{
			"from": [12.9375, 0, 21.9375],
			"to": [13.0625, 1, 22.0625],
			"rotation": {"angle": 0, "axis": "y", "origin": [16.5, 0, 25.5]},
			"faces": {
				"up": {"uv": [7, 7, 9, 9], "rotation": 180, "texture": "#3"},
				"down": {"uv": [7, 7, 9, 9], "rotation": 180, "texture": "#3"}
			}
		},
		{
			"from": [12.9375, 0, 21.9375],
			"to": [13.0625, 1, 22.0625],
			"rotation": {"angle": 0, "axis": "y", "origin": [16.5, 0, 25.5]},
			"faces": {
				"south": {"uv": [0, 0, 1, 1], "texture": "#0"}
			}
		},
		{
			"from": [12.9375, 0, 21.9375],
			"to": [13.0625, 1, 22.0625],
			"rotation": {"angle": 0, "axis": "y", "origin": [16.5, 0, 25.5]},
			"faces": {
				"west": {"uv": [0, 0, 1, 1], "texture": "#0"}
			}
		},
		{
			"from": [12.9375, 0, 21.9375],
			"to": [13.0625, 1, 22.0625],
			"rotation": {"angle": 0, "axis": "y", "origin": [16.5, 0, 25.5]},
			"faces": {
				"north": {"uv": [0, 0, 1, 1], "texture": "#0"}
			}
		},
		{
			"from": [12.9375, 0, 21.9375],
			"to": [13.0625, 1, 22.0625],
			"rotation": {"angle": 0, "axis": "y", "origin": [16.5, 0, 25.5]},
			"faces": {
				"east": {"uv": [0, 0, 1, 1], "texture": "#0"}
			}
		},
		{
			"from": [12.9375, 0, 20.9375],
			"to": [13.0625, 1, 21.0625],
			"rotation": {"angle": 0, "axis": "y", "origin": [16.5, 0, 25.5]},
			"faces": {
				"up": {"uv": [7, 7, 9, 9], "rotation": 180, "texture": "#3"},
				"down": {"uv": [7, 7, 9, 9], "rotation": 180, "texture": "#3"}
			}
		},
		{
			"from": [12.9375, 0, 20.9375],
			"to": [13.0625, 1, 21.0625],
			"rotation": {"angle": 0, "axis": "y", "origin": [16.5, 0, 25.5]},
			"faces": {
				"south": {"uv": [0, 0, 1, 1], "texture": "#0"}
			}
		},
		{
			"from": [12.9375, 0, 20.9375],
			"to": [13.0625, 1, 21.0625],
			"rotation": {"angle": 0, "axis": "y", "origin": [16.5, 0, 25.5]},
			"faces": {
				"west": {"uv": [0, 0, 1, 1], "texture": "#0"}
			}
		},
		{
			"from": [12.9375, 0, 20.9375],
			"to": [13.0625, 1, 21.0625],
			"rotation": {"angle": 0, "axis": "y", "origin": [16.5, 0, 25.5]},
			"faces": {
				"north": {"uv": [0, 0, 1, 1], "texture": "#0"}
			}
		},
		{
			"from": [12.9375, 0, 20.9375],
			"to": [13.0625, 1, 21.0625],
			"rotation": {"angle": 0, "axis": "y", "origin": [16.5, 0, 25.5]},
			"faces": {
				"east": {"uv": [0, 0, 1, 1], "texture": "#0"}
			}
		},
		{
			"from": [12.9375, 0, 19.9375],
			"to": [13.0625, 1, 20.0625],
			"rotation": {"angle": 0, "axis": "y", "origin": [16.5, 0, 25.5]},
			"faces": {
				"up": {"uv": [7, 7, 9, 9], "rotation": 180, "texture": "#3"},
				"down": {"uv": [7, 7, 9, 9], "rotation": 180, "texture": "#3"}
			}
		},
		{
			"from": [12.9375, 0, 19.9375],
			"to": [13.0625, 1, 20.0625],
			"rotation": {"angle": 0, "axis": "y", "origin": [16.5, 0, 25.5]},
			"faces": {
				"south": {"uv": [0, 0, 1, 1], "texture": "#0"}
			}
		},
		{
			"from": [12.9375, 0, 19.9375],
			"to": [13.0625, 1, 20.0625],
			"rotation": {"angle": 0, "axis": "y", "origin": [16.5, 0, 25.5]},
			"faces": {
				"west": {"uv": [0, 0, 1, 1], "texture": "#0"}
			}
		},
		{
			"from": [12.9375, 0, 19.9375],
			"to": [13.0625, 1, 20.0625],
			"rotation": {"angle": 0, "axis": "y", "origin": [16.5, 0, 25.5]},
			"faces": {
				"north": {"uv": [0, 0, 1, 1], "texture": "#0"}
			}
		},
		{
			"from": [12.9375, 0, 19.9375],
			"to": [13.0625, 1, 20.0625],
			"rotation": {"angle": 0, "axis": "y", "origin": [16.5, 0, 25.5]},
			"faces": {
				"east": {"uv": [0, 0, 1, 1], "texture": "#0"}
			}
		},
		{
			"from": [12.9375, 0, 18.9375],
			"to": [13.0625, 1, 19.0625],
			"rotation": {"angle": 0, "axis": "y", "origin": [16.5, 0, 25.5]},
			"faces": {
				"up": {"uv": [7, 7, 9, 9], "rotation": 180, "texture": "#6"},
				"down": {"uv": [7, 7, 9, 9], "rotation": 180, "texture": "#6"}
			}
		},
		{
			"from": [12.9375, 0, 18.9375],
			"to": [13.0625, 1, 19.0625],
			"rotation": {"angle": 0, "axis": "y", "origin": [16.5, 0, 25.5]},
			"faces": {
				"south": {"uv": [0, 0, 1, 1], "texture": "#7"}
			}
		},
		{
			"from": [12.9375, 0, 18.9375],
			"to": [13.0625, 1, 19.0625],
			"rotation": {"angle": 0, "axis": "y", "origin": [16.5, 0, 25.5]},
			"faces": {
				"west": {"uv": [0, 0, 1, 1], "texture": "#7"}
			}
		},
		{
			"from": [12.9375, 0, 18.9375],
			"to": [13.0625, 1, 19.0625],
			"rotation": {"angle": 0, "axis": "y", "origin": [16.5, 0, 25.5]},
			"faces": {
				"north": {"uv": [0, 0, 1, 1], "texture": "#7"}
			}
		},
		{
			"from": [12.9375, 0, 18.9375],
			"to": [13.0625, 1, 19.0625],
			"rotation": {"angle": 0, "axis": "y", "origin": [16.5, 0, 25.5]},
			"faces": {
				"east": {"uv": [0, 0, 1, 1], "texture": "#7"}
			}
		},
		{
			"from": [12.9375, 0, 17.9375],
			"to": [13.0625, 1, 18.0625],
			"rotation": {"angle": 0, "axis": "y", "origin": [16.5, 0, 25.5]},
			"faces": {
				"up": {"uv": [7, 7, 9, 9], "rotation": 180, "texture": "#6"},
				"down": {"uv": [7, 7, 9, 9], "rotation": 180, "texture": "#6"}
			}
		},
		{
			"from": [12.9375, 0, 17.9375],
			"to": [13.0625, 1, 18.0625],
			"rotation": {"angle": 0, "axis": "y", "origin": [16.5, 0, 25.5]},
			"faces": {
				"south": {"uv": [0, 0, 1, 1], "texture": "#7"}
			}
		},
		{
			"from": [12.9375, 0, 17.9375],
			"to": [13.0625, 1, 18.0625],
			"rotation": {"angle": 0, "axis": "y", "origin": [16.5, 0, 25.5]},
			"faces": {
				"west": {"uv": [0, 0, 1, 1], "texture": "#7"}
			}
		},
		{
			"from": [12.9375, 0, 17.9375],
			"to": [13.0625, 1, 18.0625],
			"rotation": {"angle": 0, "axis": "y", "origin": [16.5, 0, 25.5]},
			"faces": {
				"north": {"uv": [0, 0, 1, 1], "texture": "#7"}
			}
		},
		{
			"from": [12.9375, 0, 17.9375],
			"to": [13.0625, 1, 18.0625],
			"rotation": {"angle": 0, "axis": "y", "origin": [16.5, 0, 25.5]},
			"faces": {
				"east": {"uv": [0, 0, 1, 1], "texture": "#7"}
			}
		},
		{
			"from": [12.9375, 0, 16.9375],
			"to": [13.0625, 1, 17.0625],
			"rotation": {"angle": 0, "axis": "y", "origin": [16.5, 0, 25.5]},
			"faces": {
				"up": {"uv": [7, 7, 9, 9], "rotation": 180, "texture": "#3"},
				"down": {"uv": [7, 7, 9, 9], "rotation": 180, "texture": "#3"}
			}
		},
		{
			"from": [12.9375, 0, 16.9375],
			"to": [13.0625, 1, 17.0625],
			"rotation": {"angle": 0, "axis": "y", "origin": [16.5, 0, 25.5]},
			"faces": {
				"south": {"uv": [0, 0, 1, 1], "texture": "#0"}
			}
		},
		{
			"from": [12.9375, 0, 16.9375],
			"to": [13.0625, 1, 17.0625],
			"rotation": {"angle": 0, "axis": "y", "origin": [16.5, 0, 25.5]},
			"faces": {
				"west": {"uv": [0, 0, 1, 1], "texture": "#0"}
			}
		},
		{
			"from": [12.9375, 0, 16.9375],
			"to": [13.0625, 1, 17.0625],
			"rotation": {"angle": 0, "axis": "y", "origin": [16.5, 0, 25.5]},
			"faces": {
				"north": {"uv": [0, 0, 1, 1], "texture": "#0"}
			}
		},
		{
			"from": [12.9375, 0, 16.9375],
			"to": [13.0625, 1, 17.0625],
			"rotation": {"angle": 0, "axis": "y", "origin": [16.5, 0, 25.5]},
			"faces": {
				"east": {"uv": [0, 0, 1, 1], "texture": "#0"}
			}
		},
		{
			"from": [12.9375, 0, 15.9375],
			"to": [13.0625, 1, 16.0625],
			"rotation": {"angle": 0, "axis": "y", "origin": [16.5, 0, 25.5]},
			"faces": {
				"up": {"uv": [7, 7, 9, 9], "rotation": 180, "texture": "#6"},
				"down": {"uv": [7, 7, 9, 9], "rotation": 180, "texture": "#6"}
			}
		},
		{
			"from": [12.9375, 0, 15.9375],
			"to": [13.0625, 1, 16.0625],
			"rotation": {"angle": 0, "axis": "y", "origin": [16.5, 0, 25.5]},
			"faces": {
				"south": {"uv": [0, 0, 1, 1], "texture": "#7"}
			}
		},
		{
			"from": [12.9375, 0, 15.9375],
			"to": [13.0625, 1, 16.0625],
			"rotation": {"angle": 0, "axis": "y", "origin": [16.5, 0, 25.5]},
			"faces": {
				"west": {"uv": [0, 0, 1, 1], "texture": "#7"}
			}
		},
		{
			"from": [12.9375, 0, 15.9375],
			"to": [13.0625, 1, 16.0625],
			"rotation": {"angle": 0, "axis": "y", "origin": [16.5, 0, 25.5]},
			"faces": {
				"north": {"uv": [0, 0, 1, 1], "texture": "#7"}
			}
		},
		{
			"from": [12.9375, 0, 15.9375],
			"to": [13.0625, 1, 16.0625],
			"rotation": {"angle": 0, "axis": "y", "origin": [16.5, 0, 25.5]},
			"faces": {
				"east": {"uv": [0, 0, 1, 1], "texture": "#7"}
			}
		},
		{
			"from": [11.9375, 0, 23.9375],
			"to": [12.0625, 1, 24.0625],
			"rotation": {"angle": 0, "axis": "y", "origin": [16.5, 0, 25.5]},
			"faces": {
				"up": {"uv": [7, 7, 9, 9], "rotation": 180, "texture": "#4"},
				"down": {"uv": [7, 7, 9, 9], "rotation": 180, "texture": "#4"}
			}
		},
		{
			"from": [11.9375, 0, 23.9375],
			"to": [12.0625, 1, 24.0625],
			"rotation": {"angle": 0, "axis": "y", "origin": [16.5, 0, 25.5]},
			"faces": {
				"south": {"uv": [0, 0, 1, 1], "texture": "#5"}
			}
		},
		{
			"from": [11.9375, 0, 23.9375],
			"to": [12.0625, 1, 24.0625],
			"rotation": {"angle": 0, "axis": "y", "origin": [16.5, 0, 25.5]},
			"faces": {
				"west": {"uv": [0, 0, 1, 1], "texture": "#5"}
			}
		},
		{
			"from": [11.9375, 0, 23.9375],
			"to": [12.0625, 1, 24.0625],
			"rotation": {"angle": 0, "axis": "y", "origin": [16.5, 0, 25.5]},
			"faces": {
				"north": {"uv": [0, 0, 1, 1], "texture": "#5"}
			}
		},
		{
			"from": [11.9375, 0, 23.9375],
			"to": [12.0625, 1, 24.0625],
			"rotation": {"angle": 0, "axis": "y", "origin": [16.5, 0, 25.5]},
			"faces": {
				"east": {"uv": [0, 0, 1, 1], "texture": "#5"}
			}
		},
		{
			"from": [11.9375, 0, 22.9375],
			"to": [12.0625, 1, 23.0625],
			"rotation": {"angle": 0, "axis": "y", "origin": [16.5, 0, 25.5]},
			"faces": {
				"up": {"uv": [7, 7, 9, 9], "rotation": 180, "texture": "#6"},
				"down": {"uv": [7, 7, 9, 9], "rotation": 180, "texture": "#6"}
			}
		},
		{
			"from": [11.9375, 0, 22.9375],
			"to": [12.0625, 1, 23.0625],
			"rotation": {"angle": 0, "axis": "y", "origin": [16.5, 0, 25.5]},
			"faces": {
				"south": {"uv": [0, 0, 1, 1], "texture": "#7"}
			}
		},
		{
			"from": [11.9375, 0, 22.9375],
			"to": [12.0625, 1, 23.0625],
			"rotation": {"angle": 0, "axis": "y", "origin": [16.5, 0, 25.5]},
			"faces": {
				"west": {"uv": [0, 0, 1, 1], "texture": "#7"}
			}
		},
		{
			"from": [11.9375, 0, 22.9375],
			"to": [12.0625, 1, 23.0625],
			"rotation": {"angle": 0, "axis": "y", "origin": [16.5, 0, 25.5]},
			"faces": {
				"north": {"uv": [0, 0, 1, 1], "texture": "#7"}
			}
		},
		{
			"from": [11.9375, 0, 22.9375],
			"to": [12.0625, 1, 23.0625],
			"rotation": {"angle": 0, "axis": "y", "origin": [16.5, 0, 25.5]},
			"faces": {
				"east": {"uv": [0, 0, 1, 1], "texture": "#7"}
			}
		},
		{
			"from": [11.9375, 0, 19.9375],
			"to": [12.0625, 1, 20.0625],
			"rotation": {"angle": 0, "axis": "y", "origin": [16.5, 0, 25.5]},
			"faces": {
				"up": {"uv": [7, 7, 9, 9], "rotation": 180, "texture": "#6"},
				"down": {"uv": [7, 7, 9, 9], "rotation": 180, "texture": "#6"}
			}
		},
		{
			"from": [11.9375, 0, 19.9375],
			"to": [12.0625, 1, 20.0625],
			"rotation": {"angle": 0, "axis": "y", "origin": [16.5, 0, 25.5]},
			"faces": {
				"south": {"uv": [0, 0, 1, 1], "texture": "#7"}
			}
		},
		{
			"from": [11.9375, 0, 19.9375],
			"to": [12.0625, 1, 20.0625],
			"rotation": {"angle": 0, "axis": "y", "origin": [16.5, 0, 25.5]},
			"faces": {
				"west": {"uv": [0, 0, 1, 1], "texture": "#7"}
			}
		},
		{
			"from": [11.9375, 0, 19.9375],
			"to": [12.0625, 1, 20.0625],
			"rotation": {"angle": 0, "axis": "y", "origin": [16.5, 0, 25.5]},
			"faces": {
				"north": {"uv": [0, 0, 1, 1], "texture": "#7"}
			}
		},
		{
			"from": [11.9375, 0, 19.9375],
			"to": [12.0625, 1, 20.0625],
			"rotation": {"angle": 0, "axis": "y", "origin": [16.5, 0, 25.5]},
			"faces": {
				"east": {"uv": [0, 0, 1, 1], "texture": "#7"}
			}
		},
		{
			"from": [11.9375, 0, 18.9375],
			"to": [12.0625, 1, 19.0625],
			"rotation": {"angle": 0, "axis": "y", "origin": [16.5, 0, 25.5]},
			"faces": {
				"up": {"uv": [7, 7, 9, 9], "rotation": 180, "texture": "#6"},
				"down": {"uv": [7, 7, 9, 9], "rotation": 180, "texture": "#6"}
			}
		},
		{
			"from": [11.9375, 0, 18.9375],
			"to": [12.0625, 1, 19.0625],
			"rotation": {"angle": 0, "axis": "y", "origin": [16.5, 0, 25.5]},
			"faces": {
				"south": {"uv": [0, 0, 1, 1], "texture": "#7"}
			}
		},
		{
			"from": [11.9375, 0, 18.9375],
			"to": [12.0625, 1, 19.0625],
			"rotation": {"angle": 0, "axis": "y", "origin": [16.5, 0, 25.5]},
			"faces": {
				"west": {"uv": [0, 0, 1, 1], "texture": "#7"}
			}
		},
		{
			"from": [11.9375, 0, 18.9375],
			"to": [12.0625, 1, 19.0625],
			"rotation": {"angle": 0, "axis": "y", "origin": [16.5, 0, 25.5]},
			"faces": {
				"north": {"uv": [0, 0, 1, 1], "texture": "#7"}
			}
		},
		{
			"from": [11.9375, 0, 18.9375],
			"to": [12.0625, 1, 19.0625],
			"rotation": {"angle": 0, "axis": "y", "origin": [16.5, 0, 25.5]},
			"faces": {
				"east": {"uv": [0, 0, 1, 1], "texture": "#7"}
			}
		},
		{
			"from": [11.9375, 0, 17.9375],
			"to": [12.0625, 1, 18.0625],
			"rotation": {"angle": 0, "axis": "y", "origin": [16.5, 0, 25.5]},
			"faces": {
				"up": {"uv": [7, 7, 9, 9], "rotation": 180, "texture": "#4"},
				"down": {"uv": [7, 7, 9, 9], "rotation": 180, "texture": "#4"}
			}
		},
		{
			"from": [11.9375, 0, 17.9375],
			"to": [12.0625, 1, 18.0625],
			"rotation": {"angle": 0, "axis": "y", "origin": [16.5, 0, 25.5]},
			"faces": {
				"south": {"uv": [0, 0, 1, 1], "texture": "#5"}
			}
		},
		{
			"from": [11.9375, 0, 17.9375],
			"to": [12.0625, 1, 18.0625],
			"rotation": {"angle": 0, "axis": "y", "origin": [16.5, 0, 25.5]},
			"faces": {
				"west": {"uv": [0, 0, 1, 1], "texture": "#5"}
			}
		},
		{
			"from": [11.9375, 0, 17.9375],
			"to": [12.0625, 1, 18.0625],
			"rotation": {"angle": 0, "axis": "y", "origin": [16.5, 0, 25.5]},
			"faces": {
				"north": {"uv": [0, 0, 1, 1], "texture": "#5"}
			}
		},
		{
			"from": [11.9375, 0, 17.9375],
			"to": [12.0625, 1, 18.0625],
			"rotation": {"angle": 0, "axis": "y", "origin": [16.5, 0, 25.5]},
			"faces": {
				"east": {"uv": [0, 0, 1, 1], "texture": "#5"}
			}
		},
		{
			"from": [11.9375, 0, 16.9375],
			"to": [12.0625, 1, 17.0625],
			"rotation": {"angle": 0, "axis": "y", "origin": [16.5, 0, 25.5]},
			"faces": {
				"up": {"uv": [7, 7, 9, 9], "rotation": 180, "texture": "#4"},
				"down": {"uv": [7, 7, 9, 9], "rotation": 180, "texture": "#4"}
			}
		},
		{
			"from": [11.9375, 0, 16.9375],
			"to": [12.0625, 1, 17.0625],
			"rotation": {"angle": 0, "axis": "y", "origin": [16.5, 0, 25.5]},
			"faces": {
				"south": {"uv": [0, 0, 1, 1], "texture": "#5"}
			}
		},
		{
			"from": [11.9375, 0, 16.9375],
			"to": [12.0625, 1, 17.0625],
			"rotation": {"angle": 0, "axis": "y", "origin": [16.5, 0, 25.5]},
			"faces": {
				"west": {"uv": [0, 0, 1, 1], "texture": "#5"}
			}
		},
		{
			"from": [11.9375, 0, 16.9375],
			"to": [12.0625, 1, 17.0625],
			"rotation": {"angle": 0, "axis": "y", "origin": [16.5, 0, 25.5]},
			"faces": {
				"north": {"uv": [0, 0, 1, 1], "texture": "#5"}
			}
		},
		{
			"from": [11.9375, 0, 16.9375],
			"to": [12.0625, 1, 17.0625],
			"rotation": {"angle": 0, "axis": "y", "origin": [16.5, 0, 25.5]},
			"faces": {
				"east": {"uv": [0, 0, 1, 1], "texture": "#5"}
			}
		},
		{
			"from": [11.9375, 0, 15.9375],
			"to": [12.0625, 1, 16.0625],
			"rotation": {"angle": 0, "axis": "y", "origin": [16.5, 0, 25.5]},
			"faces": {
				"up": {"uv": [7, 7, 9, 9], "rotation": 180, "texture": "#6"},
				"down": {"uv": [7, 7, 9, 9], "rotation": 180, "texture": "#6"}
			}
		},
		{
			"from": [11.9375, 0, 15.9375],
			"to": [12.0625, 1, 16.0625],
			"rotation": {"angle": 0, "axis": "y", "origin": [16.5, 0, 25.5]},
			"faces": {
				"south": {"uv": [0, 0, 1, 1], "texture": "#7"}
			}
		},
		{
			"from": [11.9375, 0, 15.9375],
			"to": [12.0625, 1, 16.0625],
			"rotation": {"angle": 0, "axis": "y", "origin": [16.5, 0, 25.5]},
			"faces": {
				"west": {"uv": [0, 0, 1, 1], "texture": "#7"}
			}
		},
		{
			"from": [11.9375, 0, 15.9375],
			"to": [12.0625, 1, 16.0625],
			"rotation": {"angle": 0, "axis": "y", "origin": [16.5, 0, 25.5]},
			"faces": {
				"north": {"uv": [0, 0, 1, 1], "texture": "#7"}
			}
		},
		{
			"from": [11.9375, 0, 15.9375],
			"to": [12.0625, 1, 16.0625],
			"rotation": {"angle": 0, "axis": "y", "origin": [16.5, 0, 25.5]},
			"faces": {
				"east": {"uv": [0, 0, 1, 1], "texture": "#7"}
			}
		},
		{
			"from": [10.9375, 0, 23.9375],
			"to": [11.0625, 1, 24.0625],
			"rotation": {"angle": 0, "axis": "y", "origin": [16.5, 0, 25.5]},
			"faces": {
				"up": {"uv": [7, 7, 9, 9], "rotation": 180, "texture": "#3"},
				"down": {"uv": [7, 7, 9, 9], "rotation": 180, "texture": "#3"}
			}
		},
		{
			"from": [10.9375, 0, 23.9375],
			"to": [11.0625, 1, 24.0625],
			"rotation": {"angle": 0, "axis": "y", "origin": [16.5, 0, 25.5]},
			"faces": {
				"south": {"uv": [0, 0, 1, 1], "texture": "#0"}
			}
		},
		{
			"from": [10.9375, 0, 23.9375],
			"to": [11.0625, 1, 24.0625],
			"rotation": {"angle": 0, "axis": "y", "origin": [16.5, 0, 25.5]},
			"faces": {
				"west": {"uv": [0, 0, 1, 1], "texture": "#0"}
			}
		},
		{
			"from": [10.9375, 0, 23.9375],
			"to": [11.0625, 1, 24.0625],
			"rotation": {"angle": 0, "axis": "y", "origin": [16.5, 0, 25.5]},
			"faces": {
				"north": {"uv": [0, 0, 1, 1], "texture": "#0"}
			}
		},
		{
			"from": [10.9375, 0, 23.9375],
			"to": [11.0625, 1, 24.0625],
			"rotation": {"angle": 0, "axis": "y", "origin": [16.5, 0, 25.5]},
			"faces": {
				"east": {"uv": [0, 0, 1, 1], "texture": "#0"}
			}
		},
		{
			"from": [10.9375, 0, 22.9375],
			"to": [11.0625, 1, 23.0625],
			"rotation": {"angle": 0, "axis": "y", "origin": [16.5, 0, 25.5]},
			"faces": {
				"up": {"uv": [7, 7, 9, 9], "rotation": 180, "texture": "#6"},
				"down": {"uv": [7, 7, 9, 9], "rotation": 180, "texture": "#6"}
			}
		},
		{
			"from": [10.9375, 0, 22.9375],
			"to": [11.0625, 1, 23.0625],
			"rotation": {"angle": 0, "axis": "y", "origin": [16.5, 0, 25.5]},
			"faces": {
				"south": {"uv": [0, 0, 1, 1], "texture": "#7"}
			}
		},
		{
			"from": [10.9375, 0, 22.9375],
			"to": [11.0625, 1, 23.0625],
			"rotation": {"angle": 0, "axis": "y", "origin": [16.5, 0, 25.5]},
			"faces": {
				"west": {"uv": [0, 0, 1, 1], "texture": "#7"}
			}
		},
		{
			"from": [10.9375, 0, 22.9375],
			"to": [11.0625, 1, 23.0625],
			"rotation": {"angle": 0, "axis": "y", "origin": [16.5, 0, 25.5]},
			"faces": {
				"north": {"uv": [0, 0, 1, 1], "texture": "#7"}
			}
		},
		{
			"from": [10.9375, 0, 22.9375],
			"to": [11.0625, 1, 23.0625],
			"rotation": {"angle": 0, "axis": "y", "origin": [16.5, 0, 25.5]},
			"faces": {
				"east": {"uv": [0, 0, 1, 1], "texture": "#7"}
			}
		},
		{
			"from": [10.9375, 0, 19.9375],
			"to": [11.0625, 1, 20.0625],
			"rotation": {"angle": 0, "axis": "y", "origin": [16.5, 0, 25.5]},
			"faces": {
				"up": {"uv": [7, 7, 9, 9], "rotation": 180, "texture": "#6"},
				"down": {"uv": [7, 7, 9, 9], "rotation": 180, "texture": "#6"}
			}
		},
		{
			"from": [10.9375, 0, 19.9375],
			"to": [11.0625, 1, 20.0625],
			"rotation": {"angle": 0, "axis": "y", "origin": [16.5, 0, 25.5]},
			"faces": {
				"south": {"uv": [0, 0, 1, 1], "texture": "#7"}
			}
		},
		{
			"from": [10.9375, 0, 19.9375],
			"to": [11.0625, 1, 20.0625],
			"rotation": {"angle": 0, "axis": "y", "origin": [16.5, 0, 25.5]},
			"faces": {
				"west": {"uv": [0, 0, 1, 1], "texture": "#7"}
			}
		},
		{
			"from": [10.9375, 0, 19.9375],
			"to": [11.0625, 1, 20.0625],
			"rotation": {"angle": 0, "axis": "y", "origin": [16.5, 0, 25.5]},
			"faces": {
				"north": {"uv": [0, 0, 1, 1], "texture": "#7"}
			}
		},
		{
			"from": [10.9375, 0, 19.9375],
			"to": [11.0625, 1, 20.0625],
			"rotation": {"angle": 0, "axis": "y", "origin": [16.5, 0, 25.5]},
			"faces": {
				"east": {"uv": [0, 0, 1, 1], "texture": "#7"}
			}
		},
		{
			"from": [10.9375, 0, 17.9375],
			"to": [11.0625, 1, 18.0625],
			"rotation": {"angle": 0, "axis": "y", "origin": [16.5, 0, 25.5]},
			"faces": {
				"up": {"uv": [7, 7, 9, 9], "rotation": 180, "texture": "#4"},
				"down": {"uv": [7, 7, 9, 9], "rotation": 180, "texture": "#4"}
			}
		},
		{
			"from": [10.9375, 0, 17.9375],
			"to": [11.0625, 1, 18.0625],
			"rotation": {"angle": 0, "axis": "y", "origin": [16.5, 0, 25.5]},
			"faces": {
				"south": {"uv": [0, 0, 1, 1], "texture": "#5"}
			}
		},
		{
			"from": [10.9375, 0, 17.9375],
			"to": [11.0625, 1, 18.0625],
			"rotation": {"angle": 0, "axis": "y", "origin": [16.5, 0, 25.5]},
			"faces": {
				"west": {"uv": [0, 0, 1, 1], "texture": "#5"}
			}
		},
		{
			"from": [10.9375, 0, 17.9375],
			"to": [11.0625, 1, 18.0625],
			"rotation": {"angle": 0, "axis": "y", "origin": [16.5, 0, 25.5]},
			"faces": {
				"north": {"uv": [0, 0, 1, 1], "texture": "#5"}
			}
		},
		{
			"from": [10.9375, 0, 17.9375],
			"to": [11.0625, 1, 18.0625],
			"rotation": {"angle": 0, "axis": "y", "origin": [16.5, 0, 25.5]},
			"faces": {
				"east": {"uv": [0, 0, 1, 1], "texture": "#5"}
			}
		},
		{
			"from": [10.9375, 0, 15.9375],
			"to": [11.0625, 1, 16.0625],
			"rotation": {"angle": 0, "axis": "y", "origin": [16.5, 0, 25.5]},
			"faces": {
				"up": {"uv": [7, 7, 9, 9], "rotation": 180, "texture": "#3"},
				"down": {"uv": [7, 7, 9, 9], "rotation": 180, "texture": "#3"}
			}
		},
		{
			"from": [10.9375, 0, 15.9375],
			"to": [11.0625, 1, 16.0625],
			"rotation": {"angle": 0, "axis": "y", "origin": [16.5, 0, 25.5]},
			"faces": {
				"south": {"uv": [0, 0, 1, 1], "texture": "#0"}
			}
		},
		{
			"from": [10.9375, 0, 15.9375],
			"to": [11.0625, 1, 16.0625],
			"rotation": {"angle": 0, "axis": "y", "origin": [16.5, 0, 25.5]},
			"faces": {
				"west": {"uv": [0, 0, 1, 1], "texture": "#0"}
			}
		},
		{
			"from": [10.9375, 0, 15.9375],
			"to": [11.0625, 1, 16.0625],
			"rotation": {"angle": 0, "axis": "y", "origin": [16.5, 0, 25.5]},
			"faces": {
				"north": {"uv": [0, 0, 1, 1], "texture": "#0"}
			}
		},
		{
			"from": [10.9375, 0, 15.9375],
			"to": [11.0625, 1, 16.0625],
			"rotation": {"angle": 0, "axis": "y", "origin": [16.5, 0, 25.5]},
			"faces": {
				"east": {"uv": [0, 0, 1, 1], "texture": "#0"}
			}
		},
		{
			"from": [9.9375, 0, 22.9375],
			"to": [10.0625, 1, 23.0625],
			"rotation": {"angle": 0, "axis": "y", "origin": [16.5, 0, 25.5]},
			"faces": {
				"up": {"uv": [7, 7, 9, 9], "rotation": 180, "texture": "#4"},
				"down": {"uv": [7, 7, 9, 9], "rotation": 180, "texture": "#4"}
			}
		},
		{
			"from": [9.9375, 0, 22.9375],
			"to": [10.0625, 1, 23.0625],
			"rotation": {"angle": 0, "axis": "y", "origin": [16.5, 0, 25.5]},
			"faces": {
				"south": {"uv": [0, 0, 1, 1], "texture": "#5"}
			}
		},
		{
			"from": [9.9375, 0, 22.9375],
			"to": [10.0625, 1, 23.0625],
			"rotation": {"angle": 0, "axis": "y", "origin": [16.5, 0, 25.5]},
			"faces": {
				"west": {"uv": [0, 0, 1, 1], "texture": "#5"}
			}
		},
		{
			"from": [9.9375, 0, 22.9375],
			"to": [10.0625, 1, 23.0625],
			"rotation": {"angle": 0, "axis": "y", "origin": [16.5, 0, 25.5]},
			"faces": {
				"north": {"uv": [0, 0, 1, 1], "texture": "#5"}
			}
		},
		{
			"from": [9.9375, 0, 22.9375],
			"to": [10.0625, 1, 23.0625],
			"rotation": {"angle": 0, "axis": "y", "origin": [16.5, 0, 25.5]},
			"faces": {
				"east": {"uv": [0, 0, 1, 1], "texture": "#5"}
			}
		},
		{
			"from": [9.9375, 0, 21.9375],
			"to": [10.0625, 1, 22.0625],
			"rotation": {"angle": 0, "axis": "y", "origin": [16.5, 0, 25.5]},
			"faces": {
				"up": {"uv": [7, 7, 9, 9], "rotation": 180, "texture": "#6"},
				"down": {"uv": [7, 7, 9, 9], "rotation": 180, "texture": "#6"}
			}
		},
		{
			"from": [9.9375, 0, 21.9375],
			"to": [10.0625, 1, 22.0625],
			"rotation": {"angle": 0, "axis": "y", "origin": [16.5, 0, 25.5]},
			"faces": {
				"south": {"uv": [0, 0, 1, 1], "texture": "#7"}
			}
		},
		{
			"from": [9.9375, 0, 21.9375],
			"to": [10.0625, 1, 22.0625],
			"rotation": {"angle": 0, "axis": "y", "origin": [16.5, 0, 25.5]},
			"faces": {
				"west": {"uv": [0, 0, 1, 1], "texture": "#7"}
			}
		},
		{
			"from": [9.9375, 0, 21.9375],
			"to": [10.0625, 1, 22.0625],
			"rotation": {"angle": 0, "axis": "y", "origin": [16.5, 0, 25.5]},
			"faces": {
				"north": {"uv": [0, 0, 1, 1], "texture": "#7"}
			}
		},
		{
			"from": [9.9375, 0, 21.9375],
			"to": [10.0625, 1, 22.0625],
			"rotation": {"angle": 0, "axis": "y", "origin": [16.5, 0, 25.5]},
			"faces": {
				"east": {"uv": [0, 0, 1, 1], "texture": "#7"}
			}
		},
		{
			"from": [9.9375, 0, 19.9375],
			"to": [10.0625, 1, 20.0625],
			"rotation": {"angle": 0, "axis": "y", "origin": [16.5, 0, 25.5]},
			"faces": {
				"up": {"uv": [7, 7, 9, 9], "rotation": 180, "texture": "#3"},
				"down": {"uv": [7, 7, 9, 9], "rotation": 180, "texture": "#3"}
			}
		},
		{
			"from": [9.9375, 0, 19.9375],
			"to": [10.0625, 1, 20.0625],
			"rotation": {"angle": 0, "axis": "y", "origin": [16.5, 0, 25.5]},
			"faces": {
				"south": {"uv": [0, 0, 1, 1], "texture": "#0"}
			}
		},
		{
			"from": [9.9375, 0, 19.9375],
			"to": [10.0625, 1, 20.0625],
			"rotation": {"angle": 0, "axis": "y", "origin": [16.5, 0, 25.5]},
			"faces": {
				"west": {"uv": [0, 0, 1, 1], "texture": "#0"}
			}
		},
		{
			"from": [9.9375, 0, 19.9375],
			"to": [10.0625, 1, 20.0625],
			"rotation": {"angle": 0, "axis": "y", "origin": [16.5, 0, 25.5]},
			"faces": {
				"north": {"uv": [0, 0, 1, 1], "texture": "#0"}
			}
		},
		{
			"from": [9.9375, 0, 19.9375],
			"to": [10.0625, 1, 20.0625],
			"rotation": {"angle": 0, "axis": "y", "origin": [16.5, 0, 25.5]},
			"faces": {
				"east": {"uv": [0, 0, 1, 1], "texture": "#0"}
			}
		},
		{
			"from": [9.9375, 0, 18.9375],
			"to": [10.0625, 1, 19.0625],
			"rotation": {"angle": 0, "axis": "y", "origin": [16.5, 0, 25.5]},
			"faces": {
				"up": {"uv": [7, 7, 9, 9], "rotation": 180, "texture": "#4"},
				"down": {"uv": [7, 7, 9, 9], "rotation": 180, "texture": "#4"}
			}
		},
		{
			"from": [9.9375, 0, 18.9375],
			"to": [10.0625, 1, 19.0625],
			"rotation": {"angle": 0, "axis": "y", "origin": [16.5, 0, 25.5]},
			"faces": {
				"south": {"uv": [0, 0, 1, 1], "texture": "#5"}
			}
		},
		{
			"from": [9.9375, 0, 18.9375],
			"to": [10.0625, 1, 19.0625],
			"rotation": {"angle": 0, "axis": "y", "origin": [16.5, 0, 25.5]},
			"faces": {
				"west": {"uv": [0, 0, 1, 1], "texture": "#5"}
			}
		},
		{
			"from": [9.9375, 0, 18.9375],
			"to": [10.0625, 1, 19.0625],
			"rotation": {"angle": 0, "axis": "y", "origin": [16.5, 0, 25.5]},
			"faces": {
				"north": {"uv": [0, 0, 1, 1], "texture": "#5"}
			}
		},
		{
			"from": [9.9375, 0, 18.9375],
			"to": [10.0625, 1, 19.0625],
			"rotation": {"angle": 0, "axis": "y", "origin": [16.5, 0, 25.5]},
			"faces": {
				"east": {"uv": [0, 0, 1, 1], "texture": "#5"}
			}
		},
		{
			"from": [9.9375, 0, 17.9375],
			"to": [10.0625, 1, 18.0625],
			"rotation": {"angle": 0, "axis": "y", "origin": [16.5, 0, 25.5]},
			"faces": {
				"up": {"uv": [7, 7, 9, 9], "rotation": 180, "texture": "#6"},
				"down": {"uv": [7, 7, 9, 9], "rotation": 180, "texture": "#6"}
			}
		},
		{
			"from": [9.9375, 0, 17.9375],
			"to": [10.0625, 1, 18.0625],
			"rotation": {"angle": 0, "axis": "y", "origin": [16.5, 0, 25.5]},
			"faces": {
				"south": {"uv": [0, 0, 1, 1], "texture": "#7"}
			}
		},
		{
			"from": [9.9375, 0, 17.9375],
			"to": [10.0625, 1, 18.0625],
			"rotation": {"angle": 0, "axis": "y", "origin": [16.5, 0, 25.5]},
			"faces": {
				"west": {"uv": [0, 0, 1, 1], "texture": "#7"}
			}
		},
		{
			"from": [9.9375, 0, 17.9375],
			"to": [10.0625, 1, 18.0625],
			"rotation": {"angle": 0, "axis": "y", "origin": [16.5, 0, 25.5]},
			"faces": {
				"north": {"uv": [0, 0, 1, 1], "texture": "#7"}
			}
		},
		{
			"from": [9.9375, 0, 17.9375],
			"to": [10.0625, 1, 18.0625],
			"rotation": {"angle": 0, "axis": "y", "origin": [16.5, 0, 25.5]},
			"faces": {
				"east": {"uv": [0, 0, 1, 1], "texture": "#7"}
			}
		},
		{
			"from": [9.9375, 0, 16.9375],
			"to": [10.0625, 1, 17.0625],
			"rotation": {"angle": 0, "axis": "y", "origin": [16.5, 0, 25.5]},
			"faces": {
				"up": {"uv": [7, 7, 9, 9], "rotation": 180, "texture": "#3"},
				"down": {"uv": [7, 7, 9, 9], "rotation": 180, "texture": "#3"}
			}
		},
		{
			"from": [9.9375, 0, 16.9375],
			"to": [10.0625, 1, 17.0625],
			"rotation": {"angle": 0, "axis": "y", "origin": [16.5, 0, 25.5]},
			"faces": {
				"south": {"uv": [0, 0, 1, 1], "texture": "#0"}
			}
		},
		{
			"from": [9.9375, 0, 16.9375],
			"to": [10.0625, 1, 17.0625],
			"rotation": {"angle": 0, "axis": "y", "origin": [16.5, 0, 25.5]},
			"faces": {
				"west": {"uv": [0, 0, 1, 1], "texture": "#0"}
			}
		},
		{
			"from": [9.9375, 0, 16.9375],
			"to": [10.0625, 1, 17.0625],
			"rotation": {"angle": 0, "axis": "y", "origin": [16.5, 0, 25.5]},
			"faces": {
				"north": {"uv": [0, 0, 1, 1], "texture": "#0"}
			}
		},
		{
			"from": [9.9375, 0, 16.9375],
			"to": [10.0625, 1, 17.0625],
			"rotation": {"angle": 0, "axis": "y", "origin": [16.5, 0, 25.5]},
			"faces": {
				"east": {"uv": [0, 0, 1, 1], "texture": "#0"}
			}
		},
		{
			"from": [9.9375, 0, 15.9375],
			"to": [10.0625, 1, 16.0625],
			"rotation": {"angle": 0, "axis": "y", "origin": [16.5, 0, 25.5]},
			"faces": {
				"up": {"uv": [7, 7, 9, 9], "rotation": 180, "texture": "#6"},
				"down": {"uv": [7, 7, 9, 9], "rotation": 180, "texture": "#6"}
			}
		},
		{
			"from": [9.9375, 0, 15.9375],
			"to": [10.0625, 1, 16.0625],
			"rotation": {"angle": 0, "axis": "y", "origin": [16.5, 0, 25.5]},
			"faces": {
				"south": {"uv": [0, 0, 1, 1], "texture": "#7"}
			}
		},
		{
			"from": [9.9375, 0, 15.9375],
			"to": [10.0625, 1, 16.0625],
			"rotation": {"angle": 0, "axis": "y", "origin": [16.5, 0, 25.5]},
			"faces": {
				"west": {"uv": [0, 0, 1, 1], "texture": "#7"}
			}
		},
		{
			"from": [9.9375, 0, 15.9375],
			"to": [10.0625, 1, 16.0625],
			"rotation": {"angle": 0, "axis": "y", "origin": [16.5, 0, 25.5]},
			"faces": {
				"north": {"uv": [0, 0, 1, 1], "texture": "#7"}
			}
		},
		{
			"from": [9.9375, 0, 15.9375],
			"to": [10.0625, 1, 16.0625],
			"rotation": {"angle": 0, "axis": "y", "origin": [16.5, 0, 25.5]},
			"faces": {
				"east": {"uv": [0, 0, 1, 1], "texture": "#7"}
			}
		},
		{
			"from": [8.9375, 0, 18.9375],
			"to": [9.0625, 1, 19.0625],
			"rotation": {"angle": 0, "axis": "y", "origin": [16.5, 0, 25.5]},
			"faces": {
				"up": {"uv": [7, 7, 9, 9], "rotation": 180, "texture": "#6"},
				"down": {"uv": [7, 7, 9, 9], "rotation": 180, "texture": "#6"}
			}
		},
		{
			"from": [8.9375, 0, 18.9375],
			"to": [9.0625, 1, 19.0625],
			"rotation": {"angle": 0, "axis": "y", "origin": [16.5, 0, 25.5]},
			"faces": {
				"south": {"uv": [0, 0, 1, 1], "texture": "#7"}
			}
		},
		{
			"from": [8.9375, 0, 18.9375],
			"to": [9.0625, 1, 19.0625],
			"rotation": {"angle": 0, "axis": "y", "origin": [16.5, 0, 25.5]},
			"faces": {
				"west": {"uv": [0, 0, 1, 1], "texture": "#7"}
			}
		},
		{
			"from": [8.9375, 0, 18.9375],
			"to": [9.0625, 1, 19.0625],
			"rotation": {"angle": 0, "axis": "y", "origin": [16.5, 0, 25.5]},
			"faces": {
				"north": {"uv": [0, 0, 1, 1], "texture": "#7"}
			}
		},
		{
			"from": [8.9375, 0, 18.9375],
			"to": [9.0625, 1, 19.0625],
			"rotation": {"angle": 0, "axis": "y", "origin": [16.5, 0, 25.5]},
			"faces": {
				"east": {"uv": [0, 0, 1, 1], "texture": "#7"}
			}
		},
		{
			"from": [8.9375, 0, 17.9375],
			"to": [9.0625, 1, 18.0625],
			"rotation": {"angle": 0, "axis": "y", "origin": [16.5, 0, 25.5]},
			"faces": {
				"up": {"uv": [7, 7, 9, 9], "rotation": 180, "texture": "#4"},
				"down": {"uv": [7, 7, 9, 9], "rotation": 180, "texture": "#4"}
			}
		},
		{
			"from": [8.9375, 0, 17.9375],
			"to": [9.0625, 1, 18.0625],
			"rotation": {"angle": 0, "axis": "y", "origin": [16.5, 0, 25.5]},
			"faces": {
				"south": {"uv": [0, 0, 1, 1], "texture": "#5"}
			}
		},
		{
			"from": [8.9375, 0, 17.9375],
			"to": [9.0625, 1, 18.0625],
			"rotation": {"angle": 0, "axis": "y", "origin": [16.5, 0, 25.5]},
			"faces": {
				"west": {"uv": [0, 0, 1, 1], "texture": "#5"}
			}
		},
		{
			"from": [8.9375, 0, 17.9375],
			"to": [9.0625, 1, 18.0625],
			"rotation": {"angle": 0, "axis": "y", "origin": [16.5, 0, 25.5]},
			"faces": {
				"north": {"uv": [0, 0, 1, 1], "texture": "#5"}
			}
		},
		{
			"from": [8.9375, 0, 17.9375],
			"to": [9.0625, 1, 18.0625],
			"rotation": {"angle": 0, "axis": "y", "origin": [16.5, 0, 25.5]},
			"faces": {
				"east": {"uv": [0, 0, 1, 1], "texture": "#5"}
			}
		},
		{
			"from": [8.9375, 0, 16.9375],
			"to": [9.0625, 1, 17.0625],
			"rotation": {"angle": 0, "axis": "y", "origin": [16.5, 0, 25.5]},
			"faces": {
				"up": {"uv": [7, 7, 9, 9], "rotation": 180, "texture": "#4"},
				"down": {"uv": [7, 7, 9, 9], "rotation": 180, "texture": "#4"}
			}
		},
		{
			"from": [8.9375, 0, 16.9375],
			"to": [9.0625, 1, 17.0625],
			"rotation": {"angle": 0, "axis": "y", "origin": [16.5, 0, 25.5]},
			"faces": {
				"south": {"uv": [0, 0, 1, 1], "texture": "#5"}
			}
		},
		{
			"from": [8.9375, 0, 16.9375],
			"to": [9.0625, 1, 17.0625],
			"rotation": {"angle": 0, "axis": "y", "origin": [16.5, 0, 25.5]},
			"faces": {
				"west": {"uv": [0, 0, 1, 1], "texture": "#5"}
			}
		},
		{
			"from": [8.9375, 0, 16.9375],
			"to": [9.0625, 1, 17.0625],
			"rotation": {"angle": 0, "axis": "y", "origin": [16.5, 0, 25.5]},
			"faces": {
				"north": {"uv": [0, 0, 1, 1], "texture": "#5"}
			}
		},
		{
			"from": [8.9375, 0, 16.9375],
			"to": [9.0625, 1, 17.0625],
			"rotation": {"angle": 0, "axis": "y", "origin": [16.5, 0, 25.5]},
			"faces": {
				"east": {"uv": [0, 0, 1, 1], "texture": "#5"}
			}
		},
		{
			"from": [8.9375, 0, 15.9375],
			"to": [9.0625, 1, 16.0625],
			"rotation": {"angle": 0, "axis": "y", "origin": [16.5, 0, 25.5]},
			"faces": {
				"up": {"uv": [7, 7, 9, 9], "rotation": 180, "texture": "#6"},
				"down": {"uv": [7, 7, 9, 9], "rotation": 180, "texture": "#6"}
			}
		},
		{
			"from": [8.9375, 0, 15.9375],
			"to": [9.0625, 1, 16.0625],
			"rotation": {"angle": 0, "axis": "y", "origin": [16.5, 0, 25.5]},
			"faces": {
				"south": {"uv": [0, 0, 1, 1], "texture": "#7"}
			}
		},
		{
			"from": [8.9375, 0, 15.9375],
			"to": [9.0625, 1, 16.0625],
			"rotation": {"angle": 0, "axis": "y", "origin": [16.5, 0, 25.5]},
			"faces": {
				"west": {"uv": [0, 0, 1, 1], "texture": "#7"}
			}
		},
		{
			"from": [8.9375, 0, 15.9375],
			"to": [9.0625, 1, 16.0625],
			"rotation": {"angle": 0, "axis": "y", "origin": [16.5, 0, 25.5]},
			"faces": {
				"north": {"uv": [0, 0, 1, 1], "texture": "#7"}
			}
		},
		{
			"from": [8.9375, 0, 15.9375],
			"to": [9.0625, 1, 16.0625],
			"rotation": {"angle": 0, "axis": "y", "origin": [16.5, 0, 25.5]},
			"faces": {
				"east": {"uv": [0, 0, 1, 1], "texture": "#7"}
			}
		},
		{
			"from": [7.9375, 0, 19.9375],
			"to": [8.0625, 1, 20.0625],
			"rotation": {"angle": 0, "axis": "y", "origin": [16.5, 0, 25.5]},
			"faces": {
				"up": {"uv": [7, 7, 9, 9], "rotation": 180, "texture": "#3"},
				"down": {"uv": [7, 7, 9, 9], "rotation": 180, "texture": "#3"}
			}
		},
		{
			"from": [7.9375, 0, 19.9375],
			"to": [8.0625, 1, 20.0625],
			"rotation": {"angle": 0, "axis": "y", "origin": [16.5, 0, 25.5]},
			"faces": {
				"south": {"uv": [0, 0, 1, 1], "texture": "#0"}
			}
		},
		{
			"from": [7.9375, 0, 19.9375],
			"to": [8.0625, 1, 20.0625],
			"rotation": {"angle": 0, "axis": "y", "origin": [16.5, 0, 25.5]},
			"faces": {
				"west": {"uv": [0, 0, 1, 1], "texture": "#0"}
			}
		},
		{
			"from": [7.9375, 0, 19.9375],
			"to": [8.0625, 1, 20.0625],
			"rotation": {"angle": 0, "axis": "y", "origin": [16.5, 0, 25.5]},
			"faces": {
				"north": {"uv": [0, 0, 1, 1], "texture": "#0"}
			}
		},
		{
			"from": [7.9375, 0, 19.9375],
			"to": [8.0625, 1, 20.0625],
			"rotation": {"angle": 0, "axis": "y", "origin": [16.5, 0, 25.5]},
			"faces": {
				"east": {"uv": [0, 0, 1, 1], "texture": "#0"}
			}
		},
		{
			"from": [7.9375, 0, 18.9375],
			"to": [8.0625, 1, 19.0625],
			"rotation": {"angle": 0, "axis": "y", "origin": [16.5, 0, 25.5]},
			"faces": {
				"up": {"uv": [7, 7, 9, 9], "rotation": 180, "texture": "#6"},
				"down": {"uv": [7, 7, 9, 9], "rotation": 180, "texture": "#6"}
			}
		},
		{
			"from": [7.9375, 0, 18.9375],
			"to": [8.0625, 1, 19.0625],
			"rotation": {"angle": 0, "axis": "y", "origin": [16.5, 0, 25.5]},
			"faces": {
				"south": {"uv": [0, 0, 1, 1], "texture": "#7"}
			}
		},
		{
			"from": [7.9375, 0, 18.9375],
			"to": [8.0625, 1, 19.0625],
			"rotation": {"angle": 0, "axis": "y", "origin": [16.5, 0, 25.5]},
			"faces": {
				"west": {"uv": [0, 0, 1, 1], "texture": "#7"}
			}
		},
		{
			"from": [7.9375, 0, 18.9375],
			"to": [8.0625, 1, 19.0625],
			"rotation": {"angle": 0, "axis": "y", "origin": [16.5, 0, 25.5]},
			"faces": {
				"north": {"uv": [0, 0, 1, 1], "texture": "#7"}
			}
		},
		{
			"from": [7.9375, 0, 18.9375],
			"to": [8.0625, 1, 19.0625],
			"rotation": {"angle": 0, "axis": "y", "origin": [16.5, 0, 25.5]},
			"faces": {
				"east": {"uv": [0, 0, 1, 1], "texture": "#7"}
			}
		},
		{
			"from": [7.9375, 0, 17.9375],
			"to": [8.0625, 1, 18.0625],
			"rotation": {"angle": 0, "axis": "y", "origin": [16.5, 0, 25.5]},
			"faces": {
				"up": {"uv": [7, 7, 9, 9], "rotation": 180, "texture": "#3"},
				"down": {"uv": [7, 7, 9, 9], "rotation": 180, "texture": "#3"}
			}
		},
		{
			"from": [7.9375, 0, 17.9375],
			"to": [8.0625, 1, 18.0625],
			"rotation": {"angle": 0, "axis": "y", "origin": [16.5, 0, 25.5]},
			"faces": {
				"south": {"uv": [0, 0, 1, 1], "texture": "#0"}
			}
		},
		{
			"from": [7.9375, 0, 17.9375],
			"to": [8.0625, 1, 18.0625],
			"rotation": {"angle": 0, "axis": "y", "origin": [16.5, 0, 25.5]},
			"faces": {
				"west": {"uv": [0, 0, 1, 1], "texture": "#0"}
			}
		},
		{
			"from": [7.9375, 0, 17.9375],
			"to": [8.0625, 1, 18.0625],
			"rotation": {"angle": 0, "axis": "y", "origin": [16.5, 0, 25.5]},
			"faces": {
				"north": {"uv": [0, 0, 1, 1], "texture": "#0"}
			}
		},
		{
			"from": [7.9375, 0, 17.9375],
			"to": [8.0625, 1, 18.0625],
			"rotation": {"angle": 0, "axis": "y", "origin": [16.5, 0, 25.5]},
			"faces": {
				"east": {"uv": [0, 0, 1, 1], "texture": "#0"}
			}
		},
		{
			"from": [6.9375, 0, 19.9375],
			"to": [7.0625, 1, 20.0625],
			"rotation": {"angle": 0, "axis": "y", "origin": [16.5, 0, 25.5]},
			"faces": {
				"up": {"uv": [7, 7, 9, 9], "rotation": 180, "texture": "#3"},
				"down": {"uv": [7, 7, 9, 9], "rotation": 180, "texture": "#3"}
			}
		},
		{
			"from": [6.9375, 0, 19.9375],
			"to": [7.0625, 1, 20.0625],
			"rotation": {"angle": 0, "axis": "y", "origin": [16.5, 0, 25.5]},
			"faces": {
				"south": {"uv": [0, 0, 1, 1], "texture": "#0"}
			}
		},
		{
			"from": [6.9375, 0, 19.9375],
			"to": [7.0625, 1, 20.0625],
			"rotation": {"angle": 0, "axis": "y", "origin": [16.5, 0, 25.5]},
			"faces": {
				"west": {"uv": [0, 0, 1, 1], "texture": "#0"}
			}
		},
		{
			"from": [6.9375, 0, 19.9375],
			"to": [7.0625, 1, 20.0625],
			"rotation": {"angle": 0, "axis": "y", "origin": [16.5, 0, 25.5]},
			"faces": {
				"north": {"uv": [0, 0, 1, 1], "texture": "#0"}
			}
		},
		{
			"from": [6.9375, 0, 19.9375],
			"to": [7.0625, 1, 20.0625],
			"rotation": {"angle": 0, "axis": "y", "origin": [16.5, 0, 25.5]},
			"faces": {
				"east": {"uv": [0, 0, 1, 1], "texture": "#0"}
			}
		},
		{
			"from": [6.9375, 0, 18.9375],
			"to": [7.0625, 1, 19.0625],
			"rotation": {"angle": 0, "axis": "y", "origin": [16.5, 0, 25.5]},
			"faces": {
				"up": {"uv": [7, 7, 9, 9], "rotation": 180, "texture": "#6"},
				"down": {"uv": [7, 7, 9, 9], "rotation": 180, "texture": "#6"}
			}
		},
		{
			"from": [6.9375, 0, 18.9375],
			"to": [7.0625, 1, 19.0625],
			"rotation": {"angle": 0, "axis": "y", "origin": [16.5, 0, 25.5]},
			"faces": {
				"south": {"uv": [0, 0, 1, 1], "texture": "#7"}
			}
		},
		{
			"from": [6.9375, 0, 18.9375],
			"to": [7.0625, 1, 19.0625],
			"rotation": {"angle": 0, "axis": "y", "origin": [16.5, 0, 25.5]},
			"faces": {
				"west": {"uv": [0, 0, 1, 1], "texture": "#7"}
			}
		},
		{
			"from": [6.9375, 0, 18.9375],
			"to": [7.0625, 1, 19.0625],
			"rotation": {"angle": 0, "axis": "y", "origin": [16.5, 0, 25.5]},
			"faces": {
				"north": {"uv": [0, 0, 1, 1], "texture": "#7"}
			}
		},
		{
			"from": [6.9375, 0, 18.9375],
			"to": [7.0625, 1, 19.0625],
			"rotation": {"angle": 0, "axis": "y", "origin": [16.5, 0, 25.5]},
			"faces": {
				"east": {"uv": [0, 0, 1, 1], "texture": "#7"}
			}
		},
		{
			"from": [6.9375, 0, 16.9375],
			"to": [7.0625, 1, 17.0625],
			"rotation": {"angle": 0, "axis": "y", "origin": [16.5, 0, 25.5]},
			"faces": {
				"up": {"uv": [7, 7, 9, 9], "rotation": 180, "texture": "#6"},
				"down": {"uv": [7, 7, 9, 9], "rotation": 180, "texture": "#6"}
			}
		},
		{
			"from": [6.9375, 0, 16.9375],
			"to": [7.0625, 1, 17.0625],
			"rotation": {"angle": 0, "axis": "y", "origin": [16.5, 0, 25.5]},
			"faces": {
				"south": {"uv": [0, 0, 1, 1], "texture": "#7"}
			}
		},
		{
			"from": [6.9375, 0, 16.9375],
			"to": [7.0625, 1, 17.0625],
			"rotation": {"angle": 0, "axis": "y", "origin": [16.5, 0, 25.5]},
			"faces": {
				"west": {"uv": [0, 0, 1, 1], "texture": "#7"}
			}
		},
		{
			"from": [6.9375, 0, 16.9375],
			"to": [7.0625, 1, 17.0625],
			"rotation": {"angle": 0, "axis": "y", "origin": [16.5, 0, 25.5]},
			"faces": {
				"north": {"uv": [0, 0, 1, 1], "texture": "#7"}
			}
		},
		{
			"from": [6.9375, 0, 16.9375],
			"to": [7.0625, 1, 17.0625],
			"rotation": {"angle": 0, "axis": "y", "origin": [16.5, 0, 25.5]},
			"faces": {
				"east": {"uv": [0, 0, 1, 1], "texture": "#7"}
			}
		},
		{
			"from": [5.9375, 0, 20.9375],
			"to": [6.0625, 1, 21.0625],
			"rotation": {"angle": 0, "axis": "y", "origin": [16.5, 0, 25.5]},
			"faces": {
				"up": {"uv": [7, 7, 9, 9], "rotation": 180, "texture": "#3"},
				"down": {"uv": [7, 7, 9, 9], "rotation": 180, "texture": "#3"}
			}
		},
		{
			"from": [5.9375, 0, 20.9375],
			"to": [6.0625, 1, 21.0625],
			"rotation": {"angle": 0, "axis": "y", "origin": [16.5, 0, 25.5]},
			"faces": {
				"south": {"uv": [0, 0, 1, 1], "texture": "#0"}
			}
		},
		{
			"from": [5.9375, 0, 20.9375],
			"to": [6.0625, 1, 21.0625],
			"rotation": {"angle": 0, "axis": "y", "origin": [16.5, 0, 25.5]},
			"faces": {
				"west": {"uv": [0, 0, 1, 1], "texture": "#0"}
			}
		},
		{
			"from": [5.9375, 0, 20.9375],
			"to": [6.0625, 1, 21.0625],
			"rotation": {"angle": 0, "axis": "y", "origin": [16.5, 0, 25.5]},
			"faces": {
				"north": {"uv": [0, 0, 1, 1], "texture": "#0"}
			}
		},
		{
			"from": [5.9375, 0, 20.9375],
			"to": [6.0625, 1, 21.0625],
			"rotation": {"angle": 0, "axis": "y", "origin": [16.5, 0, 25.5]},
			"faces": {
				"east": {"uv": [0, 0, 1, 1], "texture": "#0"}
			}
		},
		{
			"from": [4.9375, 0, 19.9375],
			"to": [5.0625, 1, 20.0625],
			"rotation": {"angle": 0, "axis": "y", "origin": [16.5, 0, 25.5]},
			"faces": {
				"up": {"uv": [7, 7, 9, 9], "rotation": 180, "texture": "#6"},
				"down": {"uv": [7, 7, 9, 9], "rotation": 180, "texture": "#6"}
			}
		},
		{
			"from": [4.9375, 0, 19.9375],
			"to": [5.0625, 1, 20.0625],
			"rotation": {"angle": 0, "axis": "y", "origin": [16.5, 0, 25.5]},
			"faces": {
				"south": {"uv": [0, 0, 1, 1], "texture": "#7"}
			}
		},
		{
			"from": [4.9375, 0, 19.9375],
			"to": [5.0625, 1, 20.0625],
			"rotation": {"angle": 0, "axis": "y", "origin": [16.5, 0, 25.5]},
			"faces": {
				"west": {"uv": [0, 0, 1, 1], "texture": "#7"}
			}
		},
		{
			"from": [4.9375, 0, 19.9375],
			"to": [5.0625, 1, 20.0625],
			"rotation": {"angle": 0, "axis": "y", "origin": [16.5, 0, 25.5]},
			"faces": {
				"north": {"uv": [0, 0, 1, 1], "texture": "#7"}
			}
		},
		{
			"from": [4.9375, 0, 19.9375],
			"to": [5.0625, 1, 20.0625],
			"rotation": {"angle": 0, "axis": "y", "origin": [16.5, 0, 25.5]},
			"faces": {
				"east": {"uv": [0, 0, 1, 1], "texture": "#7"}
			}
		},
		{
			"from": [4.9375, 0, 17.9375],
			"to": [5.0625, 1, 18.0625],
			"rotation": {"angle": 0, "axis": "y", "origin": [16.5, 0, 25.5]},
			"faces": {
				"up": {"uv": [7, 7, 9, 9], "rotation": 180, "texture": "#3"},
				"down": {"uv": [7, 7, 9, 9], "rotation": 180, "texture": "#3"}
			}
		},
		{
			"from": [4.9375, 0, 17.9375],
			"to": [5.0625, 1, 18.0625],
			"rotation": {"angle": 0, "axis": "y", "origin": [16.5, 0, 25.5]},
			"faces": {
				"south": {"uv": [0, 0, 1, 1], "texture": "#0"}
			}
		},
		{
			"from": [4.9375, 0, 17.9375],
			"to": [5.0625, 1, 18.0625],
			"rotation": {"angle": 0, "axis": "y", "origin": [16.5, 0, 25.5]},
			"faces": {
				"west": {"uv": [0, 0, 1, 1], "texture": "#0"}
			}
		},
		{
			"from": [4.9375, 0, 17.9375],
			"to": [5.0625, 1, 18.0625],
			"rotation": {"angle": 0, "axis": "y", "origin": [16.5, 0, 25.5]},
			"faces": {
				"north": {"uv": [0, 0, 1, 1], "texture": "#0"}
			}
		},
		{
			"from": [4.9375, 0, 17.9375],
			"to": [5.0625, 1, 18.0625],
			"rotation": {"angle": 0, "axis": "y", "origin": [16.5, 0, 25.5]},
			"faces": {
				"east": {"uv": [0, 0, 1, 1], "texture": "#0"}
			}
		},
		{
			"from": [3.9375, 0, 20.9375],
			"to": [4.0625, 1, 21.0625],
			"rotation": {"angle": 0, "axis": "y", "origin": [16.5, 0, 25.5]},
			"faces": {
				"up": {"uv": [7, 7, 9, 9], "rotation": 180, "texture": "#4"},
				"down": {"uv": [7, 7, 9, 9], "rotation": 180, "texture": "#4"}
			}
		},
		{
			"from": [3.9375, 0, 20.9375],
			"to": [4.0625, 1, 21.0625],
			"rotation": {"angle": 0, "axis": "y", "origin": [16.5, 0, 25.5]},
			"faces": {
				"south": {"uv": [0, 0, 1, 1], "texture": "#5"}
			}
		},
		{
			"from": [3.9375, 0, 20.9375],
			"to": [4.0625, 1, 21.0625],
			"rotation": {"angle": 0, "axis": "y", "origin": [16.5, 0, 25.5]},
			"faces": {
				"west": {"uv": [0, 0, 1, 1], "texture": "#5"}
			}
		},
		{
			"from": [3.9375, 0, 20.9375],
			"to": [4.0625, 1, 21.0625],
			"rotation": {"angle": 0, "axis": "y", "origin": [16.5, 0, 25.5]},
			"faces": {
				"north": {"uv": [0, 0, 1, 1], "texture": "#5"}
			}
		},
		{
			"from": [3.9375, 0, 20.9375],
			"to": [4.0625, 1, 21.0625],
			"rotation": {"angle": 0, "axis": "y", "origin": [16.5, 0, 25.5]},
			"faces": {
				"east": {"uv": [0, 0, 1, 1], "texture": "#5"}
			}
		},
		{
			"from": [3.9375, 0, 19.9375],
			"to": [4.0625, 1, 20.0625],
			"rotation": {"angle": 0, "axis": "y", "origin": [16.5, 0, 25.5]},
			"faces": {
				"up": {"uv": [7, 7, 9, 9], "rotation": 180, "texture": "#6"},
				"down": {"uv": [7, 7, 9, 9], "rotation": 180, "texture": "#6"}
			}
		},
		{
			"from": [3.9375, 0, 19.9375],
			"to": [4.0625, 1, 20.0625],
			"rotation": {"angle": 0, "axis": "y", "origin": [16.5, 0, 25.5]},
			"faces": {
				"south": {"uv": [0, 0, 1, 1], "texture": "#7"}
			}
		},
		{
			"from": [3.9375, 0, 19.9375],
			"to": [4.0625, 1, 20.0625],
			"rotation": {"angle": 0, "axis": "y", "origin": [16.5, 0, 25.5]},
			"faces": {
				"west": {"uv": [0, 0, 1, 1], "texture": "#7"}
			}
		},
		{
			"from": [3.9375, 0, 19.9375],
			"to": [4.0625, 1, 20.0625],
			"rotation": {"angle": 0, "axis": "y", "origin": [16.5, 0, 25.5]},
			"faces": {
				"north": {"uv": [0, 0, 1, 1], "texture": "#7"}
			}
		},
		{
			"from": [3.9375, 0, 19.9375],
			"to": [4.0625, 1, 20.0625],
			"rotation": {"angle": 0, "axis": "y", "origin": [16.5, 0, 25.5]},
			"faces": {
				"east": {"uv": [0, 0, 1, 1], "texture": "#7"}
			}
		},
		{
			"from": [3.9375, 0, 18.9375],
			"to": [4.0625, 1, 19.0625],
			"rotation": {"angle": 0, "axis": "y", "origin": [16.5, 0, 25.5]},
			"faces": {
				"up": {"uv": [7, 7, 9, 9], "rotation": 180, "texture": "#3"},
				"down": {"uv": [7, 7, 9, 9], "rotation": 180, "texture": "#3"}
			}
		},
		{
			"from": [3.9375, 0, 18.9375],
			"to": [4.0625, 1, 19.0625],
			"rotation": {"angle": 0, "axis": "y", "origin": [16.5, 0, 25.5]},
			"faces": {
				"south": {"uv": [0, 0, 1, 1], "texture": "#0"}
			}
		},
		{
			"from": [3.9375, 0, 18.9375],
			"to": [4.0625, 1, 19.0625],
			"rotation": {"angle": 0, "axis": "y", "origin": [16.5, 0, 25.5]},
			"faces": {
				"west": {"uv": [0, 0, 1, 1], "texture": "#0"}
			}
		},
		{
			"from": [3.9375, 0, 18.9375],
			"to": [4.0625, 1, 19.0625],
			"rotation": {"angle": 0, "axis": "y", "origin": [16.5, 0, 25.5]},
			"faces": {
				"north": {"uv": [0, 0, 1, 1], "texture": "#0"}
			}
		},
		{
			"from": [3.9375, 0, 18.9375],
			"to": [4.0625, 1, 19.0625],
			"rotation": {"angle": 0, "axis": "y", "origin": [16.5, 0, 25.5]},
			"faces": {
				"east": {"uv": [0, 0, 1, 1], "texture": "#0"}
			}
		},
		{
			"from": [2.9375, 0, 20.9375],
			"to": [3.0625, 1, 21.0625],
			"rotation": {"angle": 0, "axis": "y", "origin": [16.5, 0, 25.5]},
			"faces": {
				"up": {"uv": [7, 7, 9, 9], "rotation": 180, "texture": "#6"},
				"down": {"uv": [7, 7, 9, 9], "rotation": 180, "texture": "#6"}
			}
		},
		{
			"from": [2.9375, 0, 20.9375],
			"to": [3.0625, 1, 21.0625],
			"rotation": {"angle": 0, "axis": "y", "origin": [16.5, 0, 25.5]},
			"faces": {
				"south": {"uv": [0, 0, 1, 1], "texture": "#7"}
			}
		},
		{
			"from": [2.9375, 0, 20.9375],
			"to": [3.0625, 1, 21.0625],
			"rotation": {"angle": 0, "axis": "y", "origin": [16.5, 0, 25.5]},
			"faces": {
				"west": {"uv": [0, 0, 1, 1], "texture": "#7"}
			}
		},
		{
			"from": [2.9375, 0, 20.9375],
			"to": [3.0625, 1, 21.0625],
			"rotation": {"angle": 0, "axis": "y", "origin": [16.5, 0, 25.5]},
			"faces": {
				"north": {"uv": [0, 0, 1, 1], "texture": "#7"}
			}
		},
		{
			"from": [2.9375, 0, 20.9375],
			"to": [3.0625, 1, 21.0625],
			"rotation": {"angle": 0, "axis": "y", "origin": [16.5, 0, 25.5]},
			"faces": {
				"east": {"uv": [0, 0, 1, 1], "texture": "#7"}
			}
		},
		{
			"from": [2.9375, 0, 19.9375],
			"to": [3.0625, 1, 20.0625],
			"rotation": {"angle": 0, "axis": "y", "origin": [16.5, 0, 25.5]},
			"faces": {
				"up": {"uv": [7, 7, 9, 9], "rotation": 180, "texture": "#3"},
				"down": {"uv": [7, 7, 9, 9], "rotation": 180, "texture": "#3"}
			}
		},
		{
			"from": [2.9375, 0, 19.9375],
			"to": [3.0625, 1, 20.0625],
			"rotation": {"angle": 0, "axis": "y", "origin": [16.5, 0, 25.5]},
			"faces": {
				"south": {"uv": [0, 0, 1, 1], "texture": "#0"}
			}
		},
		{
			"from": [2.9375, 0, 19.9375],
			"to": [3.0625, 1, 20.0625],
			"rotation": {"angle": 0, "axis": "y", "origin": [16.5, 0, 25.5]},
			"faces": {
				"west": {"uv": [0, 0, 1, 1], "texture": "#0"}
			}
		},
		{
			"from": [2.9375, 0, 19.9375],
			"to": [3.0625, 1, 20.0625],
			"rotation": {"angle": 0, "axis": "y", "origin": [16.5, 0, 25.5]},
			"faces": {
				"north": {"uv": [0, 0, 1, 1], "texture": "#0"}
			}
		},
		{
			"from": [2.9375, 0, 19.9375],
			"to": [3.0625, 1, 20.0625],
			"rotation": {"angle": 0, "axis": "y", "origin": [16.5, 0, 25.5]},
			"faces": {
				"east": {"uv": [0, 0, 1, 1], "texture": "#0"}
			}
		}
	],
	"groups": [
		{
			"name": "structure",
			"origin": [8, 8, 8],
			"color": 0,
			"nbt": "{}",
			"children": []
		},
		{
			"name": "structure",
			"origin": [8, 8, 8],
			"color": 0,
			"nbt": "{}",
			"children": [
				0,
				1,
				2,
				3,
				4,
				5,
				6,
				7,
				8,
				9,
				10,
				11,
				12,
				13,
				14,
				15,
				16,
				17,
				18,
				19,
				20,
				21,
				22,
				23,
				24,
				25,
				26,
				27,
				28,
				29,
				30,
				31,
				32,
				33,
				34,
				35,
				36,
				37,
				38,
				39,
				40,
				41,
				42,
				43,
				44,
				45,
				46,
				47,
				48,
				49,
				50,
				51,
				52,
				53,
				54,
				55,
				56,
				57,
				58,
				59,
				60,
				61,
				62,
				63,
				64,
				65,
				66,
				67,
				68,
				69,
				70,
				71,
				72,
				73,
				74,
				75,
				76,
				77,
				78,
				79,
				80,
				81,
				82,
				83,
				84,
				85,
				86,
				87,
				88,
				89,
				90,
				91,
				92,
				93,
				94,
				95,
				96,
				97,
				98,
				99,
				100,
				101,
				102,
				103,
				104,
				105,
				106,
				107,
				108,
				109,
				110,
				111,
				112,
				113,
				114,
				115,
				116,
				117,
				118,
				119,
				120,
				121,
				122,
				123,
				124,
				125,
				126,
				127,
				128,
				129,
				130,
				131,
				132,
				133,
				134,
				135,
				136,
				137,
				138,
				139,
				140,
				141,
				142,
				143,
				144,
				145,
				146,
				147,
				148,
				149,
				150,
				151,
				152,
				153,
				154,
				155,
				156,
				157,
				158,
				159,
				160,
				161,
				162,
				163,
				164,
				165,
				166,
				167,
				168,
				169,
				170,
				171,
				172,
				173,
				174,
				175,
				176,
				177,
				178,
				179,
				180,
				181,
				182,
				183,
				184,
				185,
				186,
				187,
				188,
				189,
				190,
				191,
				192,
				193,
				194,
				195,
				196,
				197,
				198,
				199,
				200,
				201,
				202,
				203,
				204,
				205,
				206,
				207,
				208,
				209,
				210,
				211,
				212,
				213,
				214,
				215,
				216,
				217,
				218,
				219,
				220,
				221,
				222,
				223,
				224,
				225,
				226,
				227,
				228,
				229,
				230,
				231,
				232,
				233,
				234,
				235,
				236,
				237,
				238,
				239,
				240,
				241,
				242,
				243,
				244,
				245,
				246,
				247,
				248,
				249,
				250,
				251,
				252,
				253,
				254,
				255,
				256,
				257,
				258,
				259,
				260,
				261,
				262,
				263,
				264,
				265,
				266,
				267,
				268,
				269,
				270,
				271,
				272,
				273,
				274,
				275,
				276,
				277,
				278,
				279,
				280,
				281,
				282,
				283,
				284,
				285
			]
		}
	]
}