{
	"credit": "Made by Tcathebluecreper",
	"textures": {
		"0": "block/blue_stained_glass",
		"1": "block/cyan_stained_glass",
		"3": "block/light_blue_stained_glass_pane_top",
		"4": "block/light_blue_stained_glass",
		"5": "block/white_stained_glass_pane_top",
		"6": "block/white_stained_glass",
		"7": "block/blue_stained_glass_pane_top"
	},
	"elements": [
		{
			"from": [14.5, 0, 23.5],
			"to": [15.5, 1, 24.5],
			"rotation": {"angle": 0, "axis": "y", "origin": [17.5, 0, 25.5]},
			"faces": {
				"north": {"uv": [0, 0, 1, 1], "texture": "#0"},
				"east": {"uv": [0, 0, 1, 1], "texture": "#0"},
				"south": {"uv": [0, 0, 1, 1], "texture": "#0"},
				"west": {"uv": [0, 0, 1, 1], "texture": "#0"},
				"up": {"uv": [0, 0, 16, 16], "rotation": 180, "texture": "#0"},
				"down": {"uv": [0, 0, 16, 16], "rotation": 180, "texture": "#0"}
			}
		},
		{
			"from": [14.5, 0, 19.5],
			"to": [15.5, 1, 20.5],
			"rotation": {"angle": 0, "axis": "y", "origin": [17.5, 0, 25.5]},
			"faces": {
				"east": {"uv": [0, 0, 1, 1], "texture": "#0"},
				"south": {"uv": [0, 0, 1, 1], "texture": "#0"},
				"west": {"uv": [0, 0, 1, 1], "texture": "#0"},
				"up": {"uv": [0, 0, 16, 16], "rotation": 180, "texture": "#0"},
				"down": {"uv": [0, 0, 16, 16], "rotation": 180, "texture": "#0"}
			}
		},
		{
			"from": [14.5, 0, 18.5],
			"to": [15.5, 1, 19.5],
			"rotation": {"angle": 0, "axis": "y", "origin": [17.5, 0, 25.5]},
			"faces": {
				"east": {"uv": [0, 0, 1, 1], "texture": "#0"},
				"west": {"uv": [0, 0, 1, 1], "texture": "#0"},
				"up": {"uv": [0, 0, 16, 16], "rotation": 180, "texture": "#0"},
				"down": {"uv": [0, 0, 16, 16], "rotation": 180, "texture": "#0"}
			}
		},
		{
			"from": [14.5, 0, 17.5],
			"to": [15.5, 1, 18.5],
			"rotation": {"angle": 0, "axis": "y", "origin": [17.5, 0, 25.5]},
			"faces": {
				"north": {"uv": [0, 0, 16, 16], "texture": "#0"},
				"east": {"uv": [0, 0, 1, 1], "texture": "#0"},
				"west": {"uv": [0, 0, 1, 1], "texture": "#0"},
				"up": {"uv": [0, 0, 16, 16], "rotation": 180, "texture": "#0"},
				"down": {"uv": [0, 0, 16, 16], "rotation": 180, "texture": "#0"}
			}
		},
		{
			"from": [13.5, 0, 23.5],
			"to": [14.5, 1, 24.5],
			"rotation": {"angle": 0, "axis": "y", "origin": [17.5, 0, 25.5]},
			"faces": {
				"north": {"uv": [0, 0, 16, 16], "texture": "#1"},
				"east": {"uv": [0, 0, 1, 1], "texture": "#1"},
				"south": {"uv": [0, 0, 1, 1], "texture": "#1"},
				"west": {"uv": [0, 0, 1, 1], "texture": "#1"},
				"up": {"uv": [0, 0, 16, 16], "rotation": 180, "texture": "#1"},
				"down": {"uv": [0, 0, 16, 16], "rotation": 180, "texture": "#1"}
			}
		},
		{
			"from": [13.5, 0, 21.5],
			"to": [14.5, 1, 22.5],
			"rotation": {"angle": 0, "axis": "y", "origin": [17.5, 0, 25.5]},
			"faces": {
				"east": {"uv": [0, 0, 1, 1], "texture": "#0"},
				"south": {"uv": [0, 0, 1, 1], "texture": "#0"},
				"west": {"uv": [0, 0, 1, 1], "texture": "#0"},
				"up": {"uv": [0, 0, 16, 16], "rotation": 180, "texture": "#0"},
				"down": {"uv": [0, 0, 16, 16], "rotation": 180, "texture": "#0"}
			}
		},
		{
			"from": [13.5, 0, 20.5],
			"to": [14.5, 1, 21.5],
			"rotation": {"angle": 0, "axis": "y", "origin": [17.5, 0, 25.5]},
			"faces": {
				"north": {"uv": [0, 0, 1, 1], "texture": "#0"},
				"east": {"uv": [0, 0, 1, 1], "texture": "#0"},
				"up": {"uv": [0, 0, 16, 16], "rotation": 180, "texture": "#0"},
				"down": {"uv": [0, 0, 16, 16], "rotation": 180, "texture": "#0"}
			}
		},
		{
			"from": [12.5, 0, 22.5],
			"to": [13.5, 1, 23.5],
			"rotation": {"angle": 0, "axis": "y", "origin": [17.5, 0, 25.5]},
			"faces": {
				"north": {"uv": [0, 0, 1, 1], "texture": "#0"},
				"east": {"uv": [0, 0, 1, 1], "texture": "#0"},
				"south": {"uv": [0, 0, 1, 1], "texture": "#0"},
				"west": {"uv": [0, 0, 1, 1], "texture": "#0"},
				"up": {"uv": [0, 0, 16, 16], "rotation": 180, "texture": "#0"},
				"down": {"uv": [0, 0, 16, 16], "rotation": 180, "texture": "#0"}
			}
		},
		{
			"from": [12.5, 0, 20.5],
			"to": [13.5, 1, 21.5],
			"rotation": {"angle": 0, "axis": "y", "origin": [17.5, 0, 25.5]},
			"faces": {
				"north": {"uv": [0, 0, 1, 1], "texture": "#0"},
				"south": {"uv": [0, 0, 1, 1], "texture": "#0"},
				"west": {"uv": [0, 0, 1, 1], "texture": "#0"},
				"up": {"uv": [0, 0, 16, 16], "rotation": 180, "texture": "#0"},
				"down": {"uv": [0, 0, 16, 16], "rotation": 180, "texture": "#0"}
			}
		},
		{
			"from": [12.5, 0, 16.5],
			"to": [13.5, 1, 17.5],
			"rotation": {"angle": 0, "axis": "y", "origin": [17.5, 0, 25.5]},
			"faces": {
				"north": {"uv": [0, 0, 16, 16], "texture": "#1"},
				"east": {"uv": [0, 0, 1, 1], "texture": "#1"},
				"south": {"uv": [0, 0, 1, 1], "texture": "#1"},
				"west": {"uv": [0, 0, 1, 1], "texture": "#1"},
				"up": {"uv": [0, 0, 16, 16], "rotation": 180, "texture": "#1"},
				"down": {"uv": [0, 0, 16, 16], "rotation": 180, "texture": "#1"}
			}
		},
		{
			"from": [11.5, 0, 19.5],
			"to": [12.5, 1, 20.5],
			"rotation": {"angle": 0, "axis": "y", "origin": [17.5, 0, 25.5]},
			"faces": {
				"north": {"uv": [0, 0, 1, 1], "texture": "#0"},
				"east": {"uv": [0, 0, 1, 1], "texture": "#0"},
				"south": {"uv": [0, 0, 1, 1], "texture": "#0"},
				"west": {"uv": [0, 0, 1, 1], "texture": "#0"},
				"up": {"uv": [0, 0, 16, 16], "rotation": 180, "texture": "#0"},
				"down": {"uv": [0, 0, 16, 16], "rotation": 180, "texture": "#0"}
			}
		},
		{
			"from": [11.5, 0, 17.5],
			"to": [12.5, 1, 18.5],
			"rotation": {"angle": 0, "axis": "y", "origin": [17.5, 0, 25.5]},
			"faces": {
				"north": {"uv": [0, 0, 1, 1], "texture": "#0"},
				"east": {"uv": [0, 0, 1, 1], "texture": "#0"},
				"south": {"uv": [0, 0, 1, 1], "texture": "#0"},
				"west": {"uv": [0, 0, 1, 1], "texture": "#0"},
				"up": {"uv": [0, 0, 16, 16], "rotation": 180, "texture": "#0"},
				"down": {"uv": [0, 0, 16, 16], "rotation": 180, "texture": "#0"}
			}
		},
		{
			"from": [10.5, 0, 23.5],
			"to": [11.5, 1, 24.5],
			"rotation": {"angle": 0, "axis": "y", "origin": [17.5, 0, 25.5]},
			"faces": {
				"north": {"uv": [0, 0, 1, 1], "texture": "#0"},
				"east": {"uv": [0, 0, 1, 1], "texture": "#0"},
				"south": {"uv": [0, 0, 1, 1], "texture": "#0"},
				"west": {"uv": [0, 0, 1, 1], "texture": "#0"},
				"up": {"uv": [0, 0, 16, 16], "rotation": 180, "texture": "#0"},
				"down": {"uv": [0, 0, 16, 16], "rotation": 180, "texture": "#0"}
			}
		},
		{
			"from": [10.5, 0, 21.5],
			"to": [11.5, 1, 22.5],
			"rotation": {"angle": 0, "axis": "y", "origin": [17.5, 0, 25.5]},
			"faces": {
				"north": {"uv": [0, 0, 1, 1], "texture": "#0"},
				"east": {"uv": [0, 0, 1, 1], "texture": "#0"},
				"south": {"uv": [0, 0, 1, 1], "texture": "#0"},
				"west": {"uv": [0, 0, 1, 1], "texture": "#0"},
				"up": {"uv": [0, 0, 16, 16], "rotation": 180, "texture": "#0"},
				"down": {"uv": [0, 0, 16, 16], "rotation": 180, "texture": "#0"}
			}
		},
		{
			"from": [10.5, 0, 19.5],
			"to": [11.5, 1, 20.5],
			"rotation": {"angle": 0, "axis": "y", "origin": [17.5, 0, 25.5]},
			"faces": {
				"north": {"uv": [0, 0, 16, 16], "texture": "#1"},
				"east": {"uv": [0, 0, 1, 1], "texture": "#1"},
				"south": {"uv": [0, 0, 1, 1], "texture": "#1"},
				"west": {"uv": [0, 0, 1, 1], "texture": "#1"},
				"up": {"uv": [0, 0, 16, 16], "rotation": 180, "texture": "#1"},
				"down": {"uv": [0, 0, 16, 16], "rotation": 180, "texture": "#1"}
			}
		},
		{
			"from": [10.5, 0, 16.5],
			"to": [11.5, 1, 17.5],
			"rotation": {"angle": 0, "axis": "y", "origin": [17.5, 0, 25.5]},
			"faces": {
				"north": {"uv": [0, 0, 16, 16], "texture": "#1"},
				"east": {"uv": [0, 0, 1, 1], "texture": "#1"},
				"south": {"uv": [0, 0, 1, 1], "texture": "#1"},
				"west": {"uv": [0, 0, 1, 1], "texture": "#1"},
				"up": {"uv": [0, 0, 16, 16], "rotation": 180, "texture": "#1"},
				"down": {"uv": [0, 0, 16, 16], "rotation": 180, "texture": "#1"}
			}
		},
		{
			"from": [9.5, 0, 21.5],
			"to": [10.5, 1, 22.5],
			"rotation": {"angle": 0, "axis": "y", "origin": [17.5, 0, 25.5]},
			"faces": {
				"east": {"uv": [0, 0, 1, 1], "texture": "#1"},
				"south": {"uv": [0, 0, 1, 1], "texture": "#1"},
				"west": {"uv": [0, 0, 1, 1], "texture": "#1"},
				"up": {"uv": [0, 0, 16, 16], "rotation": 180, "texture": "#1"},
				"down": {"uv": [0, 0, 16, 16], "rotation": 180, "texture": "#1"}
			}
		},
		{
			"from": [9.5, 0, 20.5],
			"to": [10.5, 1, 21.5],
			"rotation": {"angle": 0, "axis": "y", "origin": [17.5, 0, 25.5]},
			"faces": {
				"north": {"uv": [0, 0, 16, 16], "texture": "#1"},
				"east": {"uv": [0, 0, 1, 1], "texture": "#1"},
				"west": {"uv": [0, 0, 1, 1], "texture": "#1"},
				"up": {"uv": [0, 0, 16, 16], "rotation": 180, "texture": "#1"},
				"down": {"uv": [0, 0, 16, 16], "rotation": 180, "texture": "#1"}
			}
		},
		{
			"from": [9.5, 0, 19.5],
			"to": [10.5, 1, 20.5],
			"rotation": {"angle": 0, "axis": "y", "origin": [17.5, 0, 25.5]},
			"faces": {
				"east": {"uv": [0, 0, 16, 16], "texture": "#0"},
				"south": {"uv": [0, 0, 1, 1], "texture": "#0"},
				"up": {"uv": [0, 0, 16, 16], "rotation": 180, "texture": "#0"},
				"down": {"uv": [0, 0, 16, 16], "rotation": 180, "texture": "#0"}
			}
		},
		{
			"from": [9.5, 0, 18.5],
			"to": [10.5, 1, 19.5],
			"rotation": {"angle": 0, "axis": "y", "origin": [17.5, 0, 25.5]},
			"faces": {
				"north": {"uv": [0, 0, 1, 1], "texture": "#0"},
				"east": {"uv": [0, 0, 1, 1], "texture": "#0"},
				"west": {"uv": [0, 0, 1, 1], "texture": "#0"},
				"up": {"uv": [0, 0, 16, 16], "rotation": 180, "texture": "#0"},
				"down": {"uv": [0, 0, 16, 16], "rotation": 180, "texture": "#0"}
			}
		},
		{
			"from": [8.5, 0, 20.5],
			"to": [9.5, 1, 21.5],
			"rotation": {"angle": 0, "axis": "y", "origin": [17.5, 0, 25.5]},
			"faces": {
				"east": {"uv": [0, 0, 1, 1], "texture": "#0"},
				"south": {"uv": [0, 0, 1, 1], "texture": "#0"},
				"west": {"uv": [0, 0, 1, 1], "texture": "#0"},
				"up": {"uv": [0, 0, 16, 16], "rotation": 180, "texture": "#0"},
				"down": {"uv": [0, 0, 16, 16], "rotation": 180, "texture": "#0"}
			}
		},
		{
			"from": [8.5, 0, 19.5],
			"to": [9.5, 1, 20.5],
			"rotation": {"angle": 0, "axis": "y", "origin": [17.5, 0, 25.5]},
			"faces": {
				"north": {"uv": [0, 0, 1, 1], "texture": "#0"},
				"west": {"uv": [0, 0, 1, 1], "texture": "#0"},
				"up": {"uv": [0, 0, 16, 16], "rotation": 180, "texture": "#0"},
				"down": {"uv": [0, 0, 16, 16], "rotation": 180, "texture": "#0"}
			}
		},
		{
			"from": [8.5, 0, 18.5],
			"to": [9.5, 1, 19.5],
			"rotation": {"angle": 0, "axis": "y", "origin": [17.5, 0, 25.5]},
			"faces": {
				"north": {"uv": [0, 0, 16, 16], "texture": "#1"},
				"east": {"uv": [0, 0, 1, 1], "texture": "#1"},
				"south": {"uv": [0, 0, 1, 1], "texture": "#1"},
				"west": {"uv": [0, 0, 1, 1], "texture": "#1"},
				"up": {"uv": [0, 0, 16, 16], "rotation": 180, "texture": "#1"},
				"down": {"uv": [0, 0, 16, 16], "rotation": 180, "texture": "#1"}
			}
		},
		{
			"from": [8.5, 0, 17.5],
			"to": [9.5, 1, 18.5],
			"rotation": {"angle": 0, "axis": "y", "origin": [17.5, 0, 25.5]},
			"faces": {
				"north": {"uv": [0, 0, 1, 1], "texture": "#0"},
				"east": {"uv": [0, 0, 1, 1], "texture": "#0"},
				"south": {"uv": [0, 0, 1, 1], "texture": "#0"},
				"west": {"uv": [0, 0, 1, 1], "texture": "#0"},
				"up": {"uv": [0, 0, 16, 16], "rotation": 180, "texture": "#0"},
				"down": {"uv": [0, 0, 16, 16], "rotation": 180, "texture": "#0"}
			}
		},
		{
			"from": [7.5, 0, 14.5],
			"to": [8.5, 1, 15.5],
			"rotation": {"angle": 0, "axis": "y", "origin": [17.5, 0, 25.5]},
			"faces": {
				"north": {"uv": [0, 0, 16, 16], "texture": "#1"},
				"east": {"uv": [0, 0, 1, 1], "texture": "#1"},
				"south": {"uv": [0, 0, 1, 1], "texture": "#1"},
				"west": {"uv": [0, 0, 1, 1], "texture": "#1"},
				"up": {"uv": [0, 0, 16, 16], "rotation": 180, "texture": "#1"},
				"down": {"uv": [0, 0, 16, 16], "rotation": 180, "texture": "#1"}
			}
		},
		{
			"from": [6.5, 0, 19.5],
			"to": [7.5, 1, 20.5],
			"rotation": {"angle": 0, "axis": "y", "origin": [17.5, 0, 25.5]},
			"faces": {
				"north": {"uv": [0, 0, 16, 16], "texture": "#1"},
				"east": {"uv": [0, 0, 1, 1], "texture": "#1"},
				"south": {"uv": [0, 0, 1, 1], "texture": "#1"},
				"west": {"uv": [0, 0, 1, 1], "texture": "#1"},
				"up": {"uv": [0, 0, 16, 16], "rotation": 180, "texture": "#1"},
				"down": {"uv": [0, 0, 16, 16], "rotation": 180, "texture": "#1"}
			}
		},
		{
			"from": [6.5, 0, 16.5],
			"to": [7.5, 1, 17.5],
			"rotation": {"angle": 0, "axis": "y", "origin": [17.5, 0, 25.5]},
			"faces": {
				"north": {"uv": [0, 0, 1, 1], "texture": "#0"},
				"east": {"uv": [0, 0, 1, 1], "texture": "#0"},
				"south": {"uv": [0, 0, 1, 1], "texture": "#0"},
				"west": {"uv": [0, 0, 1, 1], "texture": "#0"},
				"up": {"uv": [0, 0, 16, 16], "rotation": 180, "texture": "#0"},
				"down": {"uv": [0, 0, 16, 16], "rotation": 180, "texture": "#0"}
			}
		},
		{
			"from": [6.5, 0, 15.5],
			"to": [7.5, 1, 16.5],
			"rotation": {"angle": 0, "axis": "y", "origin": [17.5, 0, 25.5]},
			"faces": {
				"north": {"uv": [0, 0, 16, 16], "texture": "#1"},
				"east": {"uv": [0, 0, 1, 1], "texture": "#1"},
				"south": {"uv": [0, 0, 1, 1], "texture": "#1"},
				"west": {"uv": [0, 0, 1, 1], "texture": "#1"},
				"up": {"uv": [0, 0, 16, 16], "rotation": 180, "texture": "#1"},
				"down": {"uv": [0, 0, 16, 16], "rotation": 180, "texture": "#1"}
			}
		},
		{
			"from": [5.5, 0, 20.5],
			"to": [6.5, 1, 21.5],
			"rotation": {"angle": 0, "axis": "y", "origin": [17.5, 0, 25.5]},
			"faces": {
				"north": {"uv": [0, 0, 16, 16], "texture": "#1"},
				"east": {"uv": [0, 0, 1, 1], "texture": "#1"},
				"south": {"uv": [0, 0, 1, 1], "texture": "#1"},
				"west": {"uv": [0, 0, 1, 1], "texture": "#1"},
				"up": {"uv": [0, 0, 16, 16], "rotation": 180, "texture": "#1"},
				"down": {"uv": [0, 0, 16, 16], "rotation": 180, "texture": "#1"}
			}
		},
		{
			"from": [4.5, 0, 21.5],
			"to": [5.5, 1, 22.5],
			"rotation": {"angle": 0, "axis": "y", "origin": [17.5, 0, 25.5]},
			"faces": {
				"east": {"uv": [0, 0, 1, 1], "texture": "#0"},
				"south": {"uv": [0, 0, 1, 1], "texture": "#0"},
				"west": {"uv": [0, 0, 1, 1], "texture": "#0"},
				"up": {"uv": [0, 0, 16, 16], "rotation": 180, "texture": "#0"},
				"down": {"uv": [0, 0, 16, 16], "rotation": 180, "texture": "#0"}
			}
		},
		{
			"from": [4.5, 0, 20.5],
			"to": [5.5, 1, 21.5],
			"rotation": {"angle": 0, "axis": "y", "origin": [17.5, 0, 25.5]},
			"faces": {
				"north": {"uv": [0, 0, 16, 16], "texture": "#0"},
				"east": {"uv": [0, 0, 1, 1], "texture": "#0"},
				"west": {"uv": [0, 0, 1, 1], "texture": "#0"},
				"up": {"uv": [0, 0, 16, 16], "rotation": 180, "texture": "#0"},
				"down": {"uv": [0, 0, 16, 16], "rotation": 180, "texture": "#0"}
			}
		},
		{
			"from": [4.5, 0, 19.5],
			"to": [5.5, 1, 20.5],
			"rotation": {"angle": 0, "axis": "y", "origin": [17.5, 0, 25.5]},
			"faces": {
				"east": {"uv": [0, 0, 1, 1], "texture": "#1"},
				"south": {"uv": [0, 0, 1, 1], "texture": "#1"},
				"west": {"uv": [0, 0, 1, 1], "texture": "#1"},
				"up": {"uv": [0, 0, 16, 16], "rotation": 180, "texture": "#1"},
				"down": {"uv": [0, 0, 16, 16], "rotation": 180, "texture": "#1"}
			}
		},
		{
			"from": [4.5, 0, 18.5],
			"to": [5.5, 1, 19.5],
			"rotation": {"angle": 0, "axis": "y", "origin": [17.5, 0, 25.5]},
			"faces": {
				"east": {"uv": [0, 0, 1, 1], "texture": "#1"},
				"west": {"uv": [0, 0, 1, 1], "texture": "#1"},
				"up": {"uv": [0, 0, 16, 16], "rotation": 180, "texture": "#1"},
				"down": {"uv": [0, 0, 16, 16], "rotation": 180, "texture": "#1"}
			}
		},
		{
			"from": [4.5, 0, 17.5],
			"to": [5.5, 1, 18.5],
			"rotation": {"angle": 0, "axis": "y", "origin": [17.5, 0, 25.5]},
			"faces": {
				"north": {"uv": [0, 0, 16, 16], "texture": "#1"},
				"east": {"uv": [0, 0, 1, 1], "texture": "#1"},
				"west": {"uv": [0, 0, 1, 1], "texture": "#1"},
				"up": {"uv": [0, 0, 16, 16], "rotation": 180, "texture": "#1"},
				"down": {"uv": [0, 0, 16, 16], "rotation": 180, "texture": "#1"}
			}
		},
		{
			"from": [3.5, 0, 18.5],
			"to": [4.5, 1, 19.5],
			"rotation": {"angle": 0, "axis": "y", "origin": [17.5, 0, 25.5]},
			"faces": {
				"north": {"uv": [0, 0, 1, 1], "texture": "#0"},
				"east": {"uv": [0, 0, 1, 1], "texture": "#0"},
				"south": {"uv": [0, 0, 1, 1], "texture": "#0"},
				"west": {"uv": [0, 0, 1, 1], "texture": "#0"},
				"up": {"uv": [0, 0, 16, 16], "rotation": 180, "texture": "#0"},
				"down": {"uv": [0, 0, 16, 16], "rotation": 180, "texture": "#0"}
			}
		},
		{
			"from": [14.9375, 0, 22.9375],
			"to": [15.0625, 1, 23.0625],
			"rotation": {"angle": 0, "axis": "y", "origin": [17.5, 0, 25.5]},
			"faces": {
				"up": {"uv": [7, 7, 9, 9], "rotation": 180, "texture": "#3"},
				"down": {"uv": [7, 7, 9, 9], "rotation": 180, "texture": "#3"}
			}
		},
		{
			"from": [14.9375, 0, 22.9375],
			"to": [15.0625, 1, 23.0625],
			"rotation": {"angle": 0, "axis": "y", "origin": [17.5, 0, 25.5]},
			"faces": {
				"south": {"uv": [9, 0, 7, 16], "texture": "#4"}
			}
		},
		{
			"from": [14.9375, 0, 22.9375],
			"to": [15.0625, 1, 23.0625],
			"rotation": {"angle": 0, "axis": "y", "origin": [17.5, 0, 25.5]},
			"faces": {
				"west": {"uv": [7, 0, 9, 16], "texture": "#4"}
			}
		},
		{
			"from": [14.9375, 0, 22.9375],
			"to": [15.0625, 1, 23.0625],
			"rotation": {"angle": 0, "axis": "y", "origin": [17.5, 0, 25.5]},
			"faces": {
				"north": {"uv": [7, 0, 9, 16], "texture": "#4"}
			}
		},
		{
			"from": [14.9375, 0, 22.9375],
			"to": [15.0625, 1, 23.0625],
			"rotation": {"angle": 0, "axis": "y", "origin": [17.5, 0, 25.5]},
			"faces": {
				"east": {"uv": [9, 0, 7, 16], "texture": "#4"}
			}
		},
		{
			"from": [14.9375, 0, 21.9375],
			"to": [15.0625, 1, 22.0625],
			"rotation": {"angle": 0, "axis": "y", "origin": [17.5, 0, 25.5]},
			"faces": {
				"up": {"uv": [7, 7, 9, 9], "rotation": 180, "texture": "#3"},
				"down": {"uv": [7, 7, 9, 9], "rotation": 180, "texture": "#3"}
			}
		},
		{
			"from": [14.9375, 0, 21.9375],
			"to": [15.0625, 1, 22.0625],
			"rotation": {"angle": 0, "axis": "y", "origin": [17.5, 0, 25.5]},
			"faces": {
				"south": {"uv": [0, 0, 1, 1], "texture": "#4"}
			}
		},
		{
			"from": [14.9375, 0, 21.9375],
			"to": [15.0625, 1, 22.0625],
			"rotation": {"angle": 0, "axis": "y", "origin": [17.5, 0, 25.5]},
			"faces": {
				"west": {"uv": [0, 0, 1, 1], "texture": "#4"}
			}
		},
		{
			"from": [14.9375, 0, 21.9375],
			"to": [15.0625, 1, 22.0625],
			"rotation": {"angle": 0, "axis": "y", "origin": [17.5, 0, 25.5]},
			"faces": {
				"north": {"uv": [0, 0, 1, 1], "texture": "#4"}
			}
		},
		{
			"from": [14.9375, 0, 21.9375],
			"to": [15.0625, 1, 22.0625],
			"rotation": {"angle": 0, "axis": "y", "origin": [17.5, 0, 25.5]},
			"faces": {
				"east": {"uv": [0, 0, 1, 1], "texture": "#4"}
			}
		},
		{
			"from": [13.9375, 0, 24.9375],
			"to": [14.0625, 1, 25.0625],
			"rotation": {"angle": 0, "axis": "y", "origin": [17.5, 0, 25.5]},
			"faces": {
				"up": {"uv": [7, 7, 9, 9], "rotation": 180, "texture": "#3"},
				"down": {"uv": [7, 7, 9, 9], "rotation": 180, "texture": "#3"}
			}
		},
		{
			"from": [13.9375, 0, 24.9375],
			"to": [14.0625, 1, 25.0625],
			"rotation": {"angle": 0, "axis": "y", "origin": [17.5, 0, 25.5]},
			"faces": {
				"south": {"uv": [0, 0, 1, 1], "texture": "#4"}
			}
		},
		{
			"from": [13.9375, 0, 24.9375],
			"to": [14.0625, 1, 25.0625],
			"rotation": {"angle": 0, "axis": "y", "origin": [17.5, 0, 25.5]},
			"faces": {
				"west": {"uv": [0, 0, 1, 1], "texture": "#4"}
			}
		},
		{
			"from": [13.9375, 0, 24.9375],
			"to": [14.0625, 1, 25.0625],
			"rotation": {"angle": 0, "axis": "y", "origin": [17.5, 0, 25.5]},
			"faces": {
				"north": {"uv": [0, 0, 1, 1], "texture": "#4"}
			}
		},
		{
			"from": [13.9375, 0, 24.9375],
			"to": [14.0625, 1, 25.0625],
			"rotation": {"angle": 0, "axis": "y", "origin": [17.5, 0, 25.5]},
			"faces": {
				"east": {"uv": [0, 0, 1, 1], "texture": "#4"}
			}
		},
		{
			"from": [13.9375, 0, 22.9375],
			"to": [14.0625, 1, 23.0625],
			"rotation": {"angle": 0, "axis": "y", "origin": [17.5, 0, 25.5]},
			"faces": {
				"up": {"uv": [7, 7, 9, 9], "rotation": 180, "texture": "#5"},
				"down": {"uv": [7, 7, 9, 9], "rotation": 180, "texture": "#5"}
			}
		},
		{
			"from": [13.9375, 0, 22.9375],
			"to": [14.0625, 1, 23.0625],
			"rotation": {"angle": 0, "axis": "y", "origin": [17.5, 0, 25.5]},
			"faces": {
				"south": {"uv": [9, 0, 7, 16], "texture": "#6"}
			}
		},
		{
			"from": [13.9375, 0, 22.9375],
			"to": [14.0625, 1, 23.0625],
			"rotation": {"angle": 0, "axis": "y", "origin": [17.5, 0, 25.5]},
			"faces": {
				"west": {"uv": [7, 0, 9, 16], "texture": "#6"}
			}
		},
		{
			"from": [13.9375, 0, 22.9375],
			"to": [14.0625, 1, 23.0625],
			"rotation": {"angle": 0, "axis": "y", "origin": [17.5, 0, 25.5]},
			"faces": {
				"north": {"uv": [7, 0, 9, 16], "texture": "#6"}
			}
		},
		{
			"from": [13.9375, 0, 22.9375],
			"to": [14.0625, 1, 23.0625],
			"rotation": {"angle": 0, "axis": "y", "origin": [17.5, 0, 25.5]},
			"faces": {
				"east": {"uv": [9, 0, 7, 16], "texture": "#6"}
			}
		},
		{
			"from": [13.9375, 0, 19.9375],
			"to": [14.0625, 1, 20.0625],
			"rotation": {"angle": 0, "axis": "y", "origin": [17.5, 0, 25.5]},
			"faces": {
				"up": {"uv": [7, 7, 9, 9], "rotation": 180, "texture": "#7"},
				"down": {"uv": [7, 7, 9, 9], "rotation": 180, "texture": "#7"}
			}
		},
		{
			"from": [13.9375, 0, 19.9375],
			"to": [14.0625, 1, 20.0625],
			"rotation": {"angle": 0, "axis": "y", "origin": [17.5, 0, 25.5]},
			"faces": {
				"south": {"uv": [9, 0, 7, 16], "texture": "#0"}
			}
		},
		{
			"from": [13.9375, 0, 19.9375],
			"to": [14.0625, 1, 20.0625],
			"rotation": {"angle": 0, "axis": "y", "origin": [17.5, 0, 25.5]},
			"faces": {
				"west": {"uv": [7, 0, 9, 16], "texture": "#0"}
			}
		},
		{
			"from": [13.9375, 0, 19.9375],
			"to": [14.0625, 1, 20.0625],
			"rotation": {"angle": 0, "axis": "y", "origin": [17.5, 0, 25.5]},
			"faces": {
				"north": {"uv": [7, 0, 9, 16], "texture": "#0"}
			}
		},
		{
			"from": [13.9375, 0, 19.9375],
			"to": [14.0625, 1, 20.0625],
			"rotation": {"angle": 0, "axis": "y", "origin": [17.5, 0, 25.5]},
			"faces": {
				"east": {"uv": [9, 0, 7, 16], "texture": "#0"}
			}
		},
		{
			"from": [13.9375, 0, 18.9375],
			"to": [14.0625, 1, 19.0625],
			"rotation": {"angle": 0, "axis": "y", "origin": [17.5, 0, 25.5]},
			"faces": {
				"up": {"uv": [7, 7, 9, 9], "rotation": 180, "texture": "#7"},
				"down": {"uv": [7, 7, 9, 9], "rotation": 180, "texture": "#7"}
			}
		},
		{
			"from": [13.9375, 0, 18.9375],
			"to": [14.0625, 1, 19.0625],
			"rotation": {"angle": 0, "axis": "y", "origin": [17.5, 0, 25.5]},
			"faces": {
				"south": {"uv": [0, 0, 1, 1], "texture": "#0"}
			}
		},
		{
			"from": [13.9375, 0, 18.9375],
			"to": [14.0625, 1, 19.0625],
			"rotation": {"angle": 0, "axis": "y", "origin": [17.5, 0, 25.5]},
			"faces": {
				"west": {"uv": [0, 0, 1, 1], "texture": "#0"}
			}
		},
		{
			"from": [13.9375, 0, 18.9375],
			"to": [14.0625, 1, 19.0625],
			"rotation": {"angle": 0, "axis": "y", "origin": [17.5, 0, 25.5]},
			"faces": {
				"north": {"uv": [0, 0, 1, 1], "texture": "#0"}
			}
		},
		{
			"from": [13.9375, 0, 18.9375],
			"to": [14.0625, 1, 19.0625],
			"rotation": {"angle": 0, "axis": "y", "origin": [17.5, 0, 25.5]},
			"faces": {
				"east": {"uv": [0, 0, 1, 1], "texture": "#0"}
			}
		},
		{
			"from": [13.9375, 0, 17.9375],
			"to": [14.0625, 1, 18.0625],
			"rotation": {"angle": 0, "axis": "y", "origin": [17.5, 0, 25.5]},
			"faces": {
				"up": {"uv": [7, 7, 9, 9], "rotation": 180, "texture": "#3"},
				"down": {"uv": [7, 7, 9, 9], "rotation": 180, "texture": "#3"}
			}
		},
		{
			"from": [13.9375, 0, 17.9375],
			"to": [14.0625, 1, 18.0625],
			"rotation": {"angle": 0, "axis": "y", "origin": [17.5, 0, 25.5]},
			"faces": {
				"south": {"uv": [0, 0, 1, 1], "texture": "#4"}
			}
		},
		{
			"from": [13.9375, 0, 17.9375],
			"to": [14.0625, 1, 18.0625],
			"rotation": {"angle": 0, "axis": "y", "origin": [17.5, 0, 25.5]},
			"faces": {
				"west": {"uv": [0, 0, 1, 1], "texture": "#4"}
			}
		},
		{
			"from": [13.9375, 0, 17.9375],
			"to": [14.0625, 1, 18.0625],
			"rotation": {"angle": 0, "axis": "y", "origin": [17.5, 0, 25.5]},
			"faces": {
				"north": {"uv": [0, 0, 1, 1], "texture": "#4"}
			}
		},
		{
			"from": [13.9375, 0, 17.9375],
			"to": [14.0625, 1, 18.0625],
			"rotation": {"angle": 0, "axis": "y", "origin": [17.5, 0, 25.5]},
			"faces": {
				"east": {"uv": [0, 0, 1, 1], "texture": "#4"}
			}
		},
		{
			"from": [13.9375, 0, 16.9375],
			"to": [14.0625, 1, 17.0625],
			"rotation": {"angle": 0, "axis": "y", "origin": [17.5, 0, 25.5]},
			"faces": {
				"up": {"uv": [7, 7, 9, 9], "rotation": 180, "texture": "#5"},
				"down": {"uv": [7, 7, 9, 9], "rotation": 180, "texture": "#5"}
			}
		},
		{
			"from": [13.9375, 0, 16.9375],
			"to": [14.0625, 1, 17.0625],
			"rotation": {"angle": 0, "axis": "y", "origin": [17.5, 0, 25.5]},
			"faces": {
				"south": {"uv": [0, 0, 1, 1], "texture": "#6"}
			}
		},
		{
			"from": [13.9375, 0, 16.9375],
			"to": [14.0625, 1, 17.0625],
			"rotation": {"angle": 0, "axis": "y", "origin": [17.5, 0, 25.5]},
			"faces": {
				"west": {"uv": [0, 0, 1, 1], "texture": "#6"}
			}
		},
		{
			"from": [13.9375, 0, 16.9375],
			"to": [14.0625, 1, 17.0625],
			"rotation": {"angle": 0, "axis": "y", "origin": [17.5, 0, 25.5]},
			"faces": {
				"north": {"uv": [0, 0, 1, 1], "texture": "#6"}
			}
		},
		{
			"from": [13.9375, 0, 16.9375],
			"to": [14.0625, 1, 17.0625],
			"rotation": {"angle": 0, "axis": "y", "origin": [17.5, 0, 25.5]},
			"faces": {
				"east": {"uv": [0, 0, 1, 1], "texture": "#6"}
			}
		},
		{
			"from": [12.9375, 0, 24.9375],
			"to": [13.0625, 1, 25.0625],
			"rotation": {"angle": 0, "axis": "y", "origin": [17.5, 0, 25.5]},
			"faces": {
				"up": {"uv": [7, 7, 9, 9], "rotation": 180, "texture": "#7"},
				"down": {"uv": [7, 7, 9, 9], "rotation": 180, "texture": "#7"}
			}
		},
		{
			"from": [12.9375, 0, 24.9375],
			"to": [13.0625, 1, 25.0625],
			"rotation": {"angle": 0, "axis": "y", "origin": [17.5, 0, 25.5]},
			"faces": {
				"south": {"uv": [0, 0, 1, 1], "texture": "#0"}
			}
		},
		{
			"from": [12.9375, 0, 24.9375],
			"to": [13.0625, 1, 25.0625],
			"rotation": {"angle": 0, "axis": "y", "origin": [17.5, 0, 25.5]},
			"faces": {
				"west": {"uv": [0, 0, 1, 1], "texture": "#0"}
			}
		},
		{
			"from": [12.9375, 0, 24.9375],
			"to": [13.0625, 1, 25.0625],
			"rotation": {"angle": 0, "axis": "y", "origin": [17.5, 0, 25.5]},
			"faces": {
				"north": {"uv": [0, 0, 1, 1], "texture": "#0"}
			}
		},
		{
			"from": [12.9375, 0, 24.9375],
			"to": [13.0625, 1, 25.0625],
			"rotation": {"angle": 0, "axis": "y", "origin": [17.5, 0, 25.5]},
			"faces": {
				"east": {"uv": [0, 0, 1, 1], "texture": "#0"}
			}
		},
		{
			"from": [12.9375, 0, 23.9375],
			"to": [13.0625, 1, 24.0625],
			"rotation": {"angle": 0, "axis": "y", "origin": [17.5, 0, 25.5]},
			"faces": {
				"up": {"uv": [7, 7, 9, 9], "rotation": 180, "texture": "#3"},
				"down": {"uv": [7, 7, 9, 9], "rotation": 180, "texture": "#3"}
			}
		},
		{
			"from": [12.9375, 0, 23.9375],
			"to": [13.0625, 1, 24.0625],
			"rotation": {"angle": 0, "axis": "y", "origin": [17.5, 0, 25.5]},
			"faces": {
				"south": {"uv": [0, 0, 1, 1], "texture": "#4"}
			}
		},
		{
			"from": [12.9375, 0, 23.9375],
			"to": [13.0625, 1, 24.0625],
			"rotation": {"angle": 0, "axis": "y", "origin": [17.5, 0, 25.5]},
			"faces": {
				"west": {"uv": [0, 0, 1, 1], "texture": "#4"}
			}
		},
		{
			"from": [12.9375, 0, 23.9375],
			"to": [13.0625, 1, 24.0625],
			"rotation": {"angle": 0, "axis": "y", "origin": [17.5, 0, 25.5]},
			"faces": {
				"north": {"uv": [0, 0, 1, 1], "texture": "#4"}
			}
		},
		{
			"from": [12.9375, 0, 23.9375],
			"to": [13.0625, 1, 24.0625],
			"rotation": {"angle": 0, "axis": "y", "origin": [17.5, 0, 25.5]},
			"faces": {
				"east": {"uv": [0, 0, 1, 1], "texture": "#4"}
			}
		},
		{
			"from": [12.9375, 0, 21.9375],
			"to": [13.0625, 1, 22.0625],
			"rotation": {"angle": 0, "axis": "y", "origin": [17.5, 0, 25.5]},
			"faces": {
				"up": {"uv": [7, 7, 9, 9], "rotation": 180, "texture": "#3"},
				"down": {"uv": [7, 7, 9, 9], "rotation": 180, "texture": "#3"}
			}
		},
		{
			"from": [12.9375, 0, 21.9375],
			"to": [13.0625, 1, 22.0625],
			"rotation": {"angle": 0, "axis": "y", "origin": [17.5, 0, 25.5]},
			"faces": {
				"south": {"uv": [0, 0, 1, 1], "texture": "#4"}
			}
		},
		{
			"from": [12.9375, 0, 21.9375],
			"to": [13.0625, 1, 22.0625],
			"rotation": {"angle": 0, "axis": "y", "origin": [17.5, 0, 25.5]},
			"faces": {
				"west": {"uv": [0, 0, 1, 1], "texture": "#4"}
			}
		},
		{
			"from": [12.9375, 0, 21.9375],
			"to": [13.0625, 1, 22.0625],
			"rotation": {"angle": 0, "axis": "y", "origin": [17.5, 0, 25.5]},
			"faces": {
				"north": {"uv": [0, 0, 1, 1], "texture": "#4"}
			}
		},
		{
			"from": [12.9375, 0, 21.9375],
			"to": [13.0625, 1, 22.0625],
			"rotation": {"angle": 0, "axis": "y", "origin": [17.5, 0, 25.5]},
			"faces": {
				"east": {"uv": [0, 0, 1, 1], "texture": "#4"}
			}
		},
		{
			"from": [12.9375, 0, 19.9375],
			"to": [13.0625, 1, 20.0625],
			"rotation": {"angle": 0, "axis": "y", "origin": [17.5, 0, 25.5]},
			"faces": {
				"up": {"uv": [7, 7, 9, 9], "rotation": 180, "texture": "#3"},
				"down": {"uv": [7, 7, 9, 9], "rotation": 180, "texture": "#3"}
			}
		},
		{
			"from": [12.9375, 0, 19.9375],
			"to": [13.0625, 1, 20.0625],
			"rotation": {"angle": 0, "axis": "y", "origin": [17.5, 0, 25.5]},
			"faces": {
				"south": {"uv": [0, 0, 1, 1], "texture": "#4"}
			}
		},
		{
			"from": [12.9375, 0, 19.9375],
			"to": [13.0625, 1, 20.0625],
			"rotation": {"angle": 0, "axis": "y", "origin": [17.5, 0, 25.5]},
			"faces": {
				"west": {"uv": [0, 0, 1, 1], "texture": "#4"}
			}
		},
		{
			"from": [12.9375, 0, 19.9375],
			"to": [13.0625, 1, 20.0625],
			"rotation": {"angle": 0, "axis": "y", "origin": [17.5, 0, 25.5]},
			"faces": {
				"north": {"uv": [0, 0, 1, 1], "texture": "#4"}
			}
		},
		{
			"from": [12.9375, 0, 19.9375],
			"to": [13.0625, 1, 20.0625],
			"rotation": {"angle": 0, "axis": "y", "origin": [17.5, 0, 25.5]},
			"faces": {
				"east": {"uv": [0, 0, 1, 1], "texture": "#4"}
			}
		},
		{
			"from": [12.9375, 0, 18.9375],
			"to": [13.0625, 1, 19.0625],
			"rotation": {"angle": 0, "axis": "y", "origin": [17.5, 0, 25.5]},
			"faces": {
				"up": {"uv": [7, 7, 9, 9], "rotation": 180, "texture": "#5"},
				"down": {"uv": [7, 7, 9, 9], "rotation": 180, "texture": "#5"}
			}
		},
		{
			"from": [12.9375, 0, 18.9375],
			"to": [13.0625, 1, 19.0625],
			"rotation": {"angle": 0, "axis": "y", "origin": [17.5, 0, 25.5]},
			"faces": {
				"south": {"uv": [0, 0, 1, 1], "texture": "#6"}
			}
		},
		{
			"from": [12.9375, 0, 18.9375],
			"to": [13.0625, 1, 19.0625],
			"rotation": {"angle": 0, "axis": "y", "origin": [17.5, 0, 25.5]},
			"faces": {
				"west": {"uv": [0, 0, 1, 1], "texture": "#6"}
			}
		},
		{
			"from": [12.9375, 0, 18.9375],
			"to": [13.0625, 1, 19.0625],
			"rotation": {"angle": 0, "axis": "y", "origin": [17.5, 0, 25.5]},
			"faces": {
				"north": {"uv": [0, 0, 1, 1], "texture": "#6"}
			}
		},
		{
			"from": [12.9375, 0, 18.9375],
			"to": [13.0625, 1, 19.0625],
			"rotation": {"angle": 0, "axis": "y", "origin": [17.5, 0, 25.5]},
			"faces": {
				"east": {"uv": [0, 0, 1, 1], "texture": "#6"}
			}
		},
		{
			"from": [12.9375, 0, 17.9375],
			"to": [13.0625, 1, 18.0625],
			"rotation": {"angle": 0, "axis": "y", "origin": [17.5, 0, 25.5]},
			"faces": {
				"up": {"uv": [7, 7, 9, 9], "rotation": 180, "texture": "#3"},
				"down": {"uv": [7, 7, 9, 9], "rotation": 180, "texture": "#3"}
			}
		},
		{
			"from": [12.9375, 0, 17.9375],
			"to": [13.0625, 1, 18.0625],
			"rotation": {"angle": 0, "axis": "y", "origin": [17.5, 0, 25.5]},
			"faces": {
				"south": {"uv": [0, 0, 1, 1], "texture": "#4"}
			}
		},
		{
			"from": [12.9375, 0, 17.9375],
			"to": [13.0625, 1, 18.0625],
			"rotation": {"angle": 0, "axis": "y", "origin": [17.5, 0, 25.5]},
			"faces": {
				"west": {"uv": [0, 0, 1, 1], "texture": "#4"}
			}
		},
		{
			"from": [12.9375, 0, 17.9375],
			"to": [13.0625, 1, 18.0625],
			"rotation": {"angle": 0, "axis": "y", "origin": [17.5, 0, 25.5]},
			"faces": {
				"north": {"uv": [0, 0, 1, 1], "texture": "#4"}
			}
		},
		{
			"from": [12.9375, 0, 17.9375],
			"to": [13.0625, 1, 18.0625],
			"rotation": {"angle": 0, "axis": "y", "origin": [17.5, 0, 25.5]},
			"faces": {
				"east": {"uv": [0, 0, 1, 1], "texture": "#4"}
			}
		},
		{
			"from": [11.9375, 0, 24.9375],
			"to": [12.0625, 1, 25.0625],
			"rotation": {"angle": 0, "axis": "y", "origin": [17.5, 0, 25.5]},
			"faces": {
				"up": {"uv": [7, 7, 9, 9], "rotation": 180, "texture": "#5"},
				"down": {"uv": [7, 7, 9, 9], "rotation": 180, "texture": "#5"}
			}
		},
		{
			"from": [11.9375, 0, 24.9375],
			"to": [12.0625, 1, 25.0625],
			"rotation": {"angle": 0, "axis": "y", "origin": [17.5, 0, 25.5]},
			"faces": {
				"south": {"uv": [0, 0, 1, 1], "texture": "#6"}
			}
		},
		{
			"from": [11.9375, 0, 24.9375],
			"to": [12.0625, 1, 25.0625],
			"rotation": {"angle": 0, "axis": "y", "origin": [17.5, 0, 25.5]},
			"faces": {
				"west": {"uv": [0, 0, 1, 1], "texture": "#6"}
			}
		},
		{
			"from": [11.9375, 0, 24.9375],
			"to": [12.0625, 1, 25.0625],
			"rotation": {"angle": 0, "axis": "y", "origin": [17.5, 0, 25.5]},
			"faces": {
				"north": {"uv": [0, 0, 1, 1], "texture": "#6"}
			}
		},
		{
			"from": [11.9375, 0, 24.9375],
			"to": [12.0625, 1, 25.0625],
			"rotation": {"angle": 0, "axis": "y", "origin": [17.5, 0, 25.5]},
			"faces": {
				"east": {"uv": [0, 0, 1, 1], "texture": "#6"}
			}
		},
		{
			"from": [11.9375, 0, 23.9375],
			"to": [12.0625, 1, 24.0625],
			"rotation": {"angle": 0, "axis": "y", "origin": [17.5, 0, 25.5]},
			"faces": {
				"up": {"uv": [7, 7, 9, 9], "rotation": 180, "texture": "#7"},
				"down": {"uv": [7, 7, 9, 9], "rotation": 180, "texture": "#7"}
			}
		},
		{
			"from": [11.9375, 0, 23.9375],
			"to": [12.0625, 1, 24.0625],
			"rotation": {"angle": 0, "axis": "y", "origin": [17.5, 0, 25.5]},
			"faces": {
				"south": {"uv": [0, 0, 1, 1], "texture": "#0"}
			}
		},
		{
			"from": [11.9375, 0, 23.9375],
			"to": [12.0625, 1, 24.0625],
			"rotation": {"angle": 0, "axis": "y", "origin": [17.5, 0, 25.5]},
			"faces": {
				"west": {"uv": [0, 0, 1, 1], "texture": "#0"}
			}
		},
		{
			"from": [11.9375, 0, 23.9375],
			"to": [12.0625, 1, 24.0625],
			"rotation": {"angle": 0, "axis": "y", "origin": [17.5, 0, 25.5]},
			"faces": {
				"north": {"uv": [0, 0, 1, 1], "texture": "#0"}
			}
		},
		{
			"from": [11.9375, 0, 23.9375],
			"to": [12.0625, 1, 24.0625],
			"rotation": {"angle": 0, "axis": "y", "origin": [17.5, 0, 25.5]},
			"faces": {
				"east": {"uv": [0, 0, 1, 1], "texture": "#0"}
			}
		},
		{
			"from": [11.9375, 0, 22.9375],
			"to": [12.0625, 1, 23.0625],
			"rotation": {"angle": 0, "axis": "y", "origin": [17.5, 0, 25.5]},
			"faces": {
				"up": {"uv": [7, 7, 9, 9], "rotation": 180, "texture": "#7"},
				"down": {"uv": [7, 7, 9, 9], "rotation": 180, "texture": "#7"}
			}
		},
		{
			"from": [11.9375, 0, 22.9375],
			"to": [12.0625, 1, 23.0625],
			"rotation": {"angle": 0, "axis": "y", "origin": [17.5, 0, 25.5]},
			"faces": {
				"south": {"uv": [0, 0, 1, 1], "texture": "#0"}
			}
		},
		{
			"from": [11.9375, 0, 22.9375],
			"to": [12.0625, 1, 23.0625],
			"rotation": {"angle": 0, "axis": "y", "origin": [17.5, 0, 25.5]},
			"faces": {
				"west": {"uv": [0, 0, 1, 1], "texture": "#0"}
			}
		},
		{
			"from": [11.9375, 0, 22.9375],
			"to": [12.0625, 1, 23.0625],
			"rotation": {"angle": 0, "axis": "y", "origin": [17.5, 0, 25.5]},
			"faces": {
				"north": {"uv": [0, 0, 1, 1], "texture": "#0"}
			}
		},
		{
			"from": [11.9375, 0, 22.9375],
			"to": [12.0625, 1, 23.0625],
			"rotation": {"angle": 0, "axis": "y", "origin": [17.5, 0, 25.5]},
			"faces": {
				"east": {"uv": [0, 0, 1, 1], "texture": "#0"}
			}
		},
		{
			"from": [11.9375, 0, 21.9375],
			"to": [12.0625, 1, 22.0625],
			"rotation": {"angle": 0, "axis": "y", "origin": [17.5, 0, 25.5]},
			"faces": {
				"up": {"uv": [7, 7, 9, 9], "rotation": 180, "texture": "#7"},
				"down": {"uv": [7, 7, 9, 9], "rotation": 180, "texture": "#7"}
			}
		},
		{
			"from": [11.9375, 0, 21.9375],
			"to": [12.0625, 1, 22.0625],
			"rotation": {"angle": 0, "axis": "y", "origin": [17.5, 0, 25.5]},
			"faces": {
				"south": {"uv": [0, 0, 1, 1], "texture": "#0"}
			}
		},
		{
			"from": [11.9375, 0, 21.9375],
			"to": [12.0625, 1, 22.0625],
			"rotation": {"angle": 0, "axis": "y", "origin": [17.5, 0, 25.5]},
			"faces": {
				"west": {"uv": [0, 0, 1, 1], "texture": "#0"}
			}
		},
		{
			"from": [11.9375, 0, 21.9375],
			"to": [12.0625, 1, 22.0625],
			"rotation": {"angle": 0, "axis": "y", "origin": [17.5, 0, 25.5]},
			"faces": {
				"north": {"uv": [0, 0, 1, 1], "texture": "#0"}
			}
		},
		{
			"from": [11.9375, 0, 21.9375],
			"to": [12.0625, 1, 22.0625],
			"rotation": {"angle": 0, "axis": "y", "origin": [17.5, 0, 25.5]},
			"faces": {
				"east": {"uv": [0, 0, 1, 1], "texture": "#0"}
			}
		},
		{
			"from": [11.9375, 0, 20.9375],
			"to": [12.0625, 1, 21.0625],
			"rotation": {"angle": 0, "axis": "y", "origin": [17.5, 0, 25.5]},
			"faces": {
				"up": {"uv": [7, 7, 9, 9], "rotation": 180, "texture": "#5"},
				"down": {"uv": [7, 7, 9, 9], "rotation": 180, "texture": "#5"}
			}
		},
		{
			"from": [11.9375, 0, 20.9375],
			"to": [12.0625, 1, 21.0625],
			"rotation": {"angle": 0, "axis": "y", "origin": [17.5, 0, 25.5]},
			"faces": {
				"south": {"uv": [0, 0, 1, 1], "texture": "#6"}
			}
		},
		{
			"from": [11.9375, 0, 20.9375],
			"to": [12.0625, 1, 21.0625],
			"rotation": {"angle": 0, "axis": "y", "origin": [17.5, 0, 25.5]},
			"faces": {
				"west": {"uv": [0, 0, 1, 1], "texture": "#6"}
			}
		},
		{
			"from": [11.9375, 0, 20.9375],
			"to": [12.0625, 1, 21.0625],
			"rotation": {"angle": 0, "axis": "y", "origin": [17.5, 0, 25.5]},
			"faces": {
				"north": {"uv": [0, 0, 1, 1], "texture": "#6"}
			}
		},
		{
			"from": [11.9375, 0, 20.9375],
			"to": [12.0625, 1, 21.0625],
			"rotation": {"angle": 0, "axis": "y", "origin": [17.5, 0, 25.5]},
			"faces": {
				"east": {"uv": [0, 0, 1, 1], "texture": "#6"}
			}
		},
		{
			"from": [11.9375, 0, 18.9375],
			"to": [12.0625, 1, 19.0625],
			"rotation": {"angle": 0, "axis": "y", "origin": [17.5, 0, 25.5]},
			"faces": {
				"up": {"uv": [7, 7, 9, 9], "rotation": 180, "texture": "#5"},
				"down": {"uv": [7, 7, 9, 9], "rotation": 180, "texture": "#5"}
			}
		},
		{
			"from": [11.9375, 0, 18.9375],
			"to": [12.0625, 1, 19.0625],
			"rotation": {"angle": 0, "axis": "y", "origin": [17.5, 0, 25.5]},
			"faces": {
				"south": {"uv": [0, 0, 1, 1], "texture": "#6"}
			}
		},
		{
			"from": [11.9375, 0, 18.9375],
			"to": [12.0625, 1, 19.0625],
			"rotation": {"angle": 0, "axis": "y", "origin": [17.5, 0, 25.5]},
			"faces": {
				"west": {"uv": [0, 0, 1, 1], "texture": "#6"}
			}
		},
		{
			"from": [11.9375, 0, 18.9375],
			"to": [12.0625, 1, 19.0625],
			"rotation": {"angle": 0, "axis": "y", "origin": [17.5, 0, 25.5]},
			"faces": {
				"north": {"uv": [0, 0, 1, 1], "texture": "#6"}
			}
		},
		{
			"from": [11.9375, 0, 18.9375],
			"to": [12.0625, 1, 19.0625],
			"rotation": {"angle": 0, "axis": "y", "origin": [17.5, 0, 25.5]},
			"faces": {
				"east": {"uv": [0, 0, 1, 1], "texture": "#6"}
			}
		},
		{
			"from": [11.9375, 0, 16.9375],
			"to": [12.0625, 1, 17.0625],
			"rotation": {"angle": 0, "axis": "y", "origin": [17.5, 0, 25.5]},
			"faces": {
				"up": {"uv": [7, 7, 9, 9], "rotation": 180, "texture": "#5"},
				"down": {"uv": [7, 7, 9, 9], "rotation": 180, "texture": "#5"}
			}
		},
		{
			"from": [11.9375, 0, 16.9375],
			"to": [12.0625, 1, 17.0625],
			"rotation": {"angle": 0, "axis": "y", "origin": [17.5, 0, 25.5]},
			"faces": {
				"south": {"uv": [0, 0, 1, 1], "texture": "#6"}
			}
		},
		{
			"from": [11.9375, 0, 16.9375],
			"to": [12.0625, 1, 17.0625],
			"rotation": {"angle": 0, "axis": "y", "origin": [17.5, 0, 25.5]},
			"faces": {
				"west": {"uv": [0, 0, 1, 1], "texture": "#6"}
			}
		},
		{
			"from": [11.9375, 0, 16.9375],
			"to": [12.0625, 1, 17.0625],
			"rotation": {"angle": 0, "axis": "y", "origin": [17.5, 0, 25.5]},
			"faces": {
				"north": {"uv": [0, 0, 1, 1], "texture": "#6"}
			}
		},
		{
			"from": [11.9375, 0, 16.9375],
			"to": [12.0625, 1, 17.0625],
			"rotation": {"angle": 0, "axis": "y", "origin": [17.5, 0, 25.5]},
			"faces": {
				"east": {"uv": [0, 0, 1, 1], "texture": "#6"}
			}
		},
		{
			"from": [10.9375, 0, 22.9375],
			"to": [11.0625, 1, 23.0625],
			"rotation": {"angle": 0, "axis": "y", "origin": [17.5, 0, 25.5]},
			"faces": {
				"up": {"uv": [7, 7, 9, 9], "rotation": 180, "texture": "#5"},
				"down": {"uv": [7, 7, 9, 9], "rotation": 180, "texture": "#5"}
			}
		},
		{
			"from": [10.9375, 0, 22.9375],
			"to": [11.0625, 1, 23.0625],
			"rotation": {"angle": 0, "axis": "y", "origin": [17.5, 0, 25.5]},
			"faces": {
				"south": {"uv": [0, 0, 1, 1], "texture": "#6"}
			}
		},
		{
			"from": [10.9375, 0, 22.9375],
			"to": [11.0625, 1, 23.0625],
			"rotation": {"angle": 0, "axis": "y", "origin": [17.5, 0, 25.5]},
			"faces": {
				"west": {"uv": [0, 0, 1, 1], "texture": "#6"}
			}
		},
		{
			"from": [10.9375, 0, 22.9375],
			"to": [11.0625, 1, 23.0625],
			"rotation": {"angle": 0, "axis": "y", "origin": [17.5, 0, 25.5]},
			"faces": {
				"north": {"uv": [0, 0, 1, 1], "texture": "#6"}
			}
		},
		{
			"from": [10.9375, 0, 22.9375],
			"to": [11.0625, 1, 23.0625],
			"rotation": {"angle": 0, "axis": "y", "origin": [17.5, 0, 25.5]},
			"faces": {
				"east": {"uv": [0, 0, 1, 1], "texture": "#6"}
			}
		},
		{
			"from": [10.9375, 0, 20.9375],
			"to": [11.0625, 1, 21.0625],
			"rotation": {"angle": 0, "axis": "y", "origin": [17.5, 0, 25.5]},
			"faces": {
				"up": {"uv": [7, 7, 9, 9], "rotation": 180, "texture": "#7"},
				"down": {"uv": [7, 7, 9, 9], "rotation": 180, "texture": "#7"}
			}
		},
		{
			"from": [10.9375, 0, 20.9375],
			"to": [11.0625, 1, 21.0625],
			"rotation": {"angle": 0, "axis": "y", "origin": [17.5, 0, 25.5]},
			"faces": {
				"south": {"uv": [0, 0, 1, 1], "texture": "#0"}
			}
		},
		{
			"from": [10.9375, 0, 20.9375],
			"to": [11.0625, 1, 21.0625],
			"rotation": {"angle": 0, "axis": "y", "origin": [17.5, 0, 25.5]},
			"faces": {
				"west": {"uv": [0, 0, 1, 1], "texture": "#0"}
			}
		},
		{
			"from": [10.9375, 0, 20.9375],
			"to": [11.0625, 1, 21.0625],
			"rotation": {"angle": 0, "axis": "y", "origin": [17.5, 0, 25.5]},
			"faces": {
				"north": {"uv": [0, 0, 1, 1], "texture": "#0"}
			}
		},
		{
			"from": [10.9375, 0, 20.9375],
			"to": [11.0625, 1, 21.0625],
			"rotation": {"angle": 0, "axis": "y", "origin": [17.5, 0, 25.5]},
			"faces": {
				"east": {"uv": [0, 0, 1, 1], "texture": "#0"}
			}
		},
		{
			"from": [10.9375, 0, 18.9375],
			"to": [11.0625, 1, 19.0625],
			"rotation": {"angle": 0, "axis": "y", "origin": [17.5, 0, 25.5]},
			"faces": {
				"up": {"uv": [7, 7, 9, 9], "rotation": 180, "texture": "#7"},
				"down": {"uv": [7, 7, 9, 9], "rotation": 180, "texture": "#7"}
			}
		},
		{
			"from": [10.9375, 0, 18.9375],
			"to": [11.0625, 1, 19.0625],
			"rotation": {"angle": 0, "axis": "y", "origin": [17.5, 0, 25.5]},
			"faces": {
				"south": {"uv": [0, 0, 1, 1], "texture": "#0"}
			}
		},
		{
			"from": [10.9375, 0, 18.9375],
			"to": [11.0625, 1, 19.0625],
			"rotation": {"angle": 0, "axis": "y", "origin": [17.5, 0, 25.5]},
			"faces": {
				"west": {"uv": [0, 0, 1, 1], "texture": "#0"}
			}
		},
		{
			"from": [10.9375, 0, 18.9375],
			"to": [11.0625, 1, 19.0625],
			"rotation": {"angle": 0, "axis": "y", "origin": [17.5, 0, 25.5]},
			"faces": {
				"north": {"uv": [0, 0, 1, 1], "texture": "#0"}
			}
		},
		{
			"from": [10.9375, 0, 18.9375],
			"to": [11.0625, 1, 19.0625],
			"rotation": {"angle": 0, "axis": "y", "origin": [17.5, 0, 25.5]},
			"faces": {
				"east": {"uv": [0, 0, 1, 1], "texture": "#0"}
			}
		},
		{
			"from": [10.9375, 0, 17.9375],
			"to": [11.0625, 1, 18.0625],
			"rotation": {"angle": 0, "axis": "y", "origin": [17.5, 0, 25.5]},
			"faces": {
				"up": {"uv": [7, 7, 9, 9], "rotation": 180, "texture": "#7"},
				"down": {"uv": [7, 7, 9, 9], "rotation": 180, "texture": "#7"}
			}
		},
		{
			"from": [10.9375, 0, 17.9375],
			"to": [11.0625, 1, 18.0625],
			"rotation": {"angle": 0, "axis": "y", "origin": [17.5, 0, 25.5]},
			"faces": {
				"south": {"uv": [0, 0, 1, 1], "texture": "#0"}
			}
		},
		{
			"from": [10.9375, 0, 17.9375],
			"to": [11.0625, 1, 18.0625],
			"rotation": {"angle": 0, "axis": "y", "origin": [17.5, 0, 25.5]},
			"faces": {
				"west": {"uv": [0, 0, 1, 1], "texture": "#0"}
			}
		},
		{
			"from": [10.9375, 0, 17.9375],
			"to": [11.0625, 1, 18.0625],
			"rotation": {"angle": 0, "axis": "y", "origin": [17.5, 0, 25.5]},
			"faces": {
				"north": {"uv": [0, 0, 1, 1], "texture": "#0"}
			}
		},
		{
			"from": [10.9375, 0, 17.9375],
			"to": [11.0625, 1, 18.0625],
			"rotation": {"angle": 0, "axis": "y", "origin": [17.5, 0, 25.5]},
			"faces": {
				"east": {"uv": [0, 0, 1, 1], "texture": "#0"}
			}
		},
		{
			"from": [10.9375, 0, 15.9375],
			"to": [11.0625, 1, 16.0625],
			"rotation": {"angle": 0, "axis": "y", "origin": [17.5, 0, 25.5]},
			"faces": {
				"up": {"uv": [7, 7, 9, 9], "rotation": 180, "texture": "#3"},
				"down": {"uv": [7, 7, 9, 9], "rotation": 180, "texture": "#3"}
			}
		},
		{
			"from": [10.9375, 0, 15.9375],
			"to": [11.0625, 1, 16.0625],
			"rotation": {"angle": 0, "axis": "y", "origin": [17.5, 0, 25.5]},
			"faces": {
				"south": {"uv": [0, 0, 1, 1], "texture": "#4"}
			}
		},
		{
			"from": [10.9375, 0, 15.9375],
			"to": [11.0625, 1, 16.0625],
			"rotation": {"angle": 0, "axis": "y", "origin": [17.5, 0, 25.5]},
			"faces": {
				"west": {"uv": [0, 0, 1, 1], "texture": "#4"}
			}
		},
		{
			"from": [10.9375, 0, 15.9375],
			"to": [11.0625, 1, 16.0625],
			"rotation": {"angle": 0, "axis": "y", "origin": [17.5, 0, 25.5]},
			"faces": {
				"north": {"uv": [0, 0, 1, 1], "texture": "#4"}
			}
		},
		{
			"from": [10.9375, 0, 15.9375],
			"to": [11.0625, 1, 16.0625],
			"rotation": {"angle": 0, "axis": "y", "origin": [17.5, 0, 25.5]},
			"faces": {
				"east": {"uv": [0, 0, 1, 1], "texture": "#4"}
			}
		},
		{
			"from": [9.9375, 0, 17.9375],
			"to": [10.0625, 1, 18.0625],
			"rotation": {"angle": 0, "axis": "y", "origin": [17.5, 0, 25.5]},
			"faces": {
				"up": {"uv": [7, 7, 9, 9], "rotation": 180, "texture": "#7"},
				"down": {"uv": [7, 7, 9, 9], "rotation": 180, "texture": "#7"}
			}
		},
		{
			"from": [9.9375, 0, 17.9375],
			"to": [10.0625, 1, 18.0625],
			"rotation": {"angle": 0, "axis": "y", "origin": [17.5, 0, 25.5]},
			"faces": {
				"south": {"uv": [0, 0, 1, 1], "texture": "#0"}
			}
		},
		{
			"from": [9.9375, 0, 17.9375],
			"to": [10.0625, 1, 18.0625],
			"rotation": {"angle": 0, "axis": "y", "origin": [17.5, 0, 25.5]},
			"faces": {
				"west": {"uv": [0, 0, 1, 1], "texture": "#0"}
			}
		},
		{
			"from": [9.9375, 0, 17.9375],
			"to": [10.0625, 1, 18.0625],
			"rotation": {"angle": 0, "axis": "y", "origin": [17.5, 0, 25.5]},
			"faces": {
				"north": {"uv": [0, 0, 1, 1], "texture": "#0"}
			}
		},
		{
			"from": [9.9375, 0, 17.9375],
			"to": [10.0625, 1, 18.0625],
			"rotation": {"angle": 0, "axis": "y", "origin": [17.5, 0, 25.5]},
			"faces": {
				"east": {"uv": [0, 0, 1, 1], "texture": "#0"}
			}
		},
		{
			"from": [9.9375, 0, 16.9375],
			"to": [10.0625, 1, 17.0625],
			"rotation": {"angle": 0, "axis": "y", "origin": [17.5, 0, 25.5]},
			"faces": {
				"up": {"uv": [7, 7, 9, 9], "rotation": 180, "texture": "#7"},
				"down": {"uv": [7, 7, 9, 9], "rotation": 180, "texture": "#7"}
			}
		},
		{
			"from": [9.9375, 0, 16.9375],
			"to": [10.0625, 1, 17.0625],
			"rotation": {"angle": 0, "axis": "y", "origin": [17.5, 0, 25.5]},
			"faces": {
				"south": {"uv": [0, 0, 1, 1], "texture": "#0"}
			}
		},
		{
			"from": [9.9375, 0, 16.9375],
			"to": [10.0625, 1, 17.0625],
			"rotation": {"angle": 0, "axis": "y", "origin": [17.5, 0, 25.5]},
			"faces": {
				"west": {"uv": [0, 0, 1, 1], "texture": "#0"}
			}
		},
		{
			"from": [9.9375, 0, 16.9375],
			"to": [10.0625, 1, 17.0625],
			"rotation": {"angle": 0, "axis": "y", "origin": [17.5, 0, 25.5]},
			"faces": {
				"north": {"uv": [0, 0, 1, 1], "texture": "#0"}
			}
		},
		{
			"from": [9.9375, 0, 16.9375],
			"to": [10.0625, 1, 17.0625],
			"rotation": {"angle": 0, "axis": "y", "origin": [17.5, 0, 25.5]},
			"faces": {
				"east": {"uv": [0, 0, 1, 1], "texture": "#0"}
			}
		},
		{
			"from": [9.9375, 0, 15.9375],
			"to": [10.0625, 1, 16.0625],
			"rotation": {"angle": 0, "axis": "y", "origin": [17.5, 0, 25.5]},
			"faces": {
				"up": {"uv": [7, 7, 9, 9], "rotation": 180, "texture": "#5"},
				"down": {"uv": [7, 7, 9, 9], "rotation": 180, "texture": "#5"}
			}
		},
		{
			"from": [9.9375, 0, 15.9375],
			"to": [10.0625, 1, 16.0625],
			"rotation": {"angle": 0, "axis": "y", "origin": [17.5, 0, 25.5]},
			"faces": {
				"south": {"uv": [0, 0, 1, 1], "texture": "#6"}
			}
		},
		{
			"from": [9.9375, 0, 15.9375],
			"to": [10.0625, 1, 16.0625],
			"rotation": {"angle": 0, "axis": "y", "origin": [17.5, 0, 25.5]},
			"faces": {
				"west": {"uv": [0, 0, 1, 1], "texture": "#6"}
			}
		},
		{
			"from": [9.9375, 0, 15.9375],
			"to": [10.0625, 1, 16.0625],
			"rotation": {"angle": 0, "axis": "y", "origin": [17.5, 0, 25.5]},
			"faces": {
				"north": {"uv": [0, 0, 1, 1], "texture": "#6"}
			}
		},
		{
			"from": [9.9375, 0, 15.9375],
			"to": [10.0625, 1, 16.0625],
			"rotation": {"angle": 0, "axis": "y", "origin": [17.5, 0, 25.5]},
			"faces": {
				"east": {"uv": [0, 0, 1, 1], "texture": "#6"}
			}
		},
		{
			"from": [9.9375, 0, 14.9375],
			"to": [10.0625, 1, 15.0625],
			"rotation": {"angle": 0, "axis": "y", "origin": [17.5, 0, 25.5]},
			"faces": {
				"up": {"uv": [7, 7, 9, 9], "rotation": 180, "texture": "#3"},
				"down": {"uv": [7, 7, 9, 9], "rotation": 180, "texture": "#3"}
			}
		},
		{
			"from": [9.9375, 0, 14.9375],
			"to": [10.0625, 1, 15.0625],
			"rotation": {"angle": 0, "axis": "y", "origin": [17.5, 0, 25.5]},
			"faces": {
				"south": {"uv": [0, 0, 1, 1], "texture": "#4"}
			}
		},
		{
			"from": [9.9375, 0, 14.9375],
			"to": [10.0625, 1, 15.0625],
			"rotation": {"angle": 0, "axis": "y", "origin": [17.5, 0, 25.5]},
			"faces": {
				"west": {"uv": [0, 0, 1, 1], "texture": "#4"}
			}
		},
		{
			"from": [9.9375, 0, 14.9375],
			"to": [10.0625, 1, 15.0625],
			"rotation": {"angle": 0, "axis": "y", "origin": [17.5, 0, 25.5]},
			"faces": {
				"north": {"uv": [0, 0, 1, 1], "texture": "#4"}
			}
		},
		{
			"from": [9.9375, 0, 14.9375],
			"to": [10.0625, 1, 15.0625],
			"rotation": {"angle": 0, "axis": "y", "origin": [17.5, 0, 25.5]},
			"faces": {
				"east": {"uv": [0, 0, 1, 1], "texture": "#4"}
			}
		},
		{
			"from": [8.9375, 0, 16.9375],
			"to": [9.0625, 1, 17.0625],
			"rotation": {"angle": 0, "axis": "y", "origin": [17.5, 0, 25.5]},
			"faces": {
				"up": {"uv": [7, 7, 9, 9], "rotation": 180, "texture": "#7"},
				"down": {"uv": [7, 7, 9, 9], "rotation": 180, "texture": "#7"}
			}
		},
		{
			"from": [8.9375, 0, 16.9375],
			"to": [9.0625, 1, 17.0625],
			"rotation": {"angle": 0, "axis": "y", "origin": [17.5, 0, 25.5]},
			"faces": {
				"south": {"uv": [0, 0, 1, 1], "texture": "#0"}
			}
		},
		{
			"from": [8.9375, 0, 16.9375],
			"to": [9.0625, 1, 17.0625],
			"rotation": {"angle": 0, "axis": "y", "origin": [17.5, 0, 25.5]},
			"faces": {
				"west": {"uv": [0, 0, 1, 1], "texture": "#0"}
			}
		},
		{
			"from": [8.9375, 0, 16.9375],
			"to": [9.0625, 1, 17.0625],
			"rotation": {"angle": 0, "axis": "y", "origin": [17.5, 0, 25.5]},
			"faces": {
				"north": {"uv": [0, 0, 1, 1], "texture": "#0"}
			}
		},
		{
			"from": [8.9375, 0, 16.9375],
			"to": [9.0625, 1, 17.0625],
			"rotation": {"angle": 0, "axis": "y", "origin": [17.5, 0, 25.5]},
			"faces": {
				"east": {"uv": [0, 0, 1, 1], "texture": "#0"}
			}
		},
		{
			"from": [8.9375, 0, 15.9375],
			"to": [9.0625, 1, 16.0625],
			"rotation": {"angle": 0, "axis": "y", "origin": [17.5, 0, 25.5]},
			"faces": {
				"up": {"uv": [7, 7, 9, 9], "rotation": 180, "texture": "#5"},
				"down": {"uv": [7, 7, 9, 9], "rotation": 180, "texture": "#5"}
			}
		},
		{
			"from": [8.9375, 0, 15.9375],
			"to": [9.0625, 1, 16.0625],
			"rotation": {"angle": 0, "axis": "y", "origin": [17.5, 0, 25.5]},
			"faces": {
				"south": {"uv": [0, 0, 1, 1], "texture": "#6"}
			}
		},
		{
			"from": [8.9375, 0, 15.9375],
			"to": [9.0625, 1, 16.0625],
			"rotation": {"angle": 0, "axis": "y", "origin": [17.5, 0, 25.5]},
			"faces": {
				"west": {"uv": [0, 0, 1, 1], "texture": "#6"}
			}
		},
		{
			"from": [8.9375, 0, 15.9375],
			"to": [9.0625, 1, 16.0625],
			"rotation": {"angle": 0, "axis": "y", "origin": [17.5, 0, 25.5]},
			"faces": {
				"north": {"uv": [0, 0, 1, 1], "texture": "#6"}
			}
		},
		{
			"from": [8.9375, 0, 15.9375],
			"to": [9.0625, 1, 16.0625],
			"rotation": {"angle": 0, "axis": "y", "origin": [17.5, 0, 25.5]},
			"faces": {
				"east": {"uv": [0, 0, 1, 1], "texture": "#6"}
			}
		},
		{
			"from": [8.9375, 0, 14.9375],
			"to": [9.0625, 1, 15.0625],
			"rotation": {"angle": 0, "axis": "y", "origin": [17.5, 0, 25.5]},
			"faces": {
				"up": {"uv": [7, 7, 9, 9], "rotation": 180, "texture": "#7"},
				"down": {"uv": [7, 7, 9, 9], "rotation": 180, "texture": "#7"}
			}
		},
		{
			"from": [8.9375, 0, 14.9375],
			"to": [9.0625, 1, 15.0625],
			"rotation": {"angle": 0, "axis": "y", "origin": [17.5, 0, 25.5]},
			"faces": {
				"south": {"uv": [0, 0, 1, 1], "texture": "#0"}
			}
		},
		{
			"from": [8.9375, 0, 14.9375],
			"to": [9.0625, 1, 15.0625],
			"rotation": {"angle": 0, "axis": "y", "origin": [17.5, 0, 25.5]},
			"faces": {
				"west": {"uv": [0, 0, 1, 1], "texture": "#0"}
			}
		},
		{
			"from": [8.9375, 0, 14.9375],
			"to": [9.0625, 1, 15.0625],
			"rotation": {"angle": 0, "axis": "y", "origin": [17.5, 0, 25.5]},
			"faces": {
				"north": {"uv": [0, 0, 1, 1], "texture": "#0"}
			}
		},
		{
			"from": [8.9375, 0, 14.9375],
			"to": [9.0625, 1, 15.0625],
			"rotation": {"angle": 0, "axis": "y", "origin": [17.5, 0, 25.5]},
			"faces": {
				"east": {"uv": [0, 0, 1, 1], "texture": "#0"}
			}
		},
		{
			"from": [7.9375, 0, 20.9375],
			"to": [8.0625, 1, 21.0625],
			"rotation": {"angle": 0, "axis": "y", "origin": [17.5, 0, 25.5]},
			"faces": {
				"up": {"uv": [7, 7, 9, 9], "rotation": 180, "texture": "#3"},
				"down": {"uv": [7, 7, 9, 9], "rotation": 180, "texture": "#3"}
			}
		},
		{
			"from": [7.9375, 0, 20.9375],
			"to": [8.0625, 1, 21.0625],
			"rotation": {"angle": 0, "axis": "y", "origin": [17.5, 0, 25.5]},
			"faces": {
				"south": {"uv": [0, 0, 1, 1], "texture": "#4"}
			}
		},
		{
			"from": [7.9375, 0, 20.9375],
			"to": [8.0625, 1, 21.0625],
			"rotation": {"angle": 0, "axis": "y", "origin": [17.5, 0, 25.5]},
			"faces": {
				"west": {"uv": [0, 0, 1, 1], "texture": "#4"}
			}
		},
		{
			"from": [7.9375, 0, 20.9375],
			"to": [8.0625, 1, 21.0625],
			"rotation": {"angle": 0, "axis": "y", "origin": [17.5, 0, 25.5]},
			"faces": {
				"north": {"uv": [0, 0, 1, 1], "texture": "#4"}
			}
		},
		{
			"from": [7.9375, 0, 20.9375],
			"to": [8.0625, 1, 21.0625],
			"rotation": {"angle": 0, "axis": "y", "origin": [17.5, 0, 25.5]},
			"faces": {
				"east": {"uv": [0, 0, 1, 1], "texture": "#4"}
			}
		},
		{
			"from": [7.9375, 0, 19.9375],
			"to": [8.0625, 1, 20.0625],
			"rotation": {"angle": 0, "axis": "y", "origin": [17.5, 0, 25.5]},
			"faces": {
				"up": {"uv": [7, 7, 9, 9], "rotation": 180, "texture": "#5"},
				"down": {"uv": [7, 7, 9, 9], "rotation": 180, "texture": "#5"}
			}
		},
		{
			"from": [7.9375, 0, 19.9375],
			"to": [8.0625, 1, 20.0625],
			"rotation": {"angle": 0, "axis": "y", "origin": [17.5, 0, 25.5]},
			"faces": {
				"south": {"uv": [0, 0, 1, 1], "texture": "#6"}
			}
		},
		{
			"from": [7.9375, 0, 19.9375],
			"to": [8.0625, 1, 20.0625],
			"rotation": {"angle": 0, "axis": "y", "origin": [17.5, 0, 25.5]},
			"faces": {
				"west": {"uv": [0, 0, 1, 1], "texture": "#6"}
			}
		},
		{
			"from": [7.9375, 0, 19.9375],
			"to": [8.0625, 1, 20.0625],
			"rotation": {"angle": 0, "axis": "y", "origin": [17.5, 0, 25.5]},
			"faces": {
				"north": {"uv": [0, 0, 1, 1], "texture": "#6"}
			}
		},
		{
			"from": [7.9375, 0, 19.9375],
			"to": [8.0625, 1, 20.0625],
			"rotation": {"angle": 0, "axis": "y", "origin": [17.5, 0, 25.5]},
			"faces": {
				"east": {"uv": [0, 0, 1, 1], "texture": "#6"}
			}
		},
		{
			"from": [7.9375, 0, 18.9375],
			"to": [8.0625, 1, 19.0625],
			"rotation": {"angle": 0, "axis": "y", "origin": [17.5, 0, 25.5]},
			"faces": {
				"up": {"uv": [7, 7, 9, 9], "rotation": 180, "texture": "#7"},
				"down": {"uv": [7, 7, 9, 9], "rotation": 180, "texture": "#7"}
			}
		},
		{
			"from": [7.9375, 0, 18.9375],
			"to": [8.0625, 1, 19.0625],
			"rotation": {"angle": 0, "axis": "y", "origin": [17.5, 0, 25.5]},
			"faces": {
				"south": {"uv": [0, 0, 1, 1], "texture": "#0"}
			}
		},
		{
			"from": [7.9375, 0, 18.9375],
			"to": [8.0625, 1, 19.0625],
			"rotation": {"angle": 0, "axis": "y", "origin": [17.5, 0, 25.5]},
			"faces": {
				"west": {"uv": [0, 0, 1, 1], "texture": "#0"}
			}
		},
		{
			"from": [7.9375, 0, 18.9375],
			"to": [8.0625, 1, 19.0625],
			"rotation": {"angle": 0, "axis": "y", "origin": [17.5, 0, 25.5]},
			"faces": {
				"north": {"uv": [0, 0, 1, 1], "texture": "#0"}
			}
		},
		{
			"from": [7.9375, 0, 18.9375],
			"to": [8.0625, 1, 19.0625],
			"rotation": {"angle": 0, "axis": "y", "origin": [17.5, 0, 25.5]},
			"faces": {
				"east": {"uv": [0, 0, 1, 1], "texture": "#0"}
			}
		},
		{
			"from": [7.9375, 0, 17.9375],
			"to": [8.0625, 1, 18.0625],
			"rotation": {"angle": 0, "axis": "y", "origin": [17.5, 0, 25.5]},
			"faces": {
				"up": {"uv": [7, 7, 9, 9], "rotation": 180, "texture": "#5"},
				"down": {"uv": [7, 7, 9, 9], "rotation": 180, "texture": "#5"}
			}
		},
		{
			"from": [7.9375, 0, 17.9375],
			"to": [8.0625, 1, 18.0625],
			"rotation": {"angle": 0, "axis": "y", "origin": [17.5, 0, 25.5]},
			"faces": {
				"south": {"uv": [0, 0, 1, 1], "texture": "#6"}
			}
		},
		{
			"from": [7.9375, 0, 17.9375],
			"to": [8.0625, 1, 18.0625],
			"rotation": {"angle": 0, "axis": "y", "origin": [17.5, 0, 25.5]},
			"faces": {
				"west": {"uv": [0, 0, 1, 1], "texture": "#6"}
			}
		},
		{
			"from": [7.9375, 0, 17.9375],
			"to": [8.0625, 1, 18.0625],
			"rotation": {"angle": 0, "axis": "y", "origin": [17.5, 0, 25.5]},
			"faces": {
				"north": {"uv": [0, 0, 1, 1], "texture": "#6"}
			}
		},
		{
			"from": [7.9375, 0, 17.9375],
			"to": [8.0625, 1, 18.0625],
			"rotation": {"angle": 0, "axis": "y", "origin": [17.5, 0, 25.5]},
			"faces": {
				"east": {"uv": [0, 0, 1, 1], "texture": "#6"}
			}
		},
		{
			"from": [7.9375, 0, 16.9375],
			"to": [8.0625, 1, 17.0625],
			"rotation": {"angle": 0, "axis": "y", "origin": [17.5, 0, 25.5]},
			"faces": {
				"up": {"uv": [7, 7, 9, 9], "rotation": 180, "texture": "#3"},
				"down": {"uv": [7, 7, 9, 9], "rotation": 180, "texture": "#3"}
			}
		},
		{
			"from": [7.9375, 0, 16.9375],
			"to": [8.0625, 1, 17.0625],
			"rotation": {"angle": 0, "axis": "y", "origin": [17.5, 0, 25.5]},
			"faces": {
				"south": {"uv": [0, 0, 1, 1], "texture": "#4"}
			}
		},
		{
			"from": [7.9375, 0, 16.9375],
			"to": [8.0625, 1, 17.0625],
			"rotation": {"angle": 0, "axis": "y", "origin": [17.5, 0, 25.5]},
			"faces": {
				"west": {"uv": [0, 0, 1, 1], "texture": "#4"}
			}
		},
		{
			"from": [7.9375, 0, 16.9375],
			"to": [8.0625, 1, 17.0625],
			"rotation": {"angle": 0, "axis": "y", "origin": [17.5, 0, 25.5]},
			"faces": {
				"north": {"uv": [0, 0, 1, 1], "texture": "#4"}
			}
		},
		{
			"from": [7.9375, 0, 16.9375],
			"to": [8.0625, 1, 17.0625],
			"rotation": {"angle": 0, "axis": "y", "origin": [17.5, 0, 25.5]},
			"faces": {
				"east": {"uv": [0, 0, 1, 1], "texture": "#4"}
			}
		},
		{
			"from": [7.9375, 0, 15.9375],
			"to": [8.0625, 1, 16.0625],
			"rotation": {"angle": 0, "axis": "y", "origin": [17.5, 0, 25.5]},
			"faces": {
				"up": {"uv": [7, 7, 9, 9], "rotation": 180, "texture": "#3"},
				"down": {"uv": [7, 7, 9, 9], "rotation": 180, "texture": "#3"}
			}
		},
		{
			"from": [7.9375, 0, 15.9375],
			"to": [8.0625, 1, 16.0625],
			"rotation": {"angle": 0, "axis": "y", "origin": [17.5, 0, 25.5]},
			"faces": {
				"south": {"uv": [0, 0, 1, 1], "texture": "#4"}
			}
		},
		{
			"from": [7.9375, 0, 15.9375],
			"to": [8.0625, 1, 16.0625],
			"rotation": {"angle": 0, "axis": "y", "origin": [17.5, 0, 25.5]},
			"faces": {
				"west": {"uv": [0, 0, 1, 1], "texture": "#4"}
			}
		},
		{
			"from": [7.9375, 0, 15.9375],
			"to": [8.0625, 1, 16.0625],
			"rotation": {"angle": 0, "axis": "y", "origin": [17.5, 0, 25.5]},
			"faces": {
				"north": {"uv": [0, 0, 1, 1], "texture": "#4"}
			}
		},
		{
			"from": [7.9375, 0, 15.9375],
			"to": [8.0625, 1, 16.0625],
			"rotation": {"angle": 0, "axis": "y", "origin": [17.5, 0, 25.5]},
			"faces": {
				"east": {"uv": [0, 0, 1, 1], "texture": "#4"}
			}
		},
		{
			"from": [6.9375, 0, 21.9375],
			"to": [7.0625, 1, 22.0625],
			"rotation": {"angle": 0, "axis": "y", "origin": [17.5, 0, 25.5]},
			"faces": {
				"up": {"uv": [7, 7, 9, 9], "rotation": 180, "texture": "#3"},
				"down": {"uv": [7, 7, 9, 9], "rotation": 180, "texture": "#3"}
			}
		},
		{
			"from": [6.9375, 0, 21.9375],
			"to": [7.0625, 1, 22.0625],
			"rotation": {"angle": 0, "axis": "y", "origin": [17.5, 0, 25.5]},
			"faces": {
				"south": {"uv": [0, 0, 1, 1], "texture": "#4"}
			}
		},
		{
			"from": [6.9375, 0, 21.9375],
			"to": [7.0625, 1, 22.0625],
			"rotation": {"angle": 0, "axis": "y", "origin": [17.5, 0, 25.5]},
			"faces": {
				"west": {"uv": [0, 0, 1, 1], "texture": "#4"}
			}
		},
		{
			"from": [6.9375, 0, 21.9375],
			"to": [7.0625, 1, 22.0625],
			"rotation": {"angle": 0, "axis": "y", "origin": [17.5, 0, 25.5]},
			"faces": {
				"north": {"uv": [0, 0, 1, 1], "texture": "#4"}
			}
		},
		{
			"from": [6.9375, 0, 21.9375],
			"to": [7.0625, 1, 22.0625],
			"rotation": {"angle": 0, "axis": "y", "origin": [17.5, 0, 25.5]},
			"faces": {
				"east": {"uv": [0, 0, 1, 1], "texture": "#4"}
			}
		},
		{
			"from": [6.9375, 0, 20.9375],
			"to": [7.0625, 1, 21.0625],
			"rotation": {"angle": 0, "axis": "y", "origin": [17.5, 0, 25.5]},
			"faces": {
				"up": {"uv": [7, 7, 9, 9], "rotation": 180, "texture": "#7"},
				"down": {"uv": [7, 7, 9, 9], "rotation": 180, "texture": "#7"}
			}
		},
		{
			"from": [6.9375, 0, 20.9375],
			"to": [7.0625, 1, 21.0625],
			"rotation": {"angle": 0, "axis": "y", "origin": [17.5, 0, 25.5]},
			"faces": {
				"south": {"uv": [0, 0, 1, 1], "texture": "#0"}
			}
		},
		{
			"from": [6.9375, 0, 20.9375],
			"to": [7.0625, 1, 21.0625],
			"rotation": {"angle": 0, "axis": "y", "origin": [17.5, 0, 25.5]},
			"faces": {
				"west": {"uv": [0, 0, 1, 1], "texture": "#0"}
			}
		},
		{
			"from": [6.9375, 0, 20.9375],
			"to": [7.0625, 1, 21.0625],
			"rotation": {"angle": 0, "axis": "y", "origin": [17.5, 0, 25.5]},
			"faces": {
				"north": {"uv": [0, 0, 1, 1], "texture": "#0"}
			}
		},
		{
			"from": [6.9375, 0, 20.9375],
			"to": [7.0625, 1, 21.0625],
			"rotation": {"angle": 0, "axis": "y", "origin": [17.5, 0, 25.5]},
			"faces": {
				"east": {"uv": [0, 0, 1, 1], "texture": "#0"}
			}
		},
		{
			"from": [6.9375, 0, 18.9375],
			"to": [7.0625, 1, 19.0625],
			"rotation": {"angle": 0, "axis": "y", "origin": [17.5, 0, 25.5]},
			"faces": {
				"up": {"uv": [7, 7, 9, 9], "rotation": 180, "texture": "#7"},
				"down": {"uv": [7, 7, 9, 9], "rotation": 180, "texture": "#7"}
			}
		},
		{
			"from": [6.9375, 0, 18.9375],
			"to": [7.0625, 1, 19.0625],
			"rotation": {"angle": 0, "axis": "y", "origin": [17.5, 0, 25.5]},
			"faces": {
				"south": {"uv": [0, 0, 1, 1], "texture": "#0"}
			}
		},
		{
			"from": [6.9375, 0, 18.9375],
			"to": [7.0625, 1, 19.0625],
			"rotation": {"angle": 0, "axis": "y", "origin": [17.5, 0, 25.5]},
			"faces": {
				"west": {"uv": [0, 0, 1, 1], "texture": "#0"}
			}
		},
		{
			"from": [6.9375, 0, 18.9375],
			"to": [7.0625, 1, 19.0625],
			"rotation": {"angle": 0, "axis": "y", "origin": [17.5, 0, 25.5]},
			"faces": {
				"north": {"uv": [0, 0, 1, 1], "texture": "#0"}
			}
		},
		{
			"from": [6.9375, 0, 18.9375],
			"to": [7.0625, 1, 19.0625],
			"rotation": {"angle": 0, "axis": "y", "origin": [17.5, 0, 25.5]},
			"faces": {
				"east": {"uv": [0, 0, 1, 1], "texture": "#0"}
			}
		},
		{
			"from": [6.9375, 0, 17.9375],
			"to": [7.0625, 1, 18.0625],
			"rotation": {"angle": 0, "axis": "y", "origin": [17.5, 0, 25.5]},
			"faces": {
				"up": {"uv": [7, 7, 9, 9], "rotation": 180, "texture": "#3"},
				"down": {"uv": [7, 7, 9, 9], "rotation": 180, "texture": "#3"}
			}
		},
		{
			"from": [6.9375, 0, 17.9375],
			"to": [7.0625, 1, 18.0625],
			"rotation": {"angle": 0, "axis": "y", "origin": [17.5, 0, 25.5]},
			"faces": {
				"south": {"uv": [0, 0, 1, 1], "texture": "#4"}
			}
		},
		{
			"from": [6.9375, 0, 17.9375],
			"to": [7.0625, 1, 18.0625],
			"rotation": {"angle": 0, "axis": "y", "origin": [17.5, 0, 25.5]},
			"faces": {
				"west": {"uv": [0, 0, 1, 1], "texture": "#4"}
			}
		},
		{
			"from": [6.9375, 0, 17.9375],
			"to": [7.0625, 1, 18.0625],
			"rotation": {"angle": 0, "axis": "y", "origin": [17.5, 0, 25.5]},
			"faces": {
				"north": {"uv": [0, 0, 1, 1], "texture": "#4"}
			}
		},
		{
			"from": [6.9375, 0, 17.9375],
			"to": [7.0625, 1, 18.0625],
			"rotation": {"angle": 0, "axis": "y", "origin": [17.5, 0, 25.5]},
			"faces": {
				"east": {"uv": [0, 0, 1, 1], "texture": "#4"}
			}
		},
		{
			"from": [5.9375, 0, 21.9375],
			"to": [6.0625, 1, 22.0625],
			"rotation": {"angle": 0, "axis": "y", "origin": [17.5, 0, 25.5]},
			"faces": {
				"up": {"uv": [7, 7, 9, 9], "rotation": 180, "texture": "#5"},
				"down": {"uv": [7, 7, 9, 9], "rotation": 180, "texture": "#5"}
			}
		},
		{
			"from": [5.9375, 0, 21.9375],
			"to": [6.0625, 1, 22.0625],
			"rotation": {"angle": 0, "axis": "y", "origin": [17.5, 0, 25.5]},
			"faces": {
				"south": {"uv": [0, 0, 1, 1], "texture": "#6"}
			}
		},
		{
			"from": [5.9375, 0, 21.9375],
			"to": [6.0625, 1, 22.0625],
			"rotation": {"angle": 0, "axis": "y", "origin": [17.5, 0, 25.5]},
			"faces": {
				"west": {"uv": [0, 0, 1, 1], "texture": "#6"}
			}
		},
		{
			"from": [5.9375, 0, 21.9375],
			"to": [6.0625, 1, 22.0625],
			"rotation": {"angle": 0, "axis": "y", "origin": [17.5, 0, 25.5]},
			"faces": {
				"north": {"uv": [0, 0, 1, 1], "texture": "#6"}
			}
		},
		{
			"from": [5.9375, 0, 21.9375],
			"to": [6.0625, 1, 22.0625],
			"rotation": {"angle": 0, "axis": "y", "origin": [17.5, 0, 25.5]},
			"faces": {
				"east": {"uv": [0, 0, 1, 1], "texture": "#6"}
			}
		},
		{
			"from": [5.9375, 0, 19.9375],
			"to": [6.0625, 1, 20.0625],
			"rotation": {"angle": 0, "axis": "y", "origin": [17.5, 0, 25.5]},
			"faces": {
				"up": {"uv": [7, 7, 9, 9], "rotation": 180, "texture": "#7"},
				"down": {"uv": [7, 7, 9, 9], "rotation": 180, "texture": "#7"}
			}
		},
		{
			"from": [5.9375, 0, 19.9375],
			"to": [6.0625, 1, 20.0625],
			"rotation": {"angle": 0, "axis": "y", "origin": [17.5, 0, 25.5]},
			"faces": {
				"south": {"uv": [0, 0, 1, 1], "texture": "#0"}
			}
		},
		{
			"from": [5.9375, 0, 19.9375],
			"to": [6.0625, 1, 20.0625],
			"rotation": {"angle": 0, "axis": "y", "origin": [17.5, 0, 25.5]},
			"faces": {
				"west": {"uv": [0, 0, 1, 1], "texture": "#0"}
			}
		},
		{
			"from": [5.9375, 0, 19.9375],
			"to": [6.0625, 1, 20.0625],
			"rotation": {"angle": 0, "axis": "y", "origin": [17.5, 0, 25.5]},
			"faces": {
				"north": {"uv": [0, 0, 1, 1], "texture": "#0"}
			}
		},
		{
			"from": [5.9375, 0, 19.9375],
			"to": [6.0625, 1, 20.0625],
			"rotation": {"angle": 0, "axis": "y", "origin": [17.5, 0, 25.5]},
			"faces": {
				"east": {"uv": [0, 0, 1, 1], "texture": "#0"}
			}
		},
		{
			"from": [5.9375, 0, 18.9375],
			"to": [6.0625, 1, 19.0625],
			"rotation": {"angle": 0, "axis": "y", "origin": [17.5, 0, 25.5]},
			"faces": {
				"up": {"uv": [7, 7, 9, 9], "rotation": 180, "texture": "#3"},
				"down": {"uv": [7, 7, 9, 9], "rotation": 180, "texture": "#3"}
			}
		},
		{
			"from": [5.9375, 0, 18.9375],
			"to": [6.0625, 1, 19.0625],
			"rotation": {"angle": 0, "axis": "y", "origin": [17.5, 0, 25.5]},
			"faces": {
				"south": {"uv": [0, 0, 1, 1], "texture": "#4"}
			}
		},
		{
			"from": [5.9375, 0, 18.9375],
			"to": [6.0625, 1, 19.0625],
			"rotation": {"angle": 0, "axis": "y", "origin": [17.5, 0, 25.5]},
			"faces": {
				"west": {"uv": [0, 0, 1, 1], "texture": "#4"}
			}
		},
		{
			"from": [5.9375, 0, 18.9375],
			"to": [6.0625, 1, 19.0625],
			"rotation": {"angle": 0, "axis": "y", "origin": [17.5, 0, 25.5]},
			"faces": {
				"north": {"uv": [0, 0, 1, 1], "texture": "#4"}
			}
		},
		{
			"from": [5.9375, 0, 18.9375],
			"to": [6.0625, 1, 19.0625],
			"rotation": {"angle": 0, "axis": "y", "origin": [17.5, 0, 25.5]},
			"faces": {
				"east": {"uv": [0, 0, 1, 1], "texture": "#4"}
			}
		},
		{
			"from": [5.9375, 0, 17.9375],
			"to": [6.0625, 1, 18.0625],
			"rotation": {"angle": 0, "axis": "y", "origin": [17.5, 0, 25.5]},
			"faces": {
				"up": {"uv": [7, 7, 9, 9], "rotation": 180, "texture": "#7"},
				"down": {"uv": [7, 7, 9, 9], "rotation": 180, "texture": "#7"}
			}
		},
		{
			"from": [5.9375, 0, 17.9375],
			"to": [6.0625, 1, 18.0625],
			"rotation": {"angle": 0, "axis": "y", "origin": [17.5, 0, 25.5]},
			"faces": {
				"south": {"uv": [0, 0, 1, 1], "texture": "#0"}
			}
		},
		{
			"from": [5.9375, 0, 17.9375],
			"to": [6.0625, 1, 18.0625],
			"rotation": {"angle": 0, "axis": "y", "origin": [17.5, 0, 25.5]},
			"faces": {
				"west": {"uv": [0, 0, 1, 1], "texture": "#0"}
			}
		},
		{
			"from": [5.9375, 0, 17.9375],
			"to": [6.0625, 1, 18.0625],
			"rotation": {"angle": 0, "axis": "y", "origin": [17.5, 0, 25.5]},
			"faces": {
				"north": {"uv": [0, 0, 1, 1], "texture": "#0"}
			}
		},
		{
			"from": [5.9375, 0, 17.9375],
			"to": [6.0625, 1, 18.0625],
			"rotation": {"angle": 0, "axis": "y", "origin": [17.5, 0, 25.5]},
			"faces": {
				"east": {"uv": [0, 0, 1, 1], "texture": "#0"}
			}
		},
		{
			"from": [3.9375, 0, 20.9375],
			"to": [4.0625, 1, 21.0625],
			"rotation": {"angle": 0, "axis": "y", "origin": [17.5, 0, 25.5]},
			"faces": {
				"up": {"uv": [7, 7, 9, 9], "rotation": 180, "texture": "#3"},
				"down": {"uv": [7, 7, 9, 9], "rotation": 180, "texture": "#3"}
			}
		},
		{
			"from": [3.9375, 0, 20.9375],
			"to": [4.0625, 1, 21.0625],
			"rotation": {"angle": 0, "axis": "y", "origin": [17.5, 0, 25.5]},
			"faces": {
				"south": {"uv": [0, 0, 1, 1], "texture": "#4"}
			}
		},
		{
			"from": [3.9375, 0, 20.9375],
			"to": [4.0625, 1, 21.0625],
			"rotation": {"angle": 0, "axis": "y", "origin": [17.5, 0, 25.5]},
			"faces": {
				"west": {"uv": [0, 0, 1, 1], "texture": "#4"}
			}
		},
		{
			"from": [3.9375, 0, 20.9375],
			"to": [4.0625, 1, 21.0625],
			"rotation": {"angle": 0, "axis": "y", "origin": [17.5, 0, 25.5]},
			"faces": {
				"north": {"uv": [0, 0, 1, 1], "texture": "#4"}
			}
		},
		{
			"from": [3.9375, 0, 20.9375],
			"to": [4.0625, 1, 21.0625],
			"rotation": {"angle": 0, "axis": "y", "origin": [17.5, 0, 25.5]},
			"faces": {
				"east": {"uv": [0, 0, 1, 1], "texture": "#4"}
			}
		},
		{
			"from": [3.9375, 0, 19.9375],
			"to": [4.0625, 1, 20.0625],
			"rotation": {"angle": 0, "axis": "y", "origin": [17.5, 0, 25.5]},
			"faces": {
				"up": {"uv": [7, 7, 9, 9], "rotation": 180, "texture": "#5"},
				"down": {"uv": [7, 7, 9, 9], "rotation": 180, "texture": "#5"}
			}
		},
		{
			"from": [3.9375, 0, 19.9375],
			"to": [4.0625, 1, 20.0625],
			"rotation": {"angle": 0, "axis": "y", "origin": [17.5, 0, 25.5]},
			"faces": {
				"south": {"uv": [0, 0, 1, 1], "texture": "#6"}
			}
		},
		{
			"from": [3.9375, 0, 19.9375],
			"to": [4.0625, 1, 20.0625],
			"rotation": {"angle": 0, "axis": "y", "origin": [17.5, 0, 25.5]},
			"faces": {
				"west": {"uv": [0, 0, 1, 1], "texture": "#6"}
			}
		},
		{
			"from": [3.9375, 0, 19.9375],
			"to": [4.0625, 1, 20.0625],
			"rotation": {"angle": 0, "axis": "y", "origin": [17.5, 0, 25.5]},
			"faces": {
				"north": {"uv": [0, 0, 1, 1], "texture": "#6"}
			}
		},
		{
			"from": [3.9375, 0, 19.9375],
			"to": [4.0625, 1, 20.0625],
			"rotation": {"angle": 0, "axis": "y", "origin": [17.5, 0, 25.5]},
			"faces": {
				"east": {"uv": [0, 0, 1, 1], "texture": "#6"}
			}
		}
	]
}