{
	"credit": "Made by Tcathebluecreper",
	"textures": {
		"0": "block/blue_stained_glass",
		"1": "block/cyan_stained_glass",
		"3": "block/light_blue_stained_glass_pane_top",
		"4": "block/light_blue_stained_glass",
		"5": "block/blue_stained_glass_pane_top",
		"6": "block/white_stained_glass_pane_top",
		"7": "block/white_stained_glass"
	},
	"elements": [
		{
			"from": [12, 0, 11],
			"to": [13, 1, 12],
			"rotation": {"angle": 0, "axis": "y", "origin": [15, 0, 14]},
			"faces": {
				"east": {"uv": [0, 0, 16, 16], "texture": "#0"},
				"south": {"uv": [0, 0, 16, 16], "texture": "#0"},
				"west": {"uv": [0, 0, 1, 1], "texture": "#0"},
				"up": {"uv": [0, 0, 16, 16], "rotation": 180, "texture": "#0"},
				"down": {"uv": [0, 0, 16, 16], "rotation": 180, "texture": "#0"}
			}
		},
		{
			"from": [12, 0, 10],
			"to": [13, 1, 11],
			"rotation": {"angle": 0, "axis": "y", "origin": [15, 0, 14]},
			"faces": {
				"north": {"uv": [0, 0, 16, 16], "texture": "#0"},
				"east": {"uv": [0, 0, 16, 16], "texture": "#0"},
				"west": {"uv": [0, 0, 1, 1], "texture": "#0"},
				"up": {"uv": [0, 0, 16, 16], "rotation": 180, "texture": "#0"},
				"down": {"uv": [0, 0, 16, 16], "rotation": 180, "texture": "#0"}
			}
		},
		{
			"from": [12, 0, 9],
			"to": [13, 1, 10],
			"rotation": {"angle": 0, "axis": "y", "origin": [15, 0, 14]},
			"faces": {
				"north": {"uv": [0, 0, 1, 1], "texture": "#1"},
				"east": {"uv": [0, 0, 1, 1], "texture": "#1"},
				"south": {"uv": [0, 0, 1, 1], "texture": "#1"},
				"west": {"uv": [0, 0, 1, 1], "texture": "#1"},
				"up": {"uv": [0, 0, 16, 16], "rotation": 180, "texture": "#1"},
				"down": {"uv": [0, 0, 16, 16], "rotation": 180, "texture": "#1"}
			}
		},
		{
			"from": [11, 0, 10],
			"to": [12, 1, 11],
			"rotation": {"angle": 0, "axis": "y", "origin": [15, 0, 14]},
			"faces": {
				"north": {"uv": [0, 0, 1, 1], "texture": "#1"},
				"east": {"uv": [0, 0, 1, 1], "texture": "#1"},
				"south": {"uv": [0, 0, 1, 1], "texture": "#1"},
				"west": {"uv": [0, 0, 1, 1], "texture": "#1"},
				"up": {"uv": [0, 0, 16, 16], "rotation": 180, "texture": "#1"},
				"down": {"uv": [0, 0, 16, 16], "rotation": 180, "texture": "#1"}
			}
		},
		{
			"from": [10, 0, 11],
			"to": [11, 1, 12],
			"rotation": {"angle": 0, "axis": "y", "origin": [15, 0, 14]},
			"faces": {
				"north": {"uv": [0, 0, 1, 1], "texture": "#1"},
				"east": {"uv": [0, 0, 1, 1], "texture": "#1"},
				"south": {"uv": [0, 0, 1, 1], "texture": "#1"},
				"west": {"uv": [0, 0, 1, 1], "texture": "#1"},
				"up": {"uv": [0, 0, 16, 16], "rotation": 180, "texture": "#1"},
				"down": {"uv": [0, 0, 16, 16], "rotation": 180, "texture": "#1"}
			}
		},
		{
			"from": [10, 0, 7],
			"to": [11, 1, 8],
			"rotation": {"angle": 0, "axis": "y", "origin": [15, 0, 14]},
			"faces": {
				"north": {"uv": [0, 0, 1, 1], "texture": "#0"},
				"east": {"uv": [0, 0, 16, 16], "texture": "#0"},
				"south": {"uv": [0, 0, 1, 1], "texture": "#0"},
				"west": {"uv": [0, 0, 1, 1], "texture": "#0"},
				"up": {"uv": [0, 0, 16, 16], "rotation": 180, "texture": "#0"},
				"down": {"uv": [0, 0, 16, 16], "rotation": 180, "texture": "#0"}
			}
		},
		{
			"from": [10, 0, 5],
			"to": [11, 1, 6],
			"rotation": {"angle": 0, "axis": "y", "origin": [15, 0, 14]},
			"faces": {
				"north": {"uv": [0, 0, 1, 1], "texture": "#1"},
				"east": {"uv": [0, 0, 1, 1], "texture": "#1"},
				"south": {"uv": [0, 0, 1, 1], "texture": "#1"},
				"west": {"uv": [0, 0, 1, 1], "texture": "#1"},
				"up": {"uv": [0, 0, 16, 16], "rotation": 180, "texture": "#1"},
				"down": {"uv": [0, 0, 16, 16], "rotation": 180, "texture": "#1"}
			}
		},
		{
			"from": [9, 0, 12],
			"to": [10, 1, 13],
			"rotation": {"angle": 0, "axis": "y", "origin": [15, 0, 14]},
			"faces": {
				"east": {"uv": [0, 0, 16, 16], "texture": "#0"},
				"south": {"uv": [0, 0, 1, 1], "texture": "#0"},
				"west": {"uv": [0, 0, 1, 1], "texture": "#0"},
				"up": {"uv": [0, 0, 16, 16], "rotation": 180, "texture": "#0"},
				"down": {"uv": [0, 0, 16, 16], "rotation": 180, "texture": "#0"}
			}
		},
		{
			"from": [9, 0, 11],
			"to": [10, 1, 12],
			"rotation": {"angle": 0, "axis": "y", "origin": [15, 0, 14]},
			"faces": {
				"north": {"uv": [0, 0, 16, 16], "texture": "#0"},
				"east": {"uv": [0, 0, 16, 16], "texture": "#0"},
				"west": {"uv": [0, 0, 1, 1], "texture": "#0"},
				"up": {"uv": [0, 0, 16, 16], "rotation": 180, "texture": "#0"},
				"down": {"uv": [0, 0, 16, 16], "rotation": 180, "texture": "#0"}
			}
		},
		{
			"from": [9, 0, 10],
			"to": [10, 1, 11],
			"rotation": {"angle": 0, "axis": "y", "origin": [15, 0, 14]},
			"faces": {
				"north": {"uv": [0, 0, 1, 1], "texture": "#1"},
				"east": {"uv": [0, 0, 1, 1], "texture": "#1"},
				"south": {"uv": [0, 0, 1, 1], "texture": "#1"},
				"west": {"uv": [0, 0, 1, 1], "texture": "#1"},
				"up": {"uv": [0, 0, 16, 16], "rotation": 180, "texture": "#1"},
				"down": {"uv": [0, 0, 16, 16], "rotation": 180, "texture": "#1"}
			}
		},
		{
			"from": [8, 0, 5],
			"to": [9, 1, 6],
			"rotation": {"angle": 0, "axis": "y", "origin": [15, 0, 14]},
			"faces": {
				"north": {"uv": [0, 0, 1, 1], "texture": "#1"},
				"east": {"uv": [0, 0, 1, 1], "texture": "#1"},
				"south": {"uv": [0, 0, 1, 1], "texture": "#1"},
				"west": {"uv": [0, 0, 1, 1], "texture": "#1"},
				"up": {"uv": [0, 0, 16, 16], "rotation": 180, "texture": "#1"},
				"down": {"uv": [0, 0, 16, 16], "rotation": 180, "texture": "#1"}
			}
		},
		{
			"from": [7, 0, 11],
			"to": [8, 1, 12],
			"rotation": {"angle": 0, "axis": "y", "origin": [15, 0, 14]},
			"faces": {
				"north": {"uv": [0, 0, 1, 1], "texture": "#0"},
				"east": {"uv": [0, 0, 16, 16], "texture": "#0"},
				"south": {"uv": [0, 0, 1, 1], "texture": "#0"},
				"west": {"uv": [0, 0, 1, 1], "texture": "#0"},
				"up": {"uv": [0, 0, 16, 16], "rotation": 180, "texture": "#0"},
				"down": {"uv": [0, 0, 16, 16], "rotation": 180, "texture": "#0"}
			}
		},
		{
			"from": [7, 0, 8],
			"to": [8, 1, 9],
			"rotation": {"angle": 0, "axis": "y", "origin": [15, 0, 14]},
			"faces": {
				"north": {"uv": [0, 0, 1, 1], "texture": "#1"},
				"east": {"uv": [0, 0, 1, 1], "texture": "#1"},
				"south": {"uv": [0, 0, 1, 1], "texture": "#1"},
				"up": {"uv": [0, 0, 16, 16], "rotation": 180, "texture": "#1"},
				"down": {"uv": [0, 0, 16, 16], "rotation": 180, "texture": "#1"}
			}
		},
		{
			"from": [7, 0, 6],
			"to": [8, 1, 7],
			"rotation": {"angle": 0, "axis": "y", "origin": [15, 0, 14]},
			"faces": {
				"north": {"uv": [0, 0, 1, 1], "texture": "#0"},
				"east": {"uv": [0, 0, 1, 1], "texture": "#0"},
				"south": {"uv": [0, 0, 1, 1], "texture": "#0"},
				"up": {"uv": [0, 0, 16, 16], "rotation": 180, "texture": "#0"},
				"down": {"uv": [0, 0, 16, 16], "rotation": 180, "texture": "#0"}
			}
		},
		{
			"from": [7, 0, 4],
			"to": [8, 1, 5],
			"rotation": {"angle": 0, "axis": "y", "origin": [15, 0, 14]},
			"faces": {
				"north": {"uv": [0, 0, 1, 1], "texture": "#0"},
				"east": {"uv": [0, 0, 16, 16], "texture": "#0"},
				"south": {"uv": [0, 0, 1, 1], "texture": "#0"},
				"west": {"uv": [0, 0, 1, 1], "texture": "#0"},
				"up": {"uv": [0, 0, 16, 16], "rotation": 180, "texture": "#0"},
				"down": {"uv": [0, 0, 16, 16], "rotation": 180, "texture": "#0"}
			}
		},
		{
			"from": [6, 0, 11],
			"to": [7, 1, 12],
			"rotation": {"angle": 0, "axis": "y", "origin": [15, 0, 14]},
			"faces": {
				"east": {"uv": [0, 0, 1, 1], "texture": "#1"},
				"south": {"uv": [0, 0, 1, 1], "texture": "#1"},
				"west": {"uv": [0, 0, 1, 1], "texture": "#1"},
				"up": {"uv": [0, 0, 16, 16], "rotation": 180, "texture": "#1"},
				"down": {"uv": [0, 0, 16, 16], "rotation": 180, "texture": "#1"}
			}
		},
		{
			"from": [6, 0, 10],
			"to": [7, 1, 11],
			"rotation": {"angle": 0, "axis": "y", "origin": [15, 0, 14]},
			"faces": {
				"north": {"uv": [0, 0, 16, 16], "texture": "#1"},
				"east": {"uv": [0, 0, 1, 1], "texture": "#1"},
				"west": {"uv": [0, 0, 1, 1], "texture": "#1"},
				"up": {"uv": [0, 0, 16, 16], "rotation": 180, "texture": "#1"},
				"down": {"uv": [0, 0, 16, 16], "rotation": 180, "texture": "#1"}
			}
		},
		{
			"from": [6, 0, 8],
			"to": [7, 1, 9],
			"rotation": {"angle": 0, "axis": "y", "origin": [15, 0, 14]},
			"faces": {
				"north": {"uv": [0, 0, 1, 1], "texture": "#1"},
				"south": {"uv": [0, 0, 1, 1], "texture": "#1"},
				"west": {"uv": [0, 0, 1, 1], "texture": "#1"},
				"up": {"uv": [0, 0, 16, 16], "rotation": 180, "texture": "#1"},
				"down": {"uv": [0, 0, 16, 16], "rotation": 180, "texture": "#1"}
			}
		},
		{
			"from": [6, 0, 6],
			"to": [7, 1, 7],
			"rotation": {"angle": 0, "axis": "y", "origin": [15, 0, 14]},
			"faces": {
				"north": {"uv": [0, 0, 1, 1], "texture": "#0"},
				"south": {"uv": [0, 0, 1, 1], "texture": "#0"},
				"west": {"uv": [0, 0, 1, 1], "texture": "#0"},
				"up": {"uv": [0, 0, 16, 16], "rotation": 180, "texture": "#0"},
				"down": {"uv": [0, 0, 16, 16], "rotation": 180, "texture": "#0"}
			}
		},
		{
			"from": [6, 0, 4],
			"to": [7, 1, 5],
			"rotation": {"angle": 0, "axis": "y", "origin": [15, 0, 14]},
			"faces": {
				"north": {"uv": [0, 0, 1, 1], "texture": "#1"},
				"east": {"uv": [0, 0, 1, 1], "texture": "#1"},
				"south": {"uv": [0, 0, 1, 1], "texture": "#1"},
				"west": {"uv": [0, 0, 1, 1], "texture": "#1"},
				"up": {"uv": [0, 0, 16, 16], "rotation": 180, "texture": "#1"},
				"down": {"uv": [0, 0, 16, 16], "rotation": 180, "texture": "#1"}
			}
		},
		{
			"from": [5, 0, 8],
			"to": [6, 1, 9],
			"rotation": {"angle": 0, "axis": "y", "origin": [15, 0, 14]},
			"faces": {
				"north": {"uv": [0, 0, 1, 1], "texture": "#0"},
				"east": {"uv": [0, 0, 16, 16], "texture": "#0"},
				"south": {"uv": [0, 0, 1, 1], "texture": "#0"},
				"west": {"uv": [0, 0, 1, 1], "texture": "#0"},
				"up": {"uv": [0, 0, 16, 16], "rotation": 180, "texture": "#0"},
				"down": {"uv": [0, 0, 16, 16], "rotation": 180, "texture": "#0"}
			}
		},
		{
			"from": [5, 0, 7],
			"to": [6, 1, 8],
			"rotation": {"angle": 0, "axis": "y", "origin": [15, 0, 14]},
			"faces": {
				"east": {"uv": [0, 0, 16, 16], "texture": "#1"},
				"south": {"uv": [0, 0, 1, 1], "texture": "#1"},
				"up": {"uv": [0, 0, 16, 16], "rotation": 180, "texture": "#1"},
				"down": {"uv": [0, 0, 16, 16], "rotation": 180, "texture": "#1"}
			}
		},
		{
			"from": [5, 0, 6],
			"to": [6, 1, 7],
			"rotation": {"angle": 0, "axis": "y", "origin": [15, 0, 14]},
			"faces": {
				"east": {"uv": [0, 0, 1, 1], "texture": "#1"},
				"west": {"uv": [0, 0, 1, 1], "texture": "#1"},
				"up": {"uv": [0, 0, 16, 16], "rotation": 180, "texture": "#1"},
				"down": {"uv": [0, 0, 16, 16], "rotation": 180, "texture": "#1"}
			}
		},
		{
			"from": [5, 0, 5],
			"to": [6, 1, 6],
			"rotation": {"angle": 0, "axis": "y", "origin": [15, 0, 14]},
			"faces": {
				"north": {"uv": [0, 0, 1, 1], "texture": "#1"},
				"east": {"uv": [0, 0, 1, 1], "texture": "#1"},
				"west": {"uv": [0, 0, 1, 1], "texture": "#1"},
				"up": {"uv": [0, 0, 16, 16], "rotation": 180, "texture": "#1"},
				"down": {"uv": [0, 0, 16, 16], "rotation": 180, "texture": "#1"}
			}
		},
		{
			"from": [4, 0, 8],
			"to": [5, 1, 9],
			"rotation": {"angle": 0, "axis": "y", "origin": [15, 0, 14]},
			"faces": {
				"east": {"uv": [0, 0, 1, 1], "texture": "#1"},
				"south": {"uv": [0, 0, 1, 1], "texture": "#1"},
				"west": {"uv": [0, 0, 1, 1], "texture": "#1"},
				"up": {"uv": [0, 0, 16, 16], "rotation": 180, "texture": "#1"},
				"down": {"uv": [0, 0, 16, 16], "rotation": 180, "texture": "#1"}
			}
		},
		{
			"from": [4, 0, 7],
			"to": [5, 1, 8],
			"rotation": {"angle": 0, "axis": "y", "origin": [15, 0, 14]},
			"faces": {
				"north": {"uv": [0, 0, 1, 1], "texture": "#1"},
				"west": {"uv": [0, 0, 1, 1], "texture": "#1"},
				"up": {"uv": [0, 0, 16, 16], "rotation": 180, "texture": "#1"},
				"down": {"uv": [0, 0, 16, 16], "rotation": 180, "texture": "#1"}
			}
		},
		{
			"from": [12.4375, 0, 8.4375],
			"to": [12.5625, 1, 8.5625],
			"rotation": {"angle": 0, "axis": "y", "origin": [15, 0, 14]},
			"faces": {
				"up": {"uv": [7, 7, 9, 9], "rotation": 180, "texture": "#3"},
				"down": {"uv": [7, 7, 9, 9], "rotation": 180, "texture": "#3"}
			}
		},
		{
			"from": [12.4375, 0, 8.4375],
			"to": [12.5625, 1, 8.5625],
			"rotation": {"angle": 0, "axis": "y", "origin": [15, 0, 14]},
			"faces": {
				"south": {"uv": [9, 0, 7, 16], "texture": "#4"}
			}
		},
		{
			"from": [12.4375, 0, 8.4375],
			"to": [12.5625, 1, 8.5625],
			"rotation": {"angle": 0, "axis": "y", "origin": [15, 0, 14]},
			"faces": {
				"west": {"uv": [7, 0, 9, 16], "texture": "#4"}
			}
		},
		{
			"from": [12.4375, 0, 8.4375],
			"to": [12.5625, 1, 8.5625],
			"rotation": {"angle": 0, "axis": "y", "origin": [15, 0, 14]},
			"faces": {
				"north": {"uv": [7, 0, 9, 16], "texture": "#4"}
			}
		},
		{
			"from": [12.4375, 0, 8.4375],
			"to": [12.5625, 1, 8.5625],
			"rotation": {"angle": 0, "axis": "y", "origin": [15, 0, 14]},
			"faces": {
				"east": {"uv": [9, 0, 7, 16], "texture": "#4"}
			}
		},
		{
			"from": [12.4375, 0, 7.4375],
			"to": [12.5625, 1, 7.5625],
			"rotation": {"angle": 0, "axis": "y", "origin": [15, 0, 14]},
			"faces": {
				"up": {"uv": [7, 7, 9, 9], "rotation": 180, "texture": "#3"},
				"down": {"uv": [7, 7, 9, 9], "rotation": 180, "texture": "#3"}
			}
		},
		{
			"from": [12.4375, 0, 7.4375],
			"to": [12.5625, 1, 7.5625],
			"rotation": {"angle": 0, "axis": "y", "origin": [15, 0, 14]},
			"faces": {
				"south": {"uv": [0, 0, 1, 1], "texture": "#4"}
			}
		},
		{
			"from": [12.4375, 0, 7.4375],
			"to": [12.5625, 1, 7.5625],
			"rotation": {"angle": 0, "axis": "y", "origin": [15, 0, 14]},
			"faces": {
				"west": {"uv": [0, 0, 1, 1], "texture": "#4"}
			}
		},
		{
			"from": [12.4375, 0, 7.4375],
			"to": [12.5625, 1, 7.5625],
			"rotation": {"angle": 0, "axis": "y", "origin": [15, 0, 14]},
			"faces": {
				"north": {"uv": [0, 0, 1, 1], "texture": "#4"}
			}
		},
		{
			"from": [12.4375, 0, 7.4375],
			"to": [12.5625, 1, 7.5625],
			"rotation": {"angle": 0, "axis": "y", "origin": [15, 0, 14]},
			"faces": {
				"east": {"uv": [0, 0, 1, 1], "texture": "#4"}
			}
		},
		{
			"from": [12.4375, 0, 6.4375],
			"to": [12.5625, 1, 6.5625],
			"rotation": {"angle": 0, "axis": "y", "origin": [15, 0, 14]},
			"faces": {
				"up": {"uv": [7, 7, 9, 9], "rotation": 180, "texture": "#5"},
				"down": {"uv": [7, 7, 9, 9], "rotation": 180, "texture": "#5"}
			}
		},
		{
			"from": [12.4375, 0, 6.4375],
			"to": [12.5625, 1, 6.5625],
			"rotation": {"angle": 0, "axis": "y", "origin": [15, 0, 14]},
			"faces": {
				"south": {"uv": [9, 0, 7, 16], "texture": "#0"}
			}
		},
		{
			"from": [12.4375, 0, 6.4375],
			"to": [12.5625, 1, 6.5625],
			"rotation": {"angle": 0, "axis": "y", "origin": [15, 0, 14]},
			"faces": {
				"west": {"uv": [7, 0, 9, 16], "texture": "#0"}
			}
		},
		{
			"from": [12.4375, 0, 6.4375],
			"to": [12.5625, 1, 6.5625],
			"rotation": {"angle": 0, "axis": "y", "origin": [15, 0, 14]},
			"faces": {
				"north": {"uv": [7, 0, 9, 16], "texture": "#0"}
			}
		},
		{
			"from": [12.4375, 0, 6.4375],
			"to": [12.5625, 1, 6.5625],
			"rotation": {"angle": 0, "axis": "y", "origin": [15, 0, 14]},
			"faces": {
				"east": {"uv": [9, 0, 7, 16], "texture": "#0"}
			}
		},
		{
			"from": [11.4375, 0, 12.4375],
			"to": [11.5625, 1, 12.5625],
			"rotation": {"angle": 0, "axis": "y", "origin": [15, 0, 14]},
			"faces": {
				"up": {"uv": [7, 7, 9, 9], "rotation": 180, "texture": "#6"},
				"down": {"uv": [7, 7, 9, 9], "rotation": 180, "texture": "#6"}
			}
		},
		{
			"from": [11.4375, 0, 12.4375],
			"to": [11.5625, 1, 12.5625],
			"rotation": {"angle": 0, "axis": "y", "origin": [15, 0, 14]},
			"faces": {
				"south": {"uv": [9, 0, 7, 16], "texture": "#7"}
			}
		},
		{
			"from": [11.4375, 0, 12.4375],
			"to": [11.5625, 1, 12.5625],
			"rotation": {"angle": 0, "axis": "y", "origin": [15, 0, 14]},
			"faces": {
				"west": {"uv": [7, 0, 9, 16], "texture": "#7"}
			}
		},
		{
			"from": [11.4375, 0, 12.4375],
			"to": [11.5625, 1, 12.5625],
			"rotation": {"angle": 0, "axis": "y", "origin": [15, 0, 14]},
			"faces": {
				"north": {"uv": [7, 0, 9, 16], "texture": "#7"}
			}
		},
		{
			"from": [11.4375, 0, 12.4375],
			"to": [11.5625, 1, 12.5625],
			"rotation": {"angle": 0, "axis": "y", "origin": [15, 0, 14]},
			"faces": {
				"east": {"uv": [9, 0, 7, 16], "texture": "#7"}
			}
		},
		{
			"from": [11.4375, 0, 11.4375],
			"to": [11.5625, 1, 11.5625],
			"rotation": {"angle": 0, "axis": "y", "origin": [15, 0, 14]},
			"faces": {
				"up": {"uv": [7, 7, 9, 9], "rotation": 180, "texture": "#5"},
				"down": {"uv": [7, 7, 9, 9], "rotation": 180, "texture": "#5"}
			}
		},
		{
			"from": [11.4375, 0, 11.4375],
			"to": [11.5625, 1, 11.5625],
			"rotation": {"angle": 0, "axis": "y", "origin": [15, 0, 14]},
			"faces": {
				"south": {"uv": [0, 0, 1, 1], "texture": "#0"}
			}
		},
		{
			"from": [11.4375, 0, 11.4375],
			"to": [11.5625, 1, 11.5625],
			"rotation": {"angle": 0, "axis": "y", "origin": [15, 0, 14]},
			"faces": {
				"west": {"uv": [0, 0, 1, 1], "texture": "#0"}
			}
		},
		{
			"from": [11.4375, 0, 11.4375],
			"to": [11.5625, 1, 11.5625],
			"rotation": {"angle": 0, "axis": "y", "origin": [15, 0, 14]},
			"faces": {
				"north": {"uv": [0, 0, 1, 1], "texture": "#0"}
			}
		},
		{
			"from": [11.4375, 0, 11.4375],
			"to": [11.5625, 1, 11.5625],
			"rotation": {"angle": 0, "axis": "y", "origin": [15, 0, 14]},
			"faces": {
				"east": {"uv": [0, 0, 1, 1], "texture": "#0"}
			}
		},
		{
			"from": [11.4375, 0, 9.4375],
			"to": [11.5625, 1, 9.5625],
			"rotation": {"angle": 0, "axis": "y", "origin": [15, 0, 14]},
			"faces": {
				"up": {"uv": [7, 7, 9, 9], "rotation": 180, "texture": "#5"},
				"down": {"uv": [7, 7, 9, 9], "rotation": 180, "texture": "#5"}
			}
		},
		{
			"from": [11.4375, 0, 9.4375],
			"to": [11.5625, 1, 9.5625],
			"rotation": {"angle": 0, "axis": "y", "origin": [15, 0, 14]},
			"faces": {
				"south": {"uv": [0, 0, 1, 1], "texture": "#0"}
			}
		},
		{
			"from": [11.4375, 0, 9.4375],
			"to": [11.5625, 1, 9.5625],
			"rotation": {"angle": 0, "axis": "y", "origin": [15, 0, 14]},
			"faces": {
				"west": {"uv": [0, 0, 1, 1], "texture": "#0"}
			}
		},
		{
			"from": [11.4375, 0, 9.4375],
			"to": [11.5625, 1, 9.5625],
			"rotation": {"angle": 0, "axis": "y", "origin": [15, 0, 14]},
			"faces": {
				"north": {"uv": [0, 0, 1, 1], "texture": "#0"}
			}
		},
		{
			"from": [11.4375, 0, 9.4375],
			"to": [11.5625, 1, 9.5625],
			"rotation": {"angle": 0, "axis": "y", "origin": [15, 0, 14]},
			"faces": {
				"east": {"uv": [0, 0, 1, 1], "texture": "#0"}
			}
		},
		{
			"from": [11.4375, 0, 8.4375],
			"to": [11.5625, 1, 8.5625],
			"rotation": {"angle": 0, "axis": "y", "origin": [15, 0, 14]},
			"faces": {
				"up": {"uv": [7, 7, 9, 9], "rotation": 180, "texture": "#3"},
				"down": {"uv": [7, 7, 9, 9], "rotation": 180, "texture": "#3"}
			}
		},
		{
			"from": [11.4375, 0, 8.4375],
			"to": [11.5625, 1, 8.5625],
			"rotation": {"angle": 0, "axis": "y", "origin": [15, 0, 14]},
			"faces": {
				"south": {"uv": [0, 0, 1, 1], "texture": "#4"}
			}
		},
		{
			"from": [11.4375, 0, 8.4375],
			"to": [11.5625, 1, 8.5625],
			"rotation": {"angle": 0, "axis": "y", "origin": [15, 0, 14]},
			"faces": {
				"west": {"uv": [0, 0, 1, 1], "texture": "#4"}
			}
		},
		{
			"from": [11.4375, 0, 8.4375],
			"to": [11.5625, 1, 8.5625],
			"rotation": {"angle": 0, "axis": "y", "origin": [15, 0, 14]},
			"faces": {
				"north": {"uv": [0, 0, 1, 1], "texture": "#4"}
			}
		},
		{
			"from": [11.4375, 0, 8.4375],
			"to": [11.5625, 1, 8.5625],
			"rotation": {"angle": 0, "axis": "y", "origin": [15, 0, 14]},
			"faces": {
				"east": {"uv": [0, 0, 1, 1], "texture": "#4"}
			}
		},
		{
			"from": [11.4375, 0, 7.4375],
			"to": [11.5625, 1, 7.5625],
			"rotation": {"angle": 0, "axis": "y", "origin": [15, 0, 14]},
			"faces": {
				"up": {"uv": [7, 7, 9, 9], "rotation": 180, "texture": "#3"},
				"down": {"uv": [7, 7, 9, 9], "rotation": 180, "texture": "#3"}
			}
		},
		{
			"from": [11.4375, 0, 7.4375],
			"to": [11.5625, 1, 7.5625],
			"rotation": {"angle": 0, "axis": "y", "origin": [15, 0, 14]},
			"faces": {
				"south": {"uv": [0, 0, 1, 1], "texture": "#4"}
			}
		},
		{
			"from": [11.4375, 0, 7.4375],
			"to": [11.5625, 1, 7.5625],
			"rotation": {"angle": 0, "axis": "y", "origin": [15, 0, 14]},
			"faces": {
				"west": {"uv": [0, 0, 1, 1], "texture": "#4"}
			}
		},
		{
			"from": [11.4375, 0, 7.4375],
			"to": [11.5625, 1, 7.5625],
			"rotation": {"angle": 0, "axis": "y", "origin": [15, 0, 14]},
			"faces": {
				"north": {"uv": [0, 0, 1, 1], "texture": "#4"}
			}
		},
		{
			"from": [11.4375, 0, 7.4375],
			"to": [11.5625, 1, 7.5625],
			"rotation": {"angle": 0, "axis": "y", "origin": [15, 0, 14]},
			"faces": {
				"east": {"uv": [0, 0, 1, 1], "texture": "#4"}
			}
		},
		{
			"from": [11.4375, 0, 6.4375],
			"to": [11.5625, 1, 6.5625],
			"rotation": {"angle": 0, "axis": "y", "origin": [15, 0, 14]},
			"faces": {
				"up": {"uv": [7, 7, 9, 9], "rotation": 180, "texture": "#6"},
				"down": {"uv": [7, 7, 9, 9], "rotation": 180, "texture": "#6"}
			}
		},
		{
			"from": [11.4375, 0, 6.4375],
			"to": [11.5625, 1, 6.5625],
			"rotation": {"angle": 0, "axis": "y", "origin": [15, 0, 14]},
			"faces": {
				"south": {"uv": [0, 0, 1, 1], "texture": "#7"}
			}
		},
		{
			"from": [11.4375, 0, 6.4375],
			"to": [11.5625, 1, 6.5625],
			"rotation": {"angle": 0, "axis": "y", "origin": [15, 0, 14]},
			"faces": {
				"west": {"uv": [0, 0, 1, 1], "texture": "#7"}
			}
		},
		{
			"from": [11.4375, 0, 6.4375],
			"to": [11.5625, 1, 6.5625],
			"rotation": {"angle": 0, "axis": "y", "origin": [15, 0, 14]},
			"faces": {
				"north": {"uv": [0, 0, 1, 1], "texture": "#7"}
			}
		},
		{
			"from": [11.4375, 0, 6.4375],
			"to": [11.5625, 1, 6.5625],
			"rotation": {"angle": 0, "axis": "y", "origin": [15, 0, 14]},
			"faces": {
				"east": {"uv": [0, 0, 1, 1], "texture": "#7"}
			}
		},
		{
			"from": [11.4375, 0, 5.4375],
			"to": [11.5625, 1, 5.5625],
			"rotation": {"angle": 0, "axis": "y", "origin": [15, 0, 14]},
			"faces": {
				"up": {"uv": [7, 7, 9, 9], "rotation": 180, "texture": "#3"},
				"down": {"uv": [7, 7, 9, 9], "rotation": 180, "texture": "#3"}
			}
		},
		{
			"from": [11.4375, 0, 5.4375],
			"to": [11.5625, 1, 5.5625],
			"rotation": {"angle": 0, "axis": "y", "origin": [15, 0, 14]},
			"faces": {
				"south": {"uv": [0, 0, 1, 1], "texture": "#4"}
			}
		},
		{
			"from": [11.4375, 0, 5.4375],
			"to": [11.5625, 1, 5.5625],
			"rotation": {"angle": 0, "axis": "y", "origin": [15, 0, 14]},
			"faces": {
				"west": {"uv": [0, 0, 1, 1], "texture": "#4"}
			}
		},
		{
			"from": [11.4375, 0, 5.4375],
			"to": [11.5625, 1, 5.5625],
			"rotation": {"angle": 0, "axis": "y", "origin": [15, 0, 14]},
			"faces": {
				"north": {"uv": [0, 0, 1, 1], "texture": "#4"}
			}
		},
		{
			"from": [11.4375, 0, 5.4375],
			"to": [11.5625, 1, 5.5625],
			"rotation": {"angle": 0, "axis": "y", "origin": [15, 0, 14]},
			"faces": {
				"east": {"uv": [0, 0, 1, 1], "texture": "#4"}
			}
		},
		{
			"from": [10.4375, 0, 12.4375],
			"to": [10.5625, 1, 12.5625],
			"rotation": {"angle": 0, "axis": "y", "origin": [15, 0, 14]},
			"faces": {
				"up": {"uv": [7, 7, 9, 9], "rotation": 180, "texture": "#6"},
				"down": {"uv": [7, 7, 9, 9], "rotation": 180, "texture": "#6"}
			}
		},
		{
			"from": [10.4375, 0, 12.4375],
			"to": [10.5625, 1, 12.5625],
			"rotation": {"angle": 0, "axis": "y", "origin": [15, 0, 14]},
			"faces": {
				"south": {"uv": [0, 0, 1, 1], "texture": "#7"}
			}
		},
		{
			"from": [10.4375, 0, 12.4375],
			"to": [10.5625, 1, 12.5625],
			"rotation": {"angle": 0, "axis": "y", "origin": [15, 0, 14]},
			"faces": {
				"west": {"uv": [0, 0, 1, 1], "texture": "#7"}
			}
		},
		{
			"from": [10.4375, 0, 12.4375],
			"to": [10.5625, 1, 12.5625],
			"rotation": {"angle": 0, "axis": "y", "origin": [15, 0, 14]},
			"faces": {
				"north": {"uv": [0, 0, 1, 1], "texture": "#7"}
			}
		},
		{
			"from": [10.4375, 0, 12.4375],
			"to": [10.5625, 1, 12.5625],
			"rotation": {"angle": 0, "axis": "y", "origin": [15, 0, 14]},
			"faces": {
				"east": {"uv": [0, 0, 1, 1], "texture": "#7"}
			}
		},
		{
			"from": [10.4375, 0, 10.4375],
			"to": [10.5625, 1, 10.5625],
			"rotation": {"angle": 0, "axis": "y", "origin": [15, 0, 14]},
			"faces": {
				"up": {"uv": [7, 7, 9, 9], "rotation": 180, "texture": "#3"},
				"down": {"uv": [7, 7, 9, 9], "rotation": 180, "texture": "#3"}
			}
		},
		{
			"from": [10.4375, 0, 10.4375],
			"to": [10.5625, 1, 10.5625],
			"rotation": {"angle": 0, "axis": "y", "origin": [15, 0, 14]},
			"faces": {
				"south": {"uv": [0, 0, 1, 1], "texture": "#4"}
			}
		},
		{
			"from": [10.4375, 0, 10.4375],
			"to": [10.5625, 1, 10.5625],
			"rotation": {"angle": 0, "axis": "y", "origin": [15, 0, 14]},
			"faces": {
				"west": {"uv": [0, 0, 1, 1], "texture": "#4"}
			}
		},
		{
			"from": [10.4375, 0, 10.4375],
			"to": [10.5625, 1, 10.5625],
			"rotation": {"angle": 0, "axis": "y", "origin": [15, 0, 14]},
			"faces": {
				"north": {"uv": [0, 0, 1, 1], "texture": "#4"}
			}
		},
		{
			"from": [10.4375, 0, 10.4375],
			"to": [10.5625, 1, 10.5625],
			"rotation": {"angle": 0, "axis": "y", "origin": [15, 0, 14]},
			"faces": {
				"east": {"uv": [0, 0, 1, 1], "texture": "#4"}
			}
		},
		{
			"from": [10.4375, 0, 9.4375],
			"to": [10.5625, 1, 9.5625],
			"rotation": {"angle": 0, "axis": "y", "origin": [15, 0, 14]},
			"faces": {
				"up": {"uv": [7, 7, 9, 9], "rotation": 180, "texture": "#5"},
				"down": {"uv": [7, 7, 9, 9], "rotation": 180, "texture": "#5"}
			}
		},
		{
			"from": [10.4375, 0, 9.4375],
			"to": [10.5625, 1, 9.5625],
			"rotation": {"angle": 0, "axis": "y", "origin": [15, 0, 14]},
			"faces": {
				"south": {"uv": [0, 0, 1, 1], "texture": "#0"}
			}
		},
		{
			"from": [10.4375, 0, 9.4375],
			"to": [10.5625, 1, 9.5625],
			"rotation": {"angle": 0, "axis": "y", "origin": [15, 0, 14]},
			"faces": {
				"west": {"uv": [0, 0, 1, 1], "texture": "#0"}
			}
		},
		{
			"from": [10.4375, 0, 9.4375],
			"to": [10.5625, 1, 9.5625],
			"rotation": {"angle": 0, "axis": "y", "origin": [15, 0, 14]},
			"faces": {
				"north": {"uv": [0, 0, 1, 1], "texture": "#0"}
			}
		},
		{
			"from": [10.4375, 0, 9.4375],
			"to": [10.5625, 1, 9.5625],
			"rotation": {"angle": 0, "axis": "y", "origin": [15, 0, 14]},
			"faces": {
				"east": {"uv": [0, 0, 1, 1], "texture": "#0"}
			}
		},
		{
			"from": [10.4375, 0, 8.4375],
			"to": [10.5625, 1, 8.5625],
			"rotation": {"angle": 0, "axis": "y", "origin": [15, 0, 14]},
			"faces": {
				"up": {"uv": [7, 7, 9, 9], "rotation": 180, "texture": "#3"},
				"down": {"uv": [7, 7, 9, 9], "rotation": 180, "texture": "#3"}
			}
		},
		{
			"from": [10.4375, 0, 8.4375],
			"to": [10.5625, 1, 8.5625],
			"rotation": {"angle": 0, "axis": "y", "origin": [15, 0, 14]},
			"faces": {
				"south": {"uv": [0, 0, 1, 1], "texture": "#4"}
			}
		},
		{
			"from": [10.4375, 0, 8.4375],
			"to": [10.5625, 1, 8.5625],
			"rotation": {"angle": 0, "axis": "y", "origin": [15, 0, 14]},
			"faces": {
				"west": {"uv": [0, 0, 1, 1], "texture": "#4"}
			}
		},
		{
			"from": [10.4375, 0, 8.4375],
			"to": [10.5625, 1, 8.5625],
			"rotation": {"angle": 0, "axis": "y", "origin": [15, 0, 14]},
			"faces": {
				"north": {"uv": [0, 0, 1, 1], "texture": "#4"}
			}
		},
		{
			"from": [10.4375, 0, 8.4375],
			"to": [10.5625, 1, 8.5625],
			"rotation": {"angle": 0, "axis": "y", "origin": [15, 0, 14]},
			"faces": {
				"east": {"uv": [0, 0, 1, 1], "texture": "#4"}
			}
		},
		{
			"from": [10.4375, 0, 6.4375],
			"to": [10.5625, 1, 6.5625],
			"rotation": {"angle": 0, "axis": "y", "origin": [15, 0, 14]},
			"faces": {
				"up": {"uv": [7, 7, 9, 9], "rotation": 180, "texture": "#3"},
				"down": {"uv": [7, 7, 9, 9], "rotation": 180, "texture": "#3"}
			}
		},
		{
			"from": [10.4375, 0, 6.4375],
			"to": [10.5625, 1, 6.5625],
			"rotation": {"angle": 0, "axis": "y", "origin": [15, 0, 14]},
			"faces": {
				"south": {"uv": [0, 0, 1, 1], "texture": "#4"}
			}
		},
		{
			"from": [10.4375, 0, 6.4375],
			"to": [10.5625, 1, 6.5625],
			"rotation": {"angle": 0, "axis": "y", "origin": [15, 0, 14]},
			"faces": {
				"west": {"uv": [0, 0, 1, 1], "texture": "#4"}
			}
		},
		{
			"from": [10.4375, 0, 6.4375],
			"to": [10.5625, 1, 6.5625],
			"rotation": {"angle": 0, "axis": "y", "origin": [15, 0, 14]},
			"faces": {
				"north": {"uv": [0, 0, 1, 1], "texture": "#4"}
			}
		},
		{
			"from": [10.4375, 0, 6.4375],
			"to": [10.5625, 1, 6.5625],
			"rotation": {"angle": 0, "axis": "y", "origin": [15, 0, 14]},
			"faces": {
				"east": {"uv": [0, 0, 1, 1], "texture": "#4"}
			}
		},
		{
			"from": [9.4375, 0, 9.4375],
			"to": [9.5625, 1, 9.5625],
			"rotation": {"angle": 0, "axis": "y", "origin": [15, 0, 14]},
			"faces": {
				"up": {"uv": [7, 7, 9, 9], "rotation": 180, "texture": "#3"},
				"down": {"uv": [7, 7, 9, 9], "rotation": 180, "texture": "#3"}
			}
		},
		{
			"from": [9.4375, 0, 9.4375],
			"to": [9.5625, 1, 9.5625],
			"rotation": {"angle": 0, "axis": "y", "origin": [15, 0, 14]},
			"faces": {
				"south": {"uv": [0, 0, 1, 1], "texture": "#4"}
			}
		},
		{
			"from": [9.4375, 0, 9.4375],
			"to": [9.5625, 1, 9.5625],
			"rotation": {"angle": 0, "axis": "y", "origin": [15, 0, 14]},
			"faces": {
				"west": {"uv": [0, 0, 1, 1], "texture": "#4"}
			}
		},
		{
			"from": [9.4375, 0, 9.4375],
			"to": [9.5625, 1, 9.5625],
			"rotation": {"angle": 0, "axis": "y", "origin": [15, 0, 14]},
			"faces": {
				"north": {"uv": [0, 0, 1, 1], "texture": "#4"}
			}
		},
		{
			"from": [9.4375, 0, 9.4375],
			"to": [9.5625, 1, 9.5625],
			"rotation": {"angle": 0, "axis": "y", "origin": [15, 0, 14]},
			"faces": {
				"east": {"uv": [0, 0, 1, 1], "texture": "#4"}
			}
		},
		{
			"from": [9.4375, 0, 8.4375],
			"to": [9.5625, 1, 8.5625],
			"rotation": {"angle": 0, "axis": "y", "origin": [15, 0, 14]},
			"faces": {
				"up": {"uv": [7, 7, 9, 9], "rotation": 180, "texture": "#5"},
				"down": {"uv": [7, 7, 9, 9], "rotation": 180, "texture": "#5"}
			}
		},
		{
			"from": [9.4375, 0, 8.4375],
			"to": [9.5625, 1, 8.5625],
			"rotation": {"angle": 0, "axis": "y", "origin": [15, 0, 14]},
			"faces": {
				"south": {"uv": [0, 0, 1, 1], "texture": "#0"}
			}
		},
		{
			"from": [9.4375, 0, 8.4375],
			"to": [9.5625, 1, 8.5625],
			"rotation": {"angle": 0, "axis": "y", "origin": [15, 0, 14]},
			"faces": {
				"west": {"uv": [0, 0, 1, 1], "texture": "#0"}
			}
		},
		{
			"from": [9.4375, 0, 8.4375],
			"to": [9.5625, 1, 8.5625],
			"rotation": {"angle": 0, "axis": "y", "origin": [15, 0, 14]},
			"faces": {
				"north": {"uv": [0, 0, 1, 1], "texture": "#0"}
			}
		},
		{
			"from": [9.4375, 0, 8.4375],
			"to": [9.5625, 1, 8.5625],
			"rotation": {"angle": 0, "axis": "y", "origin": [15, 0, 14]},
			"faces": {
				"east": {"uv": [0, 0, 1, 1], "texture": "#0"}
			}
		},
		{
			"from": [9.4375, 0, 7.4375],
			"to": [9.5625, 1, 7.5625],
			"rotation": {"angle": 0, "axis": "y", "origin": [15, 0, 14]},
			"faces": {
				"up": {"uv": [7, 7, 9, 9], "rotation": 180, "texture": "#5"},
				"down": {"uv": [7, 7, 9, 9], "rotation": 180, "texture": "#5"}
			}
		},
		{
			"from": [9.4375, 0, 7.4375],
			"to": [9.5625, 1, 7.5625],
			"rotation": {"angle": 0, "axis": "y", "origin": [15, 0, 14]},
			"faces": {
				"south": {"uv": [0, 0, 1, 1], "texture": "#0"}
			}
		},
		{
			"from": [9.4375, 0, 7.4375],
			"to": [9.5625, 1, 7.5625],
			"rotation": {"angle": 0, "axis": "y", "origin": [15, 0, 14]},
			"faces": {
				"west": {"uv": [0, 0, 1, 1], "texture": "#0"}
			}
		},
		{
			"from": [9.4375, 0, 7.4375],
			"to": [9.5625, 1, 7.5625],
			"rotation": {"angle": 0, "axis": "y", "origin": [15, 0, 14]},
			"faces": {
				"north": {"uv": [0, 0, 1, 1], "texture": "#0"}
			}
		},
		{
			"from": [9.4375, 0, 7.4375],
			"to": [9.5625, 1, 7.5625],
			"rotation": {"angle": 0, "axis": "y", "origin": [15, 0, 14]},
			"faces": {
				"east": {"uv": [0, 0, 1, 1], "texture": "#0"}
			}
		},
		{
			"from": [9.4375, 0, 6.4375],
			"to": [9.5625, 1, 6.5625],
			"rotation": {"angle": 0, "axis": "y", "origin": [15, 0, 14]},
			"faces": {
				"up": {"uv": [7, 7, 9, 9], "rotation": 180, "texture": "#6"},
				"down": {"uv": [7, 7, 9, 9], "rotation": 180, "texture": "#6"}
			}
		},
		{
			"from": [9.4375, 0, 6.4375],
			"to": [9.5625, 1, 6.5625],
			"rotation": {"angle": 0, "axis": "y", "origin": [15, 0, 14]},
			"faces": {
				"south": {"uv": [0, 0, 1, 1], "texture": "#7"}
			}
		},
		{
			"from": [9.4375, 0, 6.4375],
			"to": [9.5625, 1, 6.5625],
			"rotation": {"angle": 0, "axis": "y", "origin": [15, 0, 14]},
			"faces": {
				"west": {"uv": [0, 0, 1, 1], "texture": "#7"}
			}
		},
		{
			"from": [9.4375, 0, 6.4375],
			"to": [9.5625, 1, 6.5625],
			"rotation": {"angle": 0, "axis": "y", "origin": [15, 0, 14]},
			"faces": {
				"north": {"uv": [0, 0, 1, 1], "texture": "#7"}
			}
		},
		{
			"from": [9.4375, 0, 6.4375],
			"to": [9.5625, 1, 6.5625],
			"rotation": {"angle": 0, "axis": "y", "origin": [15, 0, 14]},
			"faces": {
				"east": {"uv": [0, 0, 1, 1], "texture": "#7"}
			}
		},
		{
			"from": [9.4375, 0, 5.4375],
			"to": [9.5625, 1, 5.5625],
			"rotation": {"angle": 0, "axis": "y", "origin": [15, 0, 14]},
			"faces": {
				"up": {"uv": [7, 7, 9, 9], "rotation": 180, "texture": "#5"},
				"down": {"uv": [7, 7, 9, 9], "rotation": 180, "texture": "#5"}
			}
		},
		{
			"from": [9.4375, 0, 5.4375],
			"to": [9.5625, 1, 5.5625],
			"rotation": {"angle": 0, "axis": "y", "origin": [15, 0, 14]},
			"faces": {
				"south": {"uv": [0, 0, 1, 1], "texture": "#0"}
			}
		},
		{
			"from": [9.4375, 0, 5.4375],
			"to": [9.5625, 1, 5.5625],
			"rotation": {"angle": 0, "axis": "y", "origin": [15, 0, 14]},
			"faces": {
				"west": {"uv": [0, 0, 1, 1], "texture": "#0"}
			}
		},
		{
			"from": [9.4375, 0, 5.4375],
			"to": [9.5625, 1, 5.5625],
			"rotation": {"angle": 0, "axis": "y", "origin": [15, 0, 14]},
			"faces": {
				"north": {"uv": [0, 0, 1, 1], "texture": "#0"}
			}
		},
		{
			"from": [9.4375, 0, 5.4375],
			"to": [9.5625, 1, 5.5625],
			"rotation": {"angle": 0, "axis": "y", "origin": [15, 0, 14]},
			"faces": {
				"east": {"uv": [0, 0, 1, 1], "texture": "#0"}
			}
		},
		{
			"from": [9.4375, 0, 4.4375],
			"to": [9.5625, 1, 4.5625],
			"rotation": {"angle": 0, "axis": "y", "origin": [15, 0, 14]},
			"faces": {
				"up": {"uv": [7, 7, 9, 9], "rotation": 180, "texture": "#5"},
				"down": {"uv": [7, 7, 9, 9], "rotation": 180, "texture": "#5"}
			}
		},
		{
			"from": [9.4375, 0, 4.4375],
			"to": [9.5625, 1, 4.5625],
			"rotation": {"angle": 0, "axis": "y", "origin": [15, 0, 14]},
			"faces": {
				"south": {"uv": [0, 0, 1, 1], "texture": "#0"}
			}
		},
		{
			"from": [9.4375, 0, 4.4375],
			"to": [9.5625, 1, 4.5625],
			"rotation": {"angle": 0, "axis": "y", "origin": [15, 0, 14]},
			"faces": {
				"west": {"uv": [0, 0, 1, 1], "texture": "#0"}
			}
		},
		{
			"from": [9.4375, 0, 4.4375],
			"to": [9.5625, 1, 4.5625],
			"rotation": {"angle": 0, "axis": "y", "origin": [15, 0, 14]},
			"faces": {
				"north": {"uv": [0, 0, 1, 1], "texture": "#0"}
			}
		},
		{
			"from": [9.4375, 0, 4.4375],
			"to": [9.5625, 1, 4.5625],
			"rotation": {"angle": 0, "axis": "y", "origin": [15, 0, 14]},
			"faces": {
				"east": {"uv": [0, 0, 1, 1], "texture": "#0"}
			}
		},
		{
			"from": [8.4375, 0, 11.4375],
			"to": [8.5625, 1, 11.5625],
			"rotation": {"angle": 0, "axis": "y", "origin": [15, 0, 14]},
			"faces": {
				"up": {"uv": [7, 7, 9, 9], "rotation": 180, "texture": "#5"},
				"down": {"uv": [7, 7, 9, 9], "rotation": 180, "texture": "#5"}
			}
		},
		{
			"from": [8.4375, 0, 11.4375],
			"to": [8.5625, 1, 11.5625],
			"rotation": {"angle": 0, "axis": "y", "origin": [15, 0, 14]},
			"faces": {
				"south": {"uv": [0, 0, 1, 1], "texture": "#0"}
			}
		},
		{
			"from": [8.4375, 0, 11.4375],
			"to": [8.5625, 1, 11.5625],
			"rotation": {"angle": 0, "axis": "y", "origin": [15, 0, 14]},
			"faces": {
				"west": {"uv": [0, 0, 1, 1], "texture": "#0"}
			}
		},
		{
			"from": [8.4375, 0, 11.4375],
			"to": [8.5625, 1, 11.5625],
			"rotation": {"angle": 0, "axis": "y", "origin": [15, 0, 14]},
			"faces": {
				"north": {"uv": [0, 0, 1, 1], "texture": "#0"}
			}
		},
		{
			"from": [8.4375, 0, 11.4375],
			"to": [8.5625, 1, 11.5625],
			"rotation": {"angle": 0, "axis": "y", "origin": [15, 0, 14]},
			"faces": {
				"east": {"uv": [0, 0, 1, 1], "texture": "#0"}
			}
		},
		{
			"from": [8.4375, 0, 10.4375],
			"to": [8.5625, 1, 10.5625],
			"rotation": {"angle": 0, "axis": "y", "origin": [15, 0, 14]},
			"faces": {
				"up": {"uv": [7, 7, 9, 9], "rotation": 180, "texture": "#6"},
				"down": {"uv": [7, 7, 9, 9], "rotation": 180, "texture": "#6"}
			}
		},
		{
			"from": [8.4375, 0, 10.4375],
			"to": [8.5625, 1, 10.5625],
			"rotation": {"angle": 0, "axis": "y", "origin": [15, 0, 14]},
			"faces": {
				"south": {"uv": [0, 0, 1, 1], "texture": "#7"}
			}
		},
		{
			"from": [8.4375, 0, 10.4375],
			"to": [8.5625, 1, 10.5625],
			"rotation": {"angle": 0, "axis": "y", "origin": [15, 0, 14]},
			"faces": {
				"west": {"uv": [0, 0, 1, 1], "texture": "#7"}
			}
		},
		{
			"from": [8.4375, 0, 10.4375],
			"to": [8.5625, 1, 10.5625],
			"rotation": {"angle": 0, "axis": "y", "origin": [15, 0, 14]},
			"faces": {
				"north": {"uv": [0, 0, 1, 1], "texture": "#7"}
			}
		},
		{
			"from": [8.4375, 0, 10.4375],
			"to": [8.5625, 1, 10.5625],
			"rotation": {"angle": 0, "axis": "y", "origin": [15, 0, 14]},
			"faces": {
				"east": {"uv": [0, 0, 1, 1], "texture": "#7"}
			}
		},
		{
			"from": [8.4375, 0, 9.4375],
			"to": [8.5625, 1, 9.5625],
			"rotation": {"angle": 0, "axis": "y", "origin": [15, 0, 14]},
			"faces": {
				"up": {"uv": [7, 7, 9, 9], "rotation": 180, "texture": "#5"},
				"down": {"uv": [7, 7, 9, 9], "rotation": 180, "texture": "#5"}
			}
		},
		{
			"from": [8.4375, 0, 9.4375],
			"to": [8.5625, 1, 9.5625],
			"rotation": {"angle": 0, "axis": "y", "origin": [15, 0, 14]},
			"faces": {
				"south": {"uv": [0, 0, 1, 1], "texture": "#0"}
			}
		},
		{
			"from": [8.4375, 0, 9.4375],
			"to": [8.5625, 1, 9.5625],
			"rotation": {"angle": 0, "axis": "y", "origin": [15, 0, 14]},
			"faces": {
				"west": {"uv": [0, 0, 1, 1], "texture": "#0"}
			}
		},
		{
			"from": [8.4375, 0, 9.4375],
			"to": [8.5625, 1, 9.5625],
			"rotation": {"angle": 0, "axis": "y", "origin": [15, 0, 14]},
			"faces": {
				"north": {"uv": [0, 0, 1, 1], "texture": "#0"}
			}
		},
		{
			"from": [8.4375, 0, 9.4375],
			"to": [8.5625, 1, 9.5625],
			"rotation": {"angle": 0, "axis": "y", "origin": [15, 0, 14]},
			"faces": {
				"east": {"uv": [0, 0, 1, 1], "texture": "#0"}
			}
		},
		{
			"from": [8.4375, 0, 8.4375],
			"to": [8.5625, 1, 8.5625],
			"rotation": {"angle": 0, "axis": "y", "origin": [15, 0, 14]},
			"faces": {
				"up": {"uv": [7, 7, 9, 9], "rotation": 180, "texture": "#6"},
				"down": {"uv": [7, 7, 9, 9], "rotation": 180, "texture": "#6"}
			}
		},
		{
			"from": [8.4375, 0, 8.4375],
			"to": [8.5625, 1, 8.5625],
			"rotation": {"angle": 0, "axis": "y", "origin": [15, 0, 14]},
			"faces": {
				"south": {"uv": [0, 0, 1, 1], "texture": "#7"}
			}
		},
		{
			"from": [8.4375, 0, 8.4375],
			"to": [8.5625, 1, 8.5625],
			"rotation": {"angle": 0, "axis": "y", "origin": [15, 0, 14]},
			"faces": {
				"west": {"uv": [0, 0, 1, 1], "texture": "#7"}
			}
		},
		{
			"from": [8.4375, 0, 8.4375],
			"to": [8.5625, 1, 8.5625],
			"rotation": {"angle": 0, "axis": "y", "origin": [15, 0, 14]},
			"faces": {
				"north": {"uv": [0, 0, 1, 1], "texture": "#7"}
			}
		},
		{
			"from": [8.4375, 0, 8.4375],
			"to": [8.5625, 1, 8.5625],
			"rotation": {"angle": 0, "axis": "y", "origin": [15, 0, 14]},
			"faces": {
				"east": {"uv": [0, 0, 1, 1], "texture": "#7"}
			}
		},
		{
			"from": [8.4375, 0, 7.4375],
			"to": [8.5625, 1, 7.5625],
			"rotation": {"angle": 0, "axis": "y", "origin": [15, 0, 14]},
			"faces": {
				"up": {"uv": [7, 7, 9, 9], "rotation": 180, "texture": "#5"},
				"down": {"uv": [7, 7, 9, 9], "rotation": 180, "texture": "#5"}
			}
		},
		{
			"from": [8.4375, 0, 7.4375],
			"to": [8.5625, 1, 7.5625],
			"rotation": {"angle": 0, "axis": "y", "origin": [15, 0, 14]},
			"faces": {
				"south": {"uv": [0, 0, 1, 1], "texture": "#0"}
			}
		},
		{
			"from": [8.4375, 0, 7.4375],
			"to": [8.5625, 1, 7.5625],
			"rotation": {"angle": 0, "axis": "y", "origin": [15, 0, 14]},
			"faces": {
				"west": {"uv": [0, 0, 1, 1], "texture": "#0"}
			}
		},
		{
			"from": [8.4375, 0, 7.4375],
			"to": [8.5625, 1, 7.5625],
			"rotation": {"angle": 0, "axis": "y", "origin": [15, 0, 14]},
			"faces": {
				"north": {"uv": [0, 0, 1, 1], "texture": "#0"}
			}
		},
		{
			"from": [8.4375, 0, 7.4375],
			"to": [8.5625, 1, 7.5625],
			"rotation": {"angle": 0, "axis": "y", "origin": [15, 0, 14]},
			"faces": {
				"east": {"uv": [0, 0, 1, 1], "texture": "#0"}
			}
		},
		{
			"from": [8.4375, 0, 6.4375],
			"to": [8.5625, 1, 6.5625],
			"rotation": {"angle": 0, "axis": "y", "origin": [15, 0, 14]},
			"faces": {
				"up": {"uv": [7, 7, 9, 9], "rotation": 180, "texture": "#6"},
				"down": {"uv": [7, 7, 9, 9], "rotation": 180, "texture": "#6"}
			}
		},
		{
			"from": [8.4375, 0, 6.4375],
			"to": [8.5625, 1, 6.5625],
			"rotation": {"angle": 0, "axis": "y", "origin": [15, 0, 14]},
			"faces": {
				"south": {"uv": [0, 0, 1, 1], "texture": "#7"}
			}
		},
		{
			"from": [8.4375, 0, 6.4375],
			"to": [8.5625, 1, 6.5625],
			"rotation": {"angle": 0, "axis": "y", "origin": [15, 0, 14]},
			"faces": {
				"west": {"uv": [0, 0, 1, 1], "texture": "#7"}
			}
		},
		{
			"from": [8.4375, 0, 6.4375],
			"to": [8.5625, 1, 6.5625],
			"rotation": {"angle": 0, "axis": "y", "origin": [15, 0, 14]},
			"faces": {
				"north": {"uv": [0, 0, 1, 1], "texture": "#7"}
			}
		},
		{
			"from": [8.4375, 0, 6.4375],
			"to": [8.5625, 1, 6.5625],
			"rotation": {"angle": 0, "axis": "y", "origin": [15, 0, 14]},
			"faces": {
				"east": {"uv": [0, 0, 1, 1], "texture": "#7"}
			}
		},
		{
			"from": [8.4375, 0, 4.4375],
			"to": [8.5625, 1, 4.5625],
			"rotation": {"angle": 0, "axis": "y", "origin": [15, 0, 14]},
			"faces": {
				"up": {"uv": [7, 7, 9, 9], "rotation": 180, "texture": "#3"},
				"down": {"uv": [7, 7, 9, 9], "rotation": 180, "texture": "#3"}
			}
		},
		{
			"from": [8.4375, 0, 4.4375],
			"to": [8.5625, 1, 4.5625],
			"rotation": {"angle": 0, "axis": "y", "origin": [15, 0, 14]},
			"faces": {
				"south": {"uv": [0, 0, 1, 1], "texture": "#4"}
			}
		},
		{
			"from": [8.4375, 0, 4.4375],
			"to": [8.5625, 1, 4.5625],
			"rotation": {"angle": 0, "axis": "y", "origin": [15, 0, 14]},
			"faces": {
				"west": {"uv": [0, 0, 1, 1], "texture": "#4"}
			}
		},
		{
			"from": [8.4375, 0, 4.4375],
			"to": [8.5625, 1, 4.5625],
			"rotation": {"angle": 0, "axis": "y", "origin": [15, 0, 14]},
			"faces": {
				"north": {"uv": [0, 0, 1, 1], "texture": "#4"}
			}
		},
		{
			"from": [8.4375, 0, 4.4375],
			"to": [8.5625, 1, 4.5625],
			"rotation": {"angle": 0, "axis": "y", "origin": [15, 0, 14]},
			"faces": {
				"east": {"uv": [0, 0, 1, 1], "texture": "#4"}
			}
		},
		{
			"from": [7.4375, 0, 10.4375],
			"to": [7.5625, 1, 10.5625],
			"rotation": {"angle": 0, "axis": "y", "origin": [15, 0, 14]},
			"faces": {
				"up": {"uv": [7, 7, 9, 9], "rotation": 180, "texture": "#3"},
				"down": {"uv": [7, 7, 9, 9], "rotation": 180, "texture": "#3"}
			}
		},
		{
			"from": [7.4375, 0, 10.4375],
			"to": [7.5625, 1, 10.5625],
			"rotation": {"angle": 0, "axis": "y", "origin": [15, 0, 14]},
			"faces": {
				"south": {"uv": [0, 0, 1, 1], "texture": "#4"}
			}
		},
		{
			"from": [7.4375, 0, 10.4375],
			"to": [7.5625, 1, 10.5625],
			"rotation": {"angle": 0, "axis": "y", "origin": [15, 0, 14]},
			"faces": {
				"west": {"uv": [0, 0, 1, 1], "texture": "#4"}
			}
		},
		{
			"from": [7.4375, 0, 10.4375],
			"to": [7.5625, 1, 10.5625],
			"rotation": {"angle": 0, "axis": "y", "origin": [15, 0, 14]},
			"faces": {
				"north": {"uv": [0, 0, 1, 1], "texture": "#4"}
			}
		},
		{
			"from": [7.4375, 0, 10.4375],
			"to": [7.5625, 1, 10.5625],
			"rotation": {"angle": 0, "axis": "y", "origin": [15, 0, 14]},
			"faces": {
				"east": {"uv": [0, 0, 1, 1], "texture": "#4"}
			}
		},
		{
			"from": [7.4375, 0, 9.4375],
			"to": [7.5625, 1, 9.5625],
			"rotation": {"angle": 0, "axis": "y", "origin": [15, 0, 14]},
			"faces": {
				"up": {"uv": [7, 7, 9, 9], "rotation": 180, "texture": "#3"},
				"down": {"uv": [7, 7, 9, 9], "rotation": 180, "texture": "#3"}
			}
		},
		{
			"from": [7.4375, 0, 9.4375],
			"to": [7.5625, 1, 9.5625],
			"rotation": {"angle": 0, "axis": "y", "origin": [15, 0, 14]},
			"faces": {
				"south": {"uv": [0, 0, 1, 1], "texture": "#4"}
			}
		},
		{
			"from": [7.4375, 0, 9.4375],
			"to": [7.5625, 1, 9.5625],
			"rotation": {"angle": 0, "axis": "y", "origin": [15, 0, 14]},
			"faces": {
				"west": {"uv": [0, 0, 1, 1], "texture": "#4"}
			}
		},
		{
			"from": [7.4375, 0, 9.4375],
			"to": [7.5625, 1, 9.5625],
			"rotation": {"angle": 0, "axis": "y", "origin": [15, 0, 14]},
			"faces": {
				"north": {"uv": [0, 0, 1, 1], "texture": "#4"}
			}
		},
		{
			"from": [7.4375, 0, 9.4375],
			"to": [7.5625, 1, 9.5625],
			"rotation": {"angle": 0, "axis": "y", "origin": [15, 0, 14]},
			"faces": {
				"east": {"uv": [0, 0, 1, 1], "texture": "#4"}
			}
		},
		{
			"from": [7.4375, 0, 7.4375],
			"to": [7.5625, 1, 7.5625],
			"rotation": {"angle": 0, "axis": "y", "origin": [15, 0, 14]},
			"faces": {
				"up": {"uv": [7, 7, 9, 9], "rotation": 180, "texture": "#6"},
				"down": {"uv": [7, 7, 9, 9], "rotation": 180, "texture": "#6"}
			}
		},
		{
			"from": [7.4375, 0, 7.4375],
			"to": [7.5625, 1, 7.5625],
			"rotation": {"angle": 0, "axis": "y", "origin": [15, 0, 14]},
			"faces": {
				"south": {"uv": [0, 0, 1, 1], "texture": "#7"}
			}
		},
		{
			"from": [7.4375, 0, 7.4375],
			"to": [7.5625, 1, 7.5625],
			"rotation": {"angle": 0, "axis": "y", "origin": [15, 0, 14]},
			"faces": {
				"west": {"uv": [0, 0, 1, 1], "texture": "#7"}
			}
		},
		{
			"from": [7.4375, 0, 7.4375],
			"to": [7.5625, 1, 7.5625],
			"rotation": {"angle": 0, "axis": "y", "origin": [15, 0, 14]},
			"faces": {
				"north": {"uv": [0, 0, 1, 1], "texture": "#7"}
			}
		},
		{
			"from": [7.4375, 0, 7.4375],
			"to": [7.5625, 1, 7.5625],
			"rotation": {"angle": 0, "axis": "y", "origin": [15, 0, 14]},
			"faces": {
				"east": {"uv": [0, 0, 1, 1], "texture": "#7"}
			}
		},
		{
			"from": [7.4375, 0, 5.4375],
			"to": [7.5625, 1, 5.5625],
			"rotation": {"angle": 0, "axis": "y", "origin": [15, 0, 14]},
			"faces": {
				"up": {"uv": [7, 7, 9, 9], "rotation": 180, "texture": "#6"},
				"down": {"uv": [7, 7, 9, 9], "rotation": 180, "texture": "#6"}
			}
		},
		{
			"from": [7.4375, 0, 5.4375],
			"to": [7.5625, 1, 5.5625],
			"rotation": {"angle": 0, "axis": "y", "origin": [15, 0, 14]},
			"faces": {
				"south": {"uv": [0, 0, 1, 1], "texture": "#7"}
			}
		},
		{
			"from": [7.4375, 0, 5.4375],
			"to": [7.5625, 1, 5.5625],
			"rotation": {"angle": 0, "axis": "y", "origin": [15, 0, 14]},
			"faces": {
				"west": {"uv": [0, 0, 1, 1], "texture": "#7"}
			}
		},
		{
			"from": [7.4375, 0, 5.4375],
			"to": [7.5625, 1, 5.5625],
			"rotation": {"angle": 0, "axis": "y", "origin": [15, 0, 14]},
			"faces": {
				"north": {"uv": [0, 0, 1, 1], "texture": "#7"}
			}
		},
		{
			"from": [7.4375, 0, 5.4375],
			"to": [7.5625, 1, 5.5625],
			"rotation": {"angle": 0, "axis": "y", "origin": [15, 0, 14]},
			"faces": {
				"east": {"uv": [0, 0, 1, 1], "texture": "#7"}
			}
		},
		{
			"from": [7.4375, 0, 3.4375],
			"to": [7.5625, 1, 3.5625],
			"rotation": {"angle": 0, "axis": "y", "origin": [15, 0, 14]},
			"faces": {
				"up": {"uv": [7, 7, 9, 9], "rotation": 180, "texture": "#6"},
				"down": {"uv": [7, 7, 9, 9], "rotation": 180, "texture": "#6"}
			}
		},
		{
			"from": [7.4375, 0, 3.4375],
			"to": [7.5625, 1, 3.5625],
			"rotation": {"angle": 0, "axis": "y", "origin": [15, 0, 14]},
			"faces": {
				"south": {"uv": [0, 0, 1, 1], "texture": "#7"}
			}
		},
		{
			"from": [7.4375, 0, 3.4375],
			"to": [7.5625, 1, 3.5625],
			"rotation": {"angle": 0, "axis": "y", "origin": [15, 0, 14]},
			"faces": {
				"west": {"uv": [0, 0, 1, 1], "texture": "#7"}
			}
		},
		{
			"from": [7.4375, 0, 3.4375],
			"to": [7.5625, 1, 3.5625],
			"rotation": {"angle": 0, "axis": "y", "origin": [15, 0, 14]},
			"faces": {
				"north": {"uv": [0, 0, 1, 1], "texture": "#7"}
			}
		},
		{
			"from": [7.4375, 0, 3.4375],
			"to": [7.5625, 1, 3.5625],
			"rotation": {"angle": 0, "axis": "y", "origin": [15, 0, 14]},
			"faces": {
				"east": {"uv": [0, 0, 1, 1], "texture": "#7"}
			}
		},
		{
			"from": [6.4375, 0, 9.4375],
			"to": [6.5625, 1, 9.5625],
			"rotation": {"angle": 0, "axis": "y", "origin": [15, 0, 14]},
			"faces": {
				"up": {"uv": [7, 7, 9, 9], "rotation": 180, "texture": "#3"},
				"down": {"uv": [7, 7, 9, 9], "rotation": 180, "texture": "#3"}
			}
		},
		{
			"from": [6.4375, 0, 9.4375],
			"to": [6.5625, 1, 9.5625],
			"rotation": {"angle": 0, "axis": "y", "origin": [15, 0, 14]},
			"faces": {
				"south": {"uv": [0, 0, 1, 1], "texture": "#4"}
			}
		},
		{
			"from": [6.4375, 0, 9.4375],
			"to": [6.5625, 1, 9.5625],
			"rotation": {"angle": 0, "axis": "y", "origin": [15, 0, 14]},
			"faces": {
				"west": {"uv": [0, 0, 1, 1], "texture": "#4"}
			}
		},
		{
			"from": [6.4375, 0, 9.4375],
			"to": [6.5625, 1, 9.5625],
			"rotation": {"angle": 0, "axis": "y", "origin": [15, 0, 14]},
			"faces": {
				"north": {"uv": [0, 0, 1, 1], "texture": "#4"}
			}
		},
		{
			"from": [6.4375, 0, 9.4375],
			"to": [6.5625, 1, 9.5625],
			"rotation": {"angle": 0, "axis": "y", "origin": [15, 0, 14]},
			"faces": {
				"east": {"uv": [0, 0, 1, 1], "texture": "#4"}
			}
		},
		{
			"from": [6.4375, 0, 7.4375],
			"to": [6.5625, 1, 7.5625],
			"rotation": {"angle": 0, "axis": "y", "origin": [15, 0, 14]},
			"faces": {
				"up": {"uv": [7, 7, 9, 9], "rotation": 180, "texture": "#3"},
				"down": {"uv": [7, 7, 9, 9], "rotation": 180, "texture": "#3"}
			}
		},
		{
			"from": [6.4375, 0, 7.4375],
			"to": [6.5625, 1, 7.5625],
			"rotation": {"angle": 0, "axis": "y", "origin": [15, 0, 14]},
			"faces": {
				"south": {"uv": [0, 0, 1, 1], "texture": "#4"}
			}
		},
		{
			"from": [6.4375, 0, 7.4375],
			"to": [6.5625, 1, 7.5625],
			"rotation": {"angle": 0, "axis": "y", "origin": [15, 0, 14]},
			"faces": {
				"west": {"uv": [0, 0, 1, 1], "texture": "#4"}
			}
		},
		{
			"from": [6.4375, 0, 7.4375],
			"to": [6.5625, 1, 7.5625],
			"rotation": {"angle": 0, "axis": "y", "origin": [15, 0, 14]},
			"faces": {
				"north": {"uv": [0, 0, 1, 1], "texture": "#4"}
			}
		},
		{
			"from": [6.4375, 0, 7.4375],
			"to": [6.5625, 1, 7.5625],
			"rotation": {"angle": 0, "axis": "y", "origin": [15, 0, 14]},
			"faces": {
				"east": {"uv": [0, 0, 1, 1], "texture": "#4"}
			}
		},
		{
			"from": [6.4375, 0, 5.4375],
			"to": [6.5625, 1, 5.5625],
			"rotation": {"angle": 0, "axis": "y", "origin": [15, 0, 14]},
			"faces": {
				"up": {"uv": [7, 7, 9, 9], "rotation": 180, "texture": "#6"},
				"down": {"uv": [7, 7, 9, 9], "rotation": 180, "texture": "#6"}
			}
		},
		{
			"from": [6.4375, 0, 5.4375],
			"to": [6.5625, 1, 5.5625],
			"rotation": {"angle": 0, "axis": "y", "origin": [15, 0, 14]},
			"faces": {
				"south": {"uv": [0, 0, 1, 1], "texture": "#7"}
			}
		},
		{
			"from": [6.4375, 0, 5.4375],
			"to": [6.5625, 1, 5.5625],
			"rotation": {"angle": 0, "axis": "y", "origin": [15, 0, 14]},
			"faces": {
				"west": {"uv": [0, 0, 1, 1], "texture": "#7"}
			}
		},
		{
			"from": [6.4375, 0, 5.4375],
			"to": [6.5625, 1, 5.5625],
			"rotation": {"angle": 0, "axis": "y", "origin": [15, 0, 14]},
			"faces": {
				"north": {"uv": [0, 0, 1, 1], "texture": "#7"}
			}
		},
		{
			"from": [6.4375, 0, 5.4375],
			"to": [6.5625, 1, 5.5625],
			"rotation": {"angle": 0, "axis": "y", "origin": [15, 0, 14]},
			"faces": {
				"east": {"uv": [0, 0, 1, 1], "texture": "#7"}
			}
		},
		{
			"from": [6.4375, 0, 3.4375],
			"to": [6.5625, 1, 3.5625],
			"rotation": {"angle": 0, "axis": "y", "origin": [15, 0, 14]},
			"faces": {
				"up": {"uv": [7, 7, 9, 9], "rotation": 180, "texture": "#3"},
				"down": {"uv": [7, 7, 9, 9], "rotation": 180, "texture": "#3"}
			}
		},
		{
			"from": [6.4375, 0, 3.4375],
			"to": [6.5625, 1, 3.5625],
			"rotation": {"angle": 0, "axis": "y", "origin": [15, 0, 14]},
			"faces": {
				"south": {"uv": [0, 0, 1, 1], "texture": "#4"}
			}
		},
		{
			"from": [6.4375, 0, 3.4375],
			"to": [6.5625, 1, 3.5625],
			"rotation": {"angle": 0, "axis": "y", "origin": [15, 0, 14]},
			"faces": {
				"west": {"uv": [0, 0, 1, 1], "texture": "#4"}
			}
		},
		{
			"from": [6.4375, 0, 3.4375],
			"to": [6.5625, 1, 3.5625],
			"rotation": {"angle": 0, "axis": "y", "origin": [15, 0, 14]},
			"faces": {
				"north": {"uv": [0, 0, 1, 1], "texture": "#4"}
			}
		},
		{
			"from": [6.4375, 0, 3.4375],
			"to": [6.5625, 1, 3.5625],
			"rotation": {"angle": 0, "axis": "y", "origin": [15, 0, 14]},
			"faces": {
				"east": {"uv": [0, 0, 1, 1], "texture": "#4"}
			}
		},
		{
			"from": [5.4375, 0, 10.4375],
			"to": [5.5625, 1, 10.5625],
			"rotation": {"angle": 0, "axis": "y", "origin": [15, 0, 14]},
			"faces": {
				"up": {"uv": [7, 7, 9, 9], "rotation": 180, "texture": "#5"},
				"down": {"uv": [7, 7, 9, 9], "rotation": 180, "texture": "#5"}
			}
		},
		{
			"from": [5.4375, 0, 10.4375],
			"to": [5.5625, 1, 10.5625],
			"rotation": {"angle": 0, "axis": "y", "origin": [15, 0, 14]},
			"faces": {
				"south": {"uv": [0, 0, 1, 1], "texture": "#0"}
			}
		},
		{
			"from": [5.4375, 0, 10.4375],
			"to": [5.5625, 1, 10.5625],
			"rotation": {"angle": 0, "axis": "y", "origin": [15, 0, 14]},
			"faces": {
				"west": {"uv": [0, 0, 1, 1], "texture": "#0"}
			}
		},
		{
			"from": [5.4375, 0, 10.4375],
			"to": [5.5625, 1, 10.5625],
			"rotation": {"angle": 0, "axis": "y", "origin": [15, 0, 14]},
			"faces": {
				"north": {"uv": [0, 0, 1, 1], "texture": "#0"}
			}
		},
		{
			"from": [5.4375, 0, 10.4375],
			"to": [5.5625, 1, 10.5625],
			"rotation": {"angle": 0, "axis": "y", "origin": [15, 0, 14]},
			"faces": {
				"east": {"uv": [0, 0, 1, 1], "texture": "#0"}
			}
		},
		{
			"from": [5.4375, 0, 9.4375],
			"to": [5.5625, 1, 9.5625],
			"rotation": {"angle": 0, "axis": "y", "origin": [15, 0, 14]},
			"faces": {
				"up": {"uv": [7, 7, 9, 9], "rotation": 180, "texture": "#3"},
				"down": {"uv": [7, 7, 9, 9], "rotation": 180, "texture": "#3"}
			}
		},
		{
			"from": [5.4375, 0, 9.4375],
			"to": [5.5625, 1, 9.5625],
			"rotation": {"angle": 0, "axis": "y", "origin": [15, 0, 14]},
			"faces": {
				"south": {"uv": [0, 0, 1, 1], "texture": "#4"}
			}
		},
		{
			"from": [5.4375, 0, 9.4375],
			"to": [5.5625, 1, 9.5625],
			"rotation": {"angle": 0, "axis": "y", "origin": [15, 0, 14]},
			"faces": {
				"west": {"uv": [0, 0, 1, 1], "texture": "#4"}
			}
		},
		{
			"from": [5.4375, 0, 9.4375],
			"to": [5.5625, 1, 9.5625],
			"rotation": {"angle": 0, "axis": "y", "origin": [15, 0, 14]},
			"faces": {
				"north": {"uv": [0, 0, 1, 1], "texture": "#4"}
			}
		},
		{
			"from": [5.4375, 0, 9.4375],
			"to": [5.5625, 1, 9.5625],
			"rotation": {"angle": 0, "axis": "y", "origin": [15, 0, 14]},
			"faces": {
				"east": {"uv": [0, 0, 1, 1], "texture": "#4"}
			}
		},
		{
			"from": [5.4375, 0, 4.4375],
			"to": [5.5625, 1, 4.5625],
			"rotation": {"angle": 0, "axis": "y", "origin": [15, 0, 14]},
			"faces": {
				"up": {"uv": [7, 7, 9, 9], "rotation": 180, "texture": "#6"},
				"down": {"uv": [7, 7, 9, 9], "rotation": 180, "texture": "#6"}
			}
		},
		{
			"from": [5.4375, 0, 4.4375],
			"to": [5.5625, 1, 4.5625],
			"rotation": {"angle": 0, "axis": "y", "origin": [15, 0, 14]},
			"faces": {
				"south": {"uv": [0, 0, 1, 1], "texture": "#7"}
			}
		},
		{
			"from": [5.4375, 0, 4.4375],
			"to": [5.5625, 1, 4.5625],
			"rotation": {"angle": 0, "axis": "y", "origin": [15, 0, 14]},
			"faces": {
				"west": {"uv": [0, 0, 1, 1], "texture": "#7"}
			}
		},
		{
			"from": [5.4375, 0, 4.4375],
			"to": [5.5625, 1, 4.5625],
			"rotation": {"angle": 0, "axis": "y", "origin": [15, 0, 14]},
			"faces": {
				"north": {"uv": [0, 0, 1, 1], "texture": "#7"}
			}
		},
		{
			"from": [5.4375, 0, 4.4375],
			"to": [5.5625, 1, 4.5625],
			"rotation": {"angle": 0, "axis": "y", "origin": [15, 0, 14]},
			"faces": {
				"east": {"uv": [0, 0, 1, 1], "texture": "#7"}
			}
		},
		{
			"from": [5.4375, 0, 3.4375],
			"to": [5.5625, 1, 3.5625],
			"rotation": {"angle": 0, "axis": "y", "origin": [15, 0, 14]},
			"faces": {
				"up": {"uv": [7, 7, 9, 9], "rotation": 180, "texture": "#5"},
				"down": {"uv": [7, 7, 9, 9], "rotation": 180, "texture": "#5"}
			}
		},
		{
			"from": [5.4375, 0, 3.4375],
			"to": [5.5625, 1, 3.5625],
			"rotation": {"angle": 0, "axis": "y", "origin": [15, 0, 14]},
			"faces": {
				"south": {"uv": [0, 0, 1, 1], "texture": "#0"}
			}
		},
		{
			"from": [5.4375, 0, 3.4375],
			"to": [5.5625, 1, 3.5625],
			"rotation": {"angle": 0, "axis": "y", "origin": [15, 0, 14]},
			"faces": {
				"west": {"uv": [0, 0, 1, 1], "texture": "#0"}
			}
		},
		{
			"from": [5.4375, 0, 3.4375],
			"to": [5.5625, 1, 3.5625],
			"rotation": {"angle": 0, "axis": "y", "origin": [15, 0, 14]},
			"faces": {
				"north": {"uv": [0, 0, 1, 1], "texture": "#0"}
			}
		},
		{
			"from": [5.4375, 0, 3.4375],
			"to": [5.5625, 1, 3.5625],
			"rotation": {"angle": 0, "axis": "y", "origin": [15, 0, 14]},
			"faces": {
				"east": {"uv": [0, 0, 1, 1], "texture": "#0"}
			}
		},
		{
			"from": [4.4375, 0, 6.4375],
			"to": [4.5625, 1, 6.5625],
			"rotation": {"angle": 0, "axis": "y", "origin": [15, 0, 14]},
			"faces": {
				"up": {"uv": [7, 7, 9, 9], "rotation": 180, "texture": "#6"},
				"down": {"uv": [7, 7, 9, 9], "rotation": 180, "texture": "#6"}
			}
		},
		{
			"from": [4.4375, 0, 6.4375],
			"to": [4.5625, 1, 6.5625],
			"rotation": {"angle": 0, "axis": "y", "origin": [15, 0, 14]},
			"faces": {
				"south": {"uv": [0, 0, 1, 1], "texture": "#7"}
			}
		},
		{
			"from": [4.4375, 0, 6.4375],
			"to": [4.5625, 1, 6.5625],
			"rotation": {"angle": 0, "axis": "y", "origin": [15, 0, 14]},
			"faces": {
				"west": {"uv": [0, 0, 1, 1], "texture": "#7"}
			}
		},
		{
			"from": [4.4375, 0, 6.4375],
			"to": [4.5625, 1, 6.5625],
			"rotation": {"angle": 0, "axis": "y", "origin": [15, 0, 14]},
			"faces": {
				"north": {"uv": [0, 0, 1, 1], "texture": "#7"}
			}
		},
		{
			"from": [4.4375, 0, 6.4375],
			"to": [4.5625, 1, 6.5625],
			"rotation": {"angle": 0, "axis": "y", "origin": [15, 0, 14]},
			"faces": {
				"east": {"uv": [0, 0, 1, 1], "texture": "#7"}
			}
		},
		{
			"from": [4.4375, 0, 5.4375],
			"to": [4.5625, 1, 5.5625],
			"rotation": {"angle": 0, "axis": "y", "origin": [15, 0, 14]},
			"faces": {
				"up": {"uv": [7, 7, 9, 9], "rotation": 180, "texture": "#5"},
				"down": {"uv": [7, 7, 9, 9], "rotation": 180, "texture": "#5"}
			}
		},
		{
			"from": [4.4375, 0, 5.4375],
			"to": [4.5625, 1, 5.5625],
			"rotation": {"angle": 0, "axis": "y", "origin": [15, 0, 14]},
			"faces": {
				"south": {"uv": [0, 0, 1, 1], "texture": "#0"}
			}
		},
		{
			"from": [4.4375, 0, 5.4375],
			"to": [4.5625, 1, 5.5625],
			"rotation": {"angle": 0, "axis": "y", "origin": [15, 0, 14]},
			"faces": {
				"west": {"uv": [0, 0, 1, 1], "texture": "#0"}
			}
		},
		{
			"from": [4.4375, 0, 5.4375],
			"to": [4.5625, 1, 5.5625],
			"rotation": {"angle": 0, "axis": "y", "origin": [15, 0, 14]},
			"faces": {
				"north": {"uv": [0, 0, 1, 1], "texture": "#0"}
			}
		},
		{
			"from": [4.4375, 0, 5.4375],
			"to": [4.5625, 1, 5.5625],
			"rotation": {"angle": 0, "axis": "y", "origin": [15, 0, 14]},
			"faces": {
				"east": {"uv": [0, 0, 1, 1], "texture": "#0"}
			}
		},
		{
			"from": [4.4375, 0, 4.4375],
			"to": [4.5625, 1, 4.5625],
			"rotation": {"angle": 0, "axis": "y", "origin": [15, 0, 14]},
			"faces": {
				"up": {"uv": [7, 7, 9, 9], "rotation": 180, "texture": "#3"},
				"down": {"uv": [7, 7, 9, 9], "rotation": 180, "texture": "#3"}
			}
		},
		{
			"from": [4.4375, 0, 4.4375],
			"to": [4.5625, 1, 4.5625],
			"rotation": {"angle": 0, "axis": "y", "origin": [15, 0, 14]},
			"faces": {
				"south": {"uv": [0, 0, 1, 1], "texture": "#4"}
			}
		},
		{
			"from": [4.4375, 0, 4.4375],
			"to": [4.5625, 1, 4.5625],
			"rotation": {"angle": 0, "axis": "y", "origin": [15, 0, 14]},
			"faces": {
				"west": {"uv": [0, 0, 1, 1], "texture": "#4"}
			}
		},
		{
			"from": [4.4375, 0, 4.4375],
			"to": [4.5625, 1, 4.5625],
			"rotation": {"angle": 0, "axis": "y", "origin": [15, 0, 14]},
			"faces": {
				"north": {"uv": [0, 0, 1, 1], "texture": "#4"}
			}
		},
		{
			"from": [4.4375, 0, 4.4375],
			"to": [4.5625, 1, 4.5625],
			"rotation": {"angle": 0, "axis": "y", "origin": [15, 0, 14]},
			"faces": {
				"east": {"uv": [0, 0, 1, 1], "texture": "#4"}
			}
		},
		{
			"from": [3.4375, 0, 8.4375],
			"to": [3.5625, 1, 8.5625],
			"rotation": {"angle": 0, "axis": "y", "origin": [15, 0, 14]},
			"faces": {
				"up": {"uv": [7, 7, 9, 9], "rotation": 180, "texture": "#5"},
				"down": {"uv": [7, 7, 9, 9], "rotation": 180, "texture": "#5"}
			}
		},
		{
			"from": [3.4375, 0, 8.4375],
			"to": [3.5625, 1, 8.5625],
			"rotation": {"angle": 0, "axis": "y", "origin": [15, 0, 14]},
			"faces": {
				"south": {"uv": [0, 0, 1, 1], "texture": "#0"}
			}
		},
		{
			"from": [3.4375, 0, 8.4375],
			"to": [3.5625, 1, 8.5625],
			"rotation": {"angle": 0, "axis": "y", "origin": [15, 0, 14]},
			"faces": {
				"west": {"uv": [0, 0, 1, 1], "texture": "#0"}
			}
		},
		{
			"from": [3.4375, 0, 8.4375],
			"to": [3.5625, 1, 8.5625],
			"rotation": {"angle": 0, "axis": "y", "origin": [15, 0, 14]},
			"faces": {
				"north": {"uv": [0, 0, 1, 1], "texture": "#0"}
			}
		},
		{
			"from": [3.4375, 0, 8.4375],
			"to": [3.5625, 1, 8.5625],
			"rotation": {"angle": 0, "axis": "y", "origin": [15, 0, 14]},
			"faces": {
				"east": {"uv": [0, 0, 1, 1], "texture": "#0"}
			}
		},
		{
			"from": [3.4375, 0, 7.4375],
			"to": [3.5625, 1, 7.5625],
			"rotation": {"angle": 0, "axis": "y", "origin": [15, 0, 14]},
			"faces": {
				"up": {"uv": [7, 7, 9, 9], "rotation": 180, "texture": "#6"},
				"down": {"uv": [7, 7, 9, 9], "rotation": 180, "texture": "#6"}
			}
		},
		{
			"from": [3.4375, 0, 7.4375],
			"to": [3.5625, 1, 7.5625],
			"rotation": {"angle": 0, "axis": "y", "origin": [15, 0, 14]},
			"faces": {
				"south": {"uv": [0, 0, 1, 1], "texture": "#7"}
			}
		},
		{
			"from": [3.4375, 0, 7.4375],
			"to": [3.5625, 1, 7.5625],
			"rotation": {"angle": 0, "axis": "y", "origin": [15, 0, 14]},
			"faces": {
				"west": {"uv": [0, 0, 1, 1], "texture": "#7"}
			}
		},
		{
			"from": [3.4375, 0, 7.4375],
			"to": [3.5625, 1, 7.5625],
			"rotation": {"angle": 0, "axis": "y", "origin": [15, 0, 14]},
			"faces": {
				"north": {"uv": [0, 0, 1, 1], "texture": "#7"}
			}
		},
		{
			"from": [3.4375, 0, 7.4375],
			"to": [3.5625, 1, 7.5625],
			"rotation": {"angle": 0, "axis": "y", "origin": [15, 0, 14]},
			"faces": {
				"east": {"uv": [0, 0, 1, 1], "texture": "#7"}
			}
		},
		{
			"from": [3.4375, 0, 6.4375],
			"to": [3.5625, 1, 6.5625],
			"rotation": {"angle": 0, "axis": "y", "origin": [15, 0, 14]},
			"faces": {
				"up": {"uv": [7, 7, 9, 9], "rotation": 180, "texture": "#3"},
				"down": {"uv": [7, 7, 9, 9], "rotation": 180, "texture": "#3"}
			}
		},
		{
			"from": [3.4375, 0, 6.4375],
			"to": [3.5625, 1, 6.5625],
			"rotation": {"angle": 0, "axis": "y", "origin": [15, 0, 14]},
			"faces": {
				"south": {"uv": [0, 0, 1, 1], "texture": "#4"}
			}
		},
		{
			"from": [3.4375, 0, 6.4375],
			"to": [3.5625, 1, 6.5625],
			"rotation": {"angle": 0, "axis": "y", "origin": [15, 0, 14]},
			"faces": {
				"west": {"uv": [0, 0, 1, 1], "texture": "#4"}
			}
		},
		{
			"from": [3.4375, 0, 6.4375],
			"to": [3.5625, 1, 6.5625],
			"rotation": {"angle": 0, "axis": "y", "origin": [15, 0, 14]},
			"faces": {
				"north": {"uv": [0, 0, 1, 1], "texture": "#4"}
			}
		},
		{
			"from": [3.4375, 0, 6.4375],
			"to": [3.5625, 1, 6.5625],
			"rotation": {"angle": 0, "axis": "y", "origin": [15, 0, 14]},
			"faces": {
				"east": {"uv": [0, 0, 1, 1], "texture": "#4"}
			}
		}
	]
}