{
	"textures": {
		"0": "animated_java:item/door_7x7/door"
	},
	"display": {
		"head": {
			"rotation": [0, 180, 0]
		}
	},
	"elements": [
		{
			"from": [-16, 8.09148, 8],
			"to": [7.89679, 27.20892, 8],
			"rotation": {
				"angle": 45,
				"axis": "z",
				"origin": [8.19914, 8.19914, 8]
			},
			"faces": {
				"north": {
					"uv": [0, 0, 15, 12],
					"rotation": 180,
					"texture": "#0"
				},
				"south": {
					"uv": [15, 0, 0, 12],
					"rotation": 180,
					"texture": "#0"
				}
			}
		}
	]
}