{
	"textures": {
		"0": "animated_java:item/jak/player"
	},
	"display": {
		"head": {
			"rotation": [0, 180, 0]
		}
	},
	"elements": [
		{
			"from": [6, 7, 7],
			"to": [10, 9, 9],
			"rotation": {
				"angle": 0,
				"axis": "y",
				"origin": [8, 8, 8]
			},
			"faces": {
				"north": {
					"uv": [3.25, 3.25, 5.25, 4.25],
					"texture": "#0"
				},
				"east": {
					"uv": [5.25, 3.25, 6.25, 4.25],
					"texture": "#0"
				},
				"south": {
					"uv": [3.25, 3.25, 5.25, 4.25],
					"texture": "#0"
				},
				"west": {
					"uv": [5.25, 3.25, 6.25, 4.25],
					"texture": "#0"
				},
				"up": {
					"uv": [0, 0, 2, 1],
					"texture": "#0"
				},
				"down": {
					"uv": [0, 0, 2, 1],
					"texture": "#0"
				}
			}
		},
		{
			"from": [5.5, 9, 7],
			"to": [10.5, 10, 9],
			"rotation": {
				"angle": 0,
				"axis": "y",
				"origin": [8, 8, 8]
			},
			"faces": {
				"north": {
					"uv": [3, 2.75, 5.5, 3.25],
					"texture": "#0"
				},
				"east": {
					"uv": [7, 1.5, 8, 3.75],
					"rotation": 90,
					"texture": "#0"
				},
				"south": {
					"uv": [3, 2.75, 5.5, 3.25],
					"texture": "#0"
				},
				"west": {
					"uv": [7, 1.5, 8, 3.75],
					"rotation": 90,
					"texture": "#0"
				},
				"up": {
					"uv": [0, 0, 2, 1],
					"texture": "#0"
				},
				"down": {
					"uv": [8, 2.75, 10, 3.75],
					"texture": "#0"
				}
			}
		},
		{
			"from": [5, 10, 7],
			"to": [11, 13, 9],
			"rotation": {
				"angle": 0,
				"axis": "y",
				"origin": [8, 9, 8]
			},
			"faces": {
				"north": {
					"uv": [2.75, 1.25, 5.75, 2.75],
					"texture": "#0"
				},
				"east": {
					"uv": [0, 0, 1, 3],
					"texture": "#0"
				},
				"south": {
					"uv": [2.75, 1.25, 5.75, 2.75],
					"texture": "#0"
				},
				"west": {
					"uv": [0, 0, 1, 3],
					"texture": "#0"
				},
				"up": {
					"uv": [6.25, 3.75, 8.25, 4.75],
					"texture": "#0"
				},
				"down": {
					"uv": [6.25, 3.75, 8.25, 4.75],
					"texture": "#0"
				}
			}
		},
		{
			"from": [5.75, 13, 7],
			"to": [10.25, 13.5, 9],
			"rotation": {
				"angle": 0,
				"axis": "y",
				"origin": [8, 9, 8]
			},
			"faces": {
				"north": {
					"uv": [3.25, 4.25, 5.5, 4.5],
					"texture": "#0"
				},
				"east": {
					"uv": [0, 0, 1, 3],
					"texture": "#0"
				},
				"south": {
					"uv": [3.25, 4.25, 5.5, 4.5],
					"texture": "#0"
				},
				"west": {
					"uv": [0, 0, 1, 3],
					"texture": "#0"
				},
				"up": {
					"uv": [6.25, 3.75, 8.25, 4.75],
					"texture": "#0"
				},
				"down": {
					"uv": [0, 0, 2, 1],
					"texture": "#0"
				}
			}
		},
		{
			"from": [7.25, 13.5, 7.5],
			"to": [8.75, 14, 8.5],
			"rotation": {
				"angle": 0,
				"axis": "y",
				"origin": [8, 9, 8]
			},
			"faces": {
				"north": {
					"uv": [3.25, 4.25, 5.5, 4.5],
					"texture": "#0"
				},
				"east": {
					"uv": [0, 0, 1, 3],
					"texture": "#0"
				},
				"south": {
					"uv": [0, 0, 2, 3],
					"texture": "#0"
				},
				"west": {
					"uv": [0, 0, 1, 3],
					"texture": "#0"
				},
				"up": {
					"uv": [0, 0, 2, 1],
					"texture": "#0"
				},
				"down": {
					"uv": [0, 0, 2, 1],
					"texture": "#0"
				}
			}
		},
		{
			"from": [5.75, 6, 6.75],
			"to": [10.25, 7, 9.25],
			"rotation": {
				"angle": 0,
				"axis": "y",
				"origin": [8, 8, 8]
			},
			"faces": {
				"north": {
					"uv": [2.75, 0.25, 5, 0.75],
					"texture": "#0"
				},
				"east": {
					"uv": [2.75, 0.75, 4, 1.25],
					"texture": "#0"
				},
				"south": {
					"uv": [2.75, 0.25, 5, 0.75],
					"texture": "#0"
				},
				"west": {
					"uv": [2.75, 0.75, 4, 1.25],
					"texture": "#0"
				},
				"up": {
					"uv": [5, 0.25, 7.25, 1.5],
					"texture": "#0"
				},
				"down": {
					"uv": [5, 0.25, 7.25, 1.5],
					"texture": "#0"
				}
			}
		}
	]
}