{
	"textures": {
		"0": "animated_java:item/jak/player"
	},
	"display": {
		"head": {
			"rotation": [0, 180, 0]
		}
	},
	"elements": [
		{
			"from": [4, 11, 7],
			"to": [6, 12.5, 9],
			"rotation": {
				"angle": 22.5,
				"axis": "z",
				"origin": [5, 11.5, 8]
			},
			"faces": {
				"north": {
					"uv": [16, 3.75, 15, 4.5],
					"texture": "#0"
				},
				"east": {
					"uv": [1, 0, 0, 0.75],
					"texture": "#0"
				},
				"south": {
					"uv": [16, 7.25, 15, 8],
					"texture": "#0"
				},
				"west": {
					"uv": [16, 6.5, 15, 7.25],
					"texture": "#0"
				},
				"up": {
					"uv": [15, 6.5, 16, 5.5],
					"texture": "#0"
				},
				"down": {
					"uv": [15, 5.5, 16, 4.5],
					"texture": "#0"
				}
			}
		}
	]
}