{
	"textures": {
		"0": "animated_java:item/jak/player"
	},
	"display": {
		"head": {
			"rotation": [0, 180, 0]
		}
	},
	"elements": [
		{
			"from": [5.9125, 13, 6.5],
			"to": [10.125, 14, 9.75],
			"rotation": {
				"angle": 0,
				"axis": "y",
				"origin": [8, 8, 7.75]
			},
			"faces": {
				"north": {
					"uv": [4.5, 4.75, 6.60625, 5.25],
					"texture": "#0"
				},
				"east": {
					"uv": [4.5, 6.25, 6.125, 6.75],
					"texture": "#0"
				},
				"south": {
					"uv": [4.5, 5.75, 6.60625, 6.25],
					"texture": "#0"
				},
				"west": {
					"uv": [4.5, 5.25, 6.125, 5.75],
					"texture": "#0"
				},
				"up": {
					"uv": [6.75, 4.75, 8.85625, 6.375],
					"texture": "#0"
				},
				"down": {
					"uv": [6.75, 4.75, 8.85625, 6.375],
					"texture": "#0"
				}
			}
		},
		{
			"from": [8.4125, 12.75, 5.5],
			"to": [9.9125, 14.25, 6.5],
			"rotation": {
				"angle": 0,
				"axis": "y",
				"origin": [9, 8.25, 7.75]
			},
			"faces": {
				"north": {
					"uv": [3, 4.5, 4.5, 6],
					"texture": "#0"
				},
				"east": {
					"uv": [2.5, 5.25, 3, 6],
					"texture": "#0"
				},
				"south": {
					"uv": [1, 5.25, 1.75, 6],
					"texture": "#0"
				},
				"west": {
					"uv": [2.5, 4.5, 3, 5.25],
					"texture": "#0"
				},
				"up": {
					"uv": [1.75, 5, 2.5, 5.5],
					"texture": "#0"
				},
				"down": {
					"uv": [1.75, 4.5, 2.5, 5],
					"texture": "#0"
				}
			}
		},
		{
			"from": [6.1625, 13, 5.5],
			"to": [7.1625, 14, 6.5],
			"rotation": {
				"angle": 0,
				"axis": "y",
				"origin": [6.5, 8.25, 7.75]
			},
			"faces": {
				"north": {
					"uv": [6.75, 4.75, 7.75, 5.75],
					"texture": "#0"
				},
				"east": {
					"uv": [6.25, 5.25, 6.75, 5.75],
					"texture": "#0"
				},
				"south": {
					"uv": [8.25, 5.25, 8.75, 5.75],
					"texture": "#0"
				},
				"west": {
					"uv": [8.25, 4.75, 8.75, 5.25],
					"texture": "#0"
				},
				"up": {
					"uv": [7.75, 5.25, 8.25, 5.75],
					"texture": "#0"
				},
				"down": {
					"uv": [7.75, 4.75, 8.25, 5.25],
					"texture": "#0"
				}
			}
		}
	]
}