{
	"textures": {
		"0": "animated_java:item/jak/player"
	},
	"display": {
		"head": {
			"rotation": [0, 180, 0]
		}
	},
	"elements": [
		{
			"from": [8.15, 7.75, 7.25],
			"to": [9.65, 8.75, 8.75],
			"rotation": {
				"angle": 0,
				"axis": "y",
				"origin": [8.9, 8.5, 8]
			},
			"faces": {
				"north": {
					"uv": [14.5, 1.25, 13.75, 1.75],
					"texture": "#0"
				},
				"east": {
					"uv": [14.5, 1.25, 13.75, 1.75],
					"texture": "#0"
				},
				"south": {
					"uv": [14.5, 1.25, 13.75, 1.75],
					"texture": "#0"
				},
				"west": {
					"uv": [14.5, 1.25, 13.75, 1.75],
					"texture": "#0"
				},
				"up": {
					"uv": [13.75, 1.25, 13, 2],
					"texture": "#0"
				},
				"down": {
					"uv": [13.75, 1.25, 13, 2],
					"texture": "#0"
				}
			}
		},
		{
			"from": [7.9625, 6.5, 7.0625],
			"to": [9.8375, 7.75, 8.9375],
			"rotation": {
				"angle": 0,
				"axis": "y",
				"origin": [8.9, 8.5, 8]
			},
			"faces": {
				"north": {
					"uv": [12.9375, 2, 12, 2.625],
					"texture": "#0"
				},
				"east": {
					"uv": [12.9375, 2, 12, 2.625],
					"texture": "#0"
				},
				"south": {
					"uv": [12.9375, 2, 12, 2.625],
					"texture": "#0"
				},
				"west": {
					"uv": [12.9375, 1.25, 12, 1.875],
					"texture": "#0"
				},
				"up": {
					"uv": [11.9375, 1.25, 11, 2.1875],
					"texture": "#0"
				},
				"down": {
					"uv": [11.9375, 1.25, 11, 2.1875],
					"texture": "#0"
				}
			}
		},
		{
			"from": [8.15, 5.25, 7.25],
			"to": [9.65, 6.5, 8.75],
			"rotation": {
				"angle": 0,
				"axis": "y",
				"origin": [8.9, 7.25, 8]
			},
			"faces": {
				"north": {
					"uv": [12.9375, 2, 12, 2.625],
					"texture": "#0"
				},
				"east": {
					"uv": [12.9375, 2, 12, 2.625],
					"texture": "#0"
				},
				"south": {
					"uv": [12.9375, 2, 12, 2.625],
					"texture": "#0"
				},
				"west": {
					"uv": [12.75, 1.25, 12, 1.875],
					"texture": "#0"
				},
				"up": {
					"uv": [11.75, 1.25, 11, 2],
					"texture": "#0"
				},
				"down": {
					"uv": [11.75, 1.25, 11, 2],
					"texture": "#0"
				}
			}
		},
		{
			"from": [8.4, 4, 7.5],
			"to": [9.4, 5.25, 8.5],
			"rotation": {
				"angle": 0,
				"axis": "y",
				"origin": [8.9, 6, 8]
			},
			"faces": {
				"north": {
					"uv": [12.75, 1.25, 12, 1.875],
					"texture": "#0"
				},
				"east": {
					"uv": [12.75, 1.25, 12, 1.875],
					"texture": "#0"
				},
				"south": {
					"uv": [12.75, 1.25, 12, 1.875],
					"texture": "#0"
				},
				"west": {
					"uv": [12.75, 1.25, 12, 1.875],
					"texture": "#0"
				},
				"up": {
					"uv": [11.75, 1.25, 11, 2],
					"texture": "#0"
				},
				"down": {
					"uv": [11.75, 1.25, 11, 2],
					"texture": "#0"
				}
			}
		},
		{
			"from": [7.15, 4.5, 7.25],
			"to": [9.15, 4.75, 8.75],
			"rotation": {
				"angle": 22.5,
				"axis": "z",
				"origin": [8.15, 6.25, 8]
			},
			"faces": {
				"north": {
					"uv": [16, 2.25, 15.125, 2.375],
					"texture": "#0"
				},
				"east": {
					"uv": [16, 2.25, 15.125, 2.375],
					"texture": "#0"
				},
				"south": {
					"uv": [16, 2.25, 15.125, 2.375],
					"texture": "#0"
				},
				"west": {
					"uv": [16, 2.25, 15.125, 2.375],
					"texture": "#0"
				},
				"up": {
					"uv": [15.125, 2, 14.25, 2.75],
					"texture": "#0"
				},
				"down": {
					"uv": [15.125, 2, 14.25, 2.75],
					"texture": "#0"
				}
			}
		}
	]
}