{
	"textures": {
		"0": "animated_java:item/jak/player"
	},
	"display": {
		"head": {
			"rotation": [0, 180, 0]
		}
	},
	"elements": [
		{
			"from": [7, 4.6875, 7.25],
			"to": [8.5, 7.3125, 8.75],
			"rotation": {
				"angle": 0,
				"axis": "y",
				"origin": [8.75, 8.6875, 8]
			},
			"faces": {
				"north": {
					"uv": [16, 0.75, 15.25, 2.0625],
					"texture": "#0"
				},
				"east": {
					"uv": [16, 0.75, 15.25, 2.0625],
					"texture": "#0"
				},
				"south": {
					"uv": [16, 0.75, 15.25, 2.0625],
					"texture": "#0"
				},
				"west": {
					"uv": [16, 0.75, 15.25, 2.0625],
					"texture": "#0"
				},
				"up": {
					"uv": [15.25, 1.25, 14.5, 2],
					"texture": "#0"
				},
				"down": {
					"uv": [15.25, 1.25, 14.5, 2],
					"texture": "#0"
				}
			}
		},
		{
			"from": [6.4375, 6.125, 7.25],
			"to": [7.875, 8.3125, 8.75],
			"rotation": {
				"angle": -45,
				"axis": "z",
				"origin": [8.125, 6.0625, 8]
			},
			"faces": {
				"north": {
					"uv": [14.71875, 0, 14, 1.09375],
					"texture": "#0"
				},
				"east": {
					"uv": [14, 0, 13.25, 1.09375],
					"texture": "#0"
				},
				"south": {
					"uv": [14.71875, 0, 14, 1.09375],
					"texture": "#0"
				},
				"west": {
					"uv": [14, 0, 13.25, 1.09375],
					"texture": "#0"
				},
				"up": {
					"uv": [15.46875, 0, 14.75, 0.75],
					"texture": "#0"
				},
				"down": {
					"uv": [15.46875, 0, 14.75, 0.75],
					"texture": "#0"
				}
			}
		}
	]
}