{
	"textures": {
		"0": "animated_java:item/jak/player"
	},
	"display": {
		"head": {
			"rotation": [0, 180, 0]
		}
	},
	"elements": [
		{
			"from": [7, 2, 7],
			"to": [9, 8, 9],
			"rotation": {
				"angle": 0,
				"axis": "z",
				"origin": [8, 6, 8]
			},
			"faces": {
				"north": {
					"uv": [0, 4.5, 1, 7.5],
					"texture": "#0"
				},
				"east": {
					"uv": [0, 4.5, 1, 7.5],
					"texture": "#0"
				},
				"south": {
					"uv": [0, 4.5, 1, 7.5],
					"texture": "#0"
				},
				"west": {
					"uv": [0, 4.5, 1, 7.5],
					"texture": "#0"
				},
				"up": {
					"uv": [0, 0, 1, 1],
					"texture": "#0"
				},
				"down": {
					"uv": [0, 3.5, 1, 4.5],
					"texture": "#0"
				}
			}
		},
		{
			"from": [6.75, 4, 6.5],
			"to": [8.75, 8.25, 9.25],
			"rotation": {
				"angle": 0,
				"axis": "y",
				"origin": [8, 6, 8]
			},
			"faces": {
				"north": {
					"uv": [0, 1.5, 1, 3.625],
					"texture": "#0"
				},
				"east": {
					"uv": [0, 0, 1.375, 2.125],
					"texture": "#0"
				},
				"south": {
					"uv": [0, 0, 1, 2.125],
					"texture": "#0"
				},
				"west": {
					"uv": [1, 2.25, 2.375, 4.375],
					"texture": "#0"
				},
				"up": {
					"uv": [0, 0, 1, 1.375],
					"texture": "#0"
				},
				"down": {
					"uv": [0, 0, 1, 1.375],
					"texture": "#0"
				}
			}
		},
		{
			"from": [6.5, 3.9375, 6.25],
			"to": [8.75, 4.5, 9.5],
			"rotation": {
				"angle": 0,
				"axis": "y",
				"origin": [8, 6, 8]
			},
			"faces": {
				"north": {
					"uv": [2.75, 0, 4.375, 0.25],
					"texture": "#0"
				},
				"east": {
					"uv": [2.75, 0, 4.375, 0.25],
					"texture": "#0"
				},
				"south": {
					"uv": [2.75, 0, 4.375, 0.25],
					"texture": "#0"
				},
				"west": {
					"uv": [2.75, 0, 4.375, 0.25],
					"texture": "#0"
				},
				"up": {
					"uv": [1.5, 0.25, 2.625, 1.875],
					"texture": "#0"
				},
				"down": {
					"uv": [5.8125, 1.5, 6.9375, 3.125],
					"texture": "#0"
				}
			}
		}
	]
}