{
	"textures": {
		"0": "animated_java:item/jak/player"
	},
	"display": {
		"head": {
			"rotation": [0, 180, 0]
		}
	},
	"elements": [
		{
			"from": [6.75, 6.5, 7.3],
			"to": [7.25, 10.5, 8.7],
			"rotation": {
				"angle": 0,
				"axis": "z",
				"origin": [7.75, 8.25, 8]
			},
			"faces": {
				"north": {
					"uv": [14, 4.5, 14.25, 6.5],
					"texture": "#0"
				},
				"east": {
					"uv": [12.75, 1.25, 13.45, 3.25],
					"texture": "#0"
				},
				"south": {
					"uv": [14, 4.5, 14.25, 6.5],
					"texture": "#0"
				},
				"west": {
					"uv": [14.25, 4.5, 14.95, 6.5],
					"texture": "#0"
				},
				"up": {
					"uv": [14.5, 6.5, 14.75, 7.2],
					"texture": "#0"
				},
				"down": {
					"uv": [14.5, 6.5, 14.75, 7.2],
					"texture": "#0"
				}
			}
		},
		{
			"from": [6.75, 8.5, 7.3],
			"to": [7.25, 10.5, 7.7],
			"rotation": {
				"angle": -22.5,
				"axis": "y",
				"origin": [7.75, 8.25, 8]
			},
			"faces": {
				"north": {
					"uv": [14.75, 6.5, 14.95, 7.5],
					"texture": "#0"
				},
				"east": {
					"uv": [14.75, 6.5, 14.95, 7.5],
					"texture": "#0"
				},
				"south": {
					"uv": [14.75, 6.5, 14.95, 7.5],
					"texture": "#0"
				},
				"west": {
					"uv": [14.75, 6.5, 14.95, 7.5],
					"texture": "#0"
				},
				"up": {
					"uv": [14.75, 7.75, 15, 7.95],
					"texture": "#0"
				},
				"down": {
					"uv": [14.75, 7.75, 15, 7.95],
					"texture": "#0"
				}
			}
		},
		{
			"from": [6.75, 8.5, 8.3],
			"to": [7.25, 10.5, 8.7],
			"rotation": {
				"angle": 22.5,
				"axis": "y",
				"origin": [7.75, 8.25, 8]
			},
			"faces": {
				"north": {
					"uv": [14.75, 6.5, 14.95, 7.5],
					"texture": "#0"
				},
				"east": {
					"uv": [14.75, 6.5, 14.95, 7.5],
					"texture": "#0"
				},
				"south": {
					"uv": [14.75, 6.5, 14.95, 7.5],
					"texture": "#0"
				},
				"west": {
					"uv": [14.75, 6.5, 14.95, 7.5],
					"texture": "#0"
				},
				"up": {
					"uv": [14.75, 7.75, 15, 7.95],
					"texture": "#0"
				},
				"down": {
					"uv": [14.75, 7.75, 15, 7.95],
					"texture": "#0"
				}
			}
		}
	]
}