{
	"textures": {
		"0": "animated_java:item/jak/player"
	},
	"display": {
		"head": {
			"rotation": [0, 180, 0]
		}
	},
	"elements": [
		{
			"from": [4, 11, 7],
			"to": [6, 12.5, 9],
			"rotation": {
				"angle": 22.5,
				"axis": "z",
				"origin": [5, 11.5, 8]
			},
			"faces": {
				"north": {
					"uv": [14, 2.75, 15, 3.5],
					"texture": "#0"
				},
				"east": {
					"uv": [0, 0, 1, 0.75],
					"texture": "#0"
				},
				"south": {
					"uv": [14, 2.75, 14.75, 3.75],
					"rotation": 90,
					"texture": "#0"
				},
				"west": {
					"uv": [0, 0, 1, 0.75],
					"texture": "#0"
				},
				"up": {
					"uv": [15, 2.75, 16, 3.75],
					"texture": "#0"
				},
				"down": {
					"uv": [0, 0, 1, 1],
					"texture": "#0"
				}
			}
		},
		{
			"from": [5.5625, 11.3125, 6.9375],
			"to": [6.3125, 12.8125, 9.0625],
			"rotation": {
				"angle": 0,
				"axis": "z",
				"origin": [5, 11.8125, 8]
			},
			"faces": {
				"north": {
					"uv": [11.5, 2.5, 11.875, 3.25],
					"texture": "#0"
				},
				"east": {
					"uv": [12, 2.75, 13.0625, 3.5],
					"texture": "#0"
				},
				"south": {
					"uv": [11.5, 2.5, 11.875, 3.25],
					"texture": "#0"
				},
				"west": {
					"uv": [12, 2.75, 13.0625, 3.5],
					"texture": "#0"
				},
				"up": {
					"uv": [11.5, 2.5, 11.875, 3.5625],
					"texture": "#0"
				},
				"down": {
					"uv": [11.5, 2.5, 11.875, 3.5625],
					"texture": "#0"
				}
			}
		},
		{
			"from": [2, 12, 7],
			"to": [4, 12.5, 9],
			"rotation": {
				"angle": -45,
				"axis": "z",
				"origin": [3, 11.5, 8]
			},
			"faces": {
				"north": {
					"uv": [12, 4.75, 13, 5],
					"texture": "#0"
				},
				"east": {
					"uv": [12, 4.5, 13, 4.75],
					"texture": "#0"
				},
				"south": {
					"uv": [12, 4.75, 13, 5],
					"texture": "#0"
				},
				"west": {
					"uv": [12, 4.5, 13, 4.75],
					"texture": "#0"
				},
				"up": {
					"uv": [12, 3.5, 13, 4.5],
					"texture": "#0"
				},
				"down": {
					"uv": [12, 3.5, 13, 4.5],
					"texture": "#0"
				}
			}
		}
	]
}