{
	"textures": {
		"0": "animated_java:item/jak/player"
	},
	"display": {
		"head": {
			"rotation": [0, 180, 0]
		}
	},
	"elements": [
		{
			"from": [7.25, 4.5, 7],
			"to": [8.5, 6.75, 8.75],
			"rotation": {
				"angle": 0,
				"axis": "y",
				"origin": [8, 8, 8]
			},
			"faces": {
				"north": {
					"uv": [0.625, 0, 0, 1.125],
					"texture": "#0"
				},
				"east": {
					"uv": [0.875, 0, 0, 1.125],
					"texture": "#0"
				},
				"south": {
					"uv": [0.625, 0, 0, 1.125],
					"texture": "#0"
				},
				"west": {
					"uv": [0.875, 0, 0, 1.125],
					"texture": "#0"
				},
				"up": {
					"uv": [0.625, 0, 0, 0.875],
					"texture": "#0"
				},
				"down": {
					"uv": [0.625, 0, 0, 0.875],
					"texture": "#0"
				}
			}
		}
	]
}