{
	"textures": {
		"0": "animated_java:item/jak/player"
	},
	"display": {
		"head": {
			"rotation": [0, 180, 0]
		}
	},
	"elements": [
		{
			"from": [6.35, 7.75, 7.25],
			"to": [7.85, 8.75, 8.75],
			"rotation": {
				"angle": 0,
				"axis": "z",
				"origin": [7.1, 8.5, 8]
			},
			"faces": {
				"north": {
					"uv": [13.75, 1.25, 14.5, 1.75],
					"texture": "#0"
				},
				"east": {
					"uv": [13.75, 1.25, 14.5, 1.75],
					"texture": "#0"
				},
				"south": {
					"uv": [13.75, 1.25, 14.5, 1.75],
					"texture": "#0"
				},
				"west": {
					"uv": [13.75, 1.25, 14.5, 1.75],
					"texture": "#0"
				},
				"up": {
					"uv": [13, 1.25, 13.75, 2],
					"texture": "#0"
				},
				"down": {
					"uv": [13, 1.25, 13.75, 2],
					"texture": "#0"
				}
			}
		},
		{
			"from": [6.1625, 6.5, 7.0625],
			"to": [8.0375, 7.75, 8.9375],
			"rotation": {
				"angle": 0,
				"axis": "y",
				"origin": [7.1, 8.5, 8]
			},
			"faces": {
				"north": {
					"uv": [12, 1.25, 12.9375, 1.875],
					"texture": "#0"
				},
				"east": {
					"uv": [12, 1.25, 12.9375, 1.875],
					"texture": "#0"
				},
				"south": {
					"uv": [12, 1.25, 12.9375, 1.875],
					"texture": "#0"
				},
				"west": {
					"uv": [12, 1.25, 12.9375, 1.875],
					"texture": "#0"
				},
				"up": {
					"uv": [11, 1.25, 11.9375, 2.1875],
					"texture": "#0"
				},
				"down": {
					"uv": [11, 1.25, 11.9375, 2.1875],
					"texture": "#0"
				}
			}
		},
		{
			"from": [6.35, 5.25, 7.25],
			"to": [7.85, 6.5, 8.75],
			"rotation": {
				"angle": 0,
				"axis": "y",
				"origin": [7.1, 7.25, 8]
			},
			"faces": {
				"north": {
					"uv": [12, 1.25, 12.75, 1.875],
					"texture": "#0"
				},
				"east": {
					"uv": [12, 1.25, 12.75, 1.875],
					"texture": "#0"
				},
				"south": {
					"uv": [12, 1.25, 12.75, 1.875],
					"texture": "#0"
				},
				"west": {
					"uv": [12, 1.25, 12.75, 1.875],
					"texture": "#0"
				},
				"up": {
					"uv": [11, 1.25, 11.75, 2],
					"texture": "#0"
				},
				"down": {
					"uv": [11, 1.25, 11.75, 2],
					"texture": "#0"
				}
			}
		},
		{
			"from": [6.6, 4, 7.5],
			"to": [7.6, 5.25, 8.5],
			"rotation": {
				"angle": 0,
				"axis": "y",
				"origin": [7.1, 6, 8]
			},
			"faces": {
				"north": {
					"uv": [12, 1.25, 12.75, 1.875],
					"texture": "#0"
				},
				"east": {
					"uv": [12, 1.25, 12.75, 1.875],
					"texture": "#0"
				},
				"south": {
					"uv": [12, 1.25, 12.75, 1.875],
					"texture": "#0"
				},
				"west": {
					"uv": [12, 1.25, 12.75, 1.875],
					"texture": "#0"
				},
				"up": {
					"uv": [11, 1.25, 11.75, 2],
					"texture": "#0"
				},
				"down": {
					"uv": [11, 1.25, 11.75, 2],
					"texture": "#0"
				}
			}
		},
		{
			"from": [6.85, 4, 7.25],
			"to": [8.6, 4.25, 8.75],
			"rotation": {
				"angle": -22.5,
				"axis": "z",
				"origin": [7.85, 5.75, 8]
			},
			"faces": {
				"north": {
					"uv": [15.125, 2.25, 16, 2.375],
					"texture": "#0"
				},
				"east": {
					"uv": [15.125, 2.25, 16, 2.375],
					"texture": "#0"
				},
				"south": {
					"uv": [15.125, 2.25, 16, 2.375],
					"texture": "#0"
				},
				"west": {
					"uv": [15.125, 2.25, 16, 2.375],
					"texture": "#0"
				},
				"up": {
					"uv": [14.25, 2, 15.125, 2.75],
					"texture": "#0"
				},
				"down": {
					"uv": [14.25, 2, 15.125, 2.75],
					"texture": "#0"
				}
			}
		}
	]
}