{
	"textures": {
		"0": "animated_java:item/jak/player"
	},
	"display": {
		"head": {
			"rotation": [0, 180, 0]
		}
	},
	"elements": [
		{
			"from": [8.125, 6.125, 7.25],
			"to": [9.5625, 8.3125, 8.75],
			"rotation": {
				"angle": 45,
				"axis": "z",
				"origin": [7.875, 6.0625, 8]
			},
			"faces": {
				"north": {
					"uv": [14, 0, 14.71875, 1.09375],
					"texture": "#0"
				},
				"east": {
					"uv": [13.25, 0, 14, 1.09375],
					"texture": "#0"
				},
				"south": {
					"uv": [14, 0, 14.71875, 1.09375],
					"texture": "#0"
				},
				"west": {
					"uv": [13.25, 0, 14, 1.09375],
					"texture": "#0"
				},
				"up": {
					"uv": [14.75, 0, 15.46875, 0.75],
					"texture": "#0"
				},
				"down": {
					"uv": [14.75, 0, 15.46875, 0.75],
					"texture": "#0"
				}
			}
		},
		{
			"from": [7.5, 4.6875, 7.25],
			"to": [9, 7.3125, 8.75],
			"rotation": {
				"angle": 0,
				"axis": "z",
				"origin": [7.25, 8.6875, 8]
			},
			"faces": {
				"north": {
					"uv": [15.25, 0.75, 16, 2.0625],
					"texture": "#0"
				},
				"east": {
					"uv": [15.25, 0.75, 16, 2.0625],
					"texture": "#0"
				},
				"south": {
					"uv": [15.25, 0.75, 16, 2.0625],
					"texture": "#0"
				},
				"west": {
					"uv": [15.25, 0.75, 16, 2.0625],
					"texture": "#0"
				},
				"up": {
					"uv": [14.5, 1.25, 15.25, 2],
					"texture": "#0"
				},
				"down": {
					"uv": [14.5, 1.25, 15.25, 2],
					"texture": "#0"
				}
			}
		}
	]
}