{
	"textures": {
		"0": "animated_java:item/jak/player"
	},
	"display": {
		"head": {
			"rotation": [0, 180, 0]
		}
	},
	"elements": [
		{
			"from": [8.375, 3, 7.5],
			"to": [9.625, 4.5, 8.5],
			"rotation": {
				"angle": 0,
				"axis": "y",
				"origin": [9, 2.5, 8]
			},
			"faces": {
				"north": {
					"uv": [0, 0, 0.625, 0.75],
					"texture": "#0"
				},
				"east": {
					"uv": [0, 0, 0.5, 0.75],
					"texture": "#0"
				},
				"south": {
					"uv": [0, 0, 0.625, 0.75],
					"texture": "#0"
				},
				"west": {
					"uv": [0, 0, 0.5, 0.75],
					"texture": "#0"
				},
				"up": {
					"uv": [0.625, 0.5, 1.25, 1],
					"texture": "#0"
				},
				"down": {
					"uv": [0.625, 0.5, 1.25, 1],
					"texture": "#0"
				}
			}
		},
		{
			"from": [8.1875, 4.5, 7.25],
			"to": [9.8125, 6, 8.75],
			"rotation": {
				"angle": 0,
				"axis": "y",
				"origin": [9, 4, 8]
			},
			"faces": {
				"north": {
					"uv": [8, 1.25, 8.8125, 2],
					"texture": "#0"
				},
				"east": {
					"uv": [8, 1.25, 8.8125, 2],
					"texture": "#0"
				},
				"south": {
					"uv": [8, 1.25, 8.8125, 2],
					"texture": "#0"
				},
				"west": {
					"uv": [8, 1.25, 8.8125, 2],
					"texture": "#0"
				},
				"up": {
					"uv": [8, 1.25, 8.8125, 2],
					"texture": "#0"
				},
				"down": {
					"uv": [8, 1.25, 8.8125, 2],
					"texture": "#0"
				}
			}
		},
		{
			"from": [8.0625, 6, 7.0625],
			"to": [9.9375, 7.25, 8.9375],
			"rotation": {
				"angle": 0,
				"axis": "y",
				"origin": [9, 4, 8]
			},
			"faces": {
				"north": {
					"uv": [7.75, 0.5, 8.6875, 1.125],
					"texture": "#0"
				},
				"east": {
					"uv": [9.75, 0.5, 10.6875, 1.125],
					"texture": "#0"
				},
				"south": {
					"uv": [9.75, 0.5, 10.6875, 1.125],
					"texture": "#0"
				},
				"west": {
					"uv": [7.75, 0.5, 8.6875, 1.125],
					"texture": "#0"
				},
				"up": {
					"uv": [8.75, 0.5, 9.6875, 1.4375],
					"texture": "#0"
				},
				"down": {
					"uv": [8.75, 0.5, 9.6875, 1.4375],
					"texture": "#0"
				}
			}
		}
	]
}