{
	"textures": {
		"0": "animated_java:item/jak/player"
	},
	"display": {
		"head": {
			"rotation": [0, 180, 0]
		}
	},
	"elements": [
		{
			"from": [13.25, 6.75, 15.75],
			"to": [16.125, 7.5, 17],
			"rotation": {
				"angle": 45,
				"axis": "z",
				"origin": [15.25, 6.75, 16]
			},
			"faces": {
				"north": {
					"uv": [9.375, 0, 10, 0.5],
					"texture": "#0"
				},
				"east": {
					"uv": [9.375, 0, 10, 0.5],
					"texture": "#0"
				},
				"south": {
					"uv": [0, 0, 1.4375, 0.375],
					"texture": "#0"
				},
				"west": {
					"uv": [9.375, 0, 10, 0.5],
					"texture": "#0"
				},
				"up": {
					"uv": [10.9375, 0, 12.375, 0.625],
					"texture": "#0"
				},
				"down": {
					"uv": [7.9375, 0.5, 9.375, 1.125],
					"texture": "#0"
				}
			}
		},
		{
			"from": [13.25, 6.75, 17],
			"to": [16.125, 7.5, 18.1875],
			"rotation": {
				"angle": 45,
				"axis": "z",
				"origin": [15.25, 6.75, 16]
			},
			"faces": {
				"north": {
					"uv": [9.375, 0, 10.8125, 0.375],
					"texture": "#0"
				},
				"east": {
					"uv": [0, 0, 0.59375, 0.375],
					"texture": "#0"
				},
				"south": {
					"uv": [10.9375, 0.75, 13.0625, 1.25],
					"texture": "#0"
				},
				"west": {
					"uv": [9.375, 0, 9.96875, 0.375],
					"texture": "#0"
				},
				"up": {
					"uv": [11, 0.5, 12.4375, 1.09375],
					"texture": "#0"
				},
				"down": {
					"uv": [0, 0, 1.4375, 0.59375],
					"texture": "#0"
				}
			}
		},
		{
			"from": [15.875, 6.625, 15.75],
			"to": [18.75, 7.625, 17],
			"rotation": {
				"angle": -45,
				"axis": "z",
				"origin": [16.75, 6.75, 16]
			},
			"faces": {
				"north": {
					"uv": [7.9375, 0, 9.375, 0.5],
					"texture": "#0"
				},
				"east": {
					"uv": [9.375, 0, 10, 0.5],
					"texture": "#0"
				},
				"south": {
					"uv": [7.9375, 0, 9.375, 0.5],
					"texture": "#0"
				},
				"west": {
					"uv": [9.375, 0, 10, 0.5],
					"texture": "#0"
				},
				"up": {
					"uv": [10.6875, 0.5, 12.125, 1.125],
					"texture": "#0"
				},
				"down": {
					"uv": [7.9375, 0.5, 9.375, 1.125],
					"texture": "#0"
				}
			}
		},
		{
			"from": [14.5, 6.625, 17],
			"to": [18.75, 7.625, 18.5],
			"rotation": {
				"angle": -45,
				"axis": "z",
				"origin": [16.75, 6.75, 16]
			},
			"faces": {
				"north": {
					"uv": [10.9375, 0.75, 13.0625, 1.25],
					"texture": "#0"
				},
				"east": {
					"uv": [10.125, 0, 10.875, 0.5],
					"texture": "#0"
				},
				"south": {
					"uv": [10.9375, 0.75, 13.0625, 1.25],
					"texture": "#0"
				},
				"west": {
					"uv": [10.125, 0, 10.875, 0.5],
					"texture": "#0"
				},
				"up": {
					"uv": [10.9375, 0, 13.0625, 0.75],
					"texture": "#0"
				},
				"down": {
					"uv": [10.9375, 0, 13.0625, 0.75],
					"texture": "#0"
				}
			}
		},
		{
			"from": [14.875, 9.375, 15.75],
			"to": [16, 10.375, 17],
			"rotation": {
				"angle": -45,
				"axis": "z",
				"origin": [14, 9.5, 16]
			},
			"faces": {
				"north": {
					"uv": [10.1875, 1.25, 10.75, 1.75],
					"texture": "#0"
				},
				"east": {
					"uv": [11.375, 0, 12, 0.5],
					"texture": "#0"
				},
				"south": {
					"uv": [11.4375, 0, 12, 0.5],
					"texture": "#0"
				},
				"west": {
					"uv": [11.375, 0, 12, 0.5],
					"texture": "#0"
				},
				"up": {
					"uv": [10.6875, 0, 11.25, 0.625],
					"texture": "#0"
				},
				"down": {
					"uv": [10.6875, 0, 11.25, 0.625],
					"texture": "#0"
				}
			}
		},
		{
			"from": [14.34989, 8.62504, 15.75],
			"to": [15.59989, 9.87504, 18.25],
			"rotation": {
				"angle": 45,
				"axis": "z",
				"origin": [14.3625, 8.625, 16]
			},
			"faces": {
				"north": {
					"uv": [10.6875, 2.25, 11.3125, 2.875],
					"rotation": 270,
					"texture": "#0"
				},
				"east": {
					"uv": [11.4375, 0, 12.0625, 1.25],
					"rotation": 90,
					"texture": "#0"
				},
				"south": {
					"uv": [8.9375, 2, 9.5625, 2.625],
					"rotation": 90,
					"texture": "#0"
				},
				"west": {
					"uv": [10.6875, 0, 11.3125, 1.25],
					"rotation": 90,
					"texture": "#0"
				},
				"up": {
					"uv": [9.625, 1.75, 10.875, 2.375],
					"rotation": 90,
					"texture": "#0"
				},
				"down": {
					"uv": [0.625, 0, 1.875, 0.625],
					"rotation": 90,
					"texture": "#0"
				}
			}
		},
		{
			"from": [14.34989, 5.62504, 17.75],
			"to": [15.59989, 8.62504, 18.25],
			"rotation": {
				"angle": 45,
				"axis": "z",
				"origin": [14.3625, 8.625, 16]
			},
			"faces": {
				"north": {
					"uv": [1.4375, 0, 2.9375, 0.625],
					"rotation": 270,
					"texture": "#0"
				},
				"east": {
					"uv": [10.9375, 0.75, 12.4375, 1],
					"rotation": 90,
					"texture": "#0"
				},
				"south": {
					"uv": [10.9375, 0.75, 13.0625, 1.25],
					"texture": "#0"
				},
				"west": {
					"uv": [10.9375, 0.75, 12.4375, 1],
					"rotation": 90,
					"texture": "#0"
				},
				"up": {
					"uv": [0.625, 0, 0.875, 0.625],
					"rotation": 90,
					"texture": "#0"
				},
				"down": {
					"uv": [0.625, 0, 0.875, 0.625],
					"rotation": 90,
					"texture": "#0"
				}
			}
		},
		{
			"from": [14.36246, 8.61239, 15.75],
			"to": [15.11246, 8.86239, 17],
			"rotation": {
				"angle": -22.5,
				"axis": "z",
				"origin": [14.3625, 8.625, 16]
			},
			"faces": {
				"north": {
					"uv": [10.1875, 1.25, 10.5625, 1.375],
					"texture": "#0"
				},
				"east": {
					"uv": [0.625, 0, 1.25, 0.125],
					"texture": "#0"
				},
				"south": {
					"uv": [1.4375, 0, 1.8125, 0.125],
					"texture": "#0"
				},
				"west": {
					"uv": [0.625, 0, 1.25, 0.125],
					"texture": "#0"
				},
				"up": {
					"uv": [1.4375, 0, 1.8125, 0.625],
					"texture": "#0"
				},
				"down": {
					"uv": [10.9375, 0.25, 11.3125, 0.875],
					"texture": "#0"
				}
			}
		}
	]
}