{
	"textures": {
		"0": "animated_java:item/door_4x4/door"
	},
	"display": {
		"head": {
			"rotation": [0, 180, 0]
		}
	},
	"elements": [
		{
			"from": [-7.87205, 14.17903, 7.57037],
			"to": [10.06937, 15.17577, 8.56712],
			"rotation": {
				"angle": 0,
				"axis": "y",
				"origin": [22.03032, -16.72008, 7.57037]
			},
			"faces": {
				"north": {
					"uv": [6, 0, 15, 0.5],
					"texture": "#0"
				},
				"east": {
					"uv": [6.5, 0, 6, 0.5],
					"texture": "#0"
				},
				"south": {
					"uv": [15, 0, 6, 0.5],
					"texture": "#0"
				},
				"west": {
					"uv": [15, 0, 14.5, 0.5],
					"texture": "#0"
				},
				"up": {
					"uv": [15, 0, 6, 0.5],
					"texture": "#0"
				},
				"down": {
					"uv": [15, 0, 6, 0.5],
					"texture": "#0"
				}
			}
		},
		{
			"from": [-7.87205, 13.18228, 7.57037],
			"to": [11.06612, 14.17903, 8.56712],
			"rotation": {
				"angle": 0,
				"axis": "y",
				"origin": [22.03032, -16.72008, 7.57037]
			},
			"faces": {
				"north": {
					"uv": [5.5, 0.5, 15, 1],
					"texture": "#0"
				},
				"east": {
					"uv": [6, 0.5, 5.5, 1],
					"texture": "#0"
				},
				"south": {
					"uv": [15, 0.5, 5.5, 1],
					"texture": "#0"
				},
				"west": {
					"uv": [15, 0.5, 14.5, 1],
					"texture": "#0"
				},
				"up": {
					"uv": [15, 0.5, 5.5, 1],
					"texture": "#0"
				},
				"down": {
					"uv": [15, 0.5, 5.5, 1],
					"texture": "#0"
				}
			}
		},
		{
			"from": [-7.87205, 12.18554, 7.57037],
			"to": [11.06612, 13.18228, 8.56712],
			"rotation": {
				"angle": 0,
				"axis": "y",
				"origin": [22.03032, -16.72008, 7.57037]
			},
			"faces": {
				"north": {
					"uv": [5.5, 1, 15, 1.5],
					"texture": "#0"
				},
				"east": {
					"uv": [6, 1, 5.5, 1.5],
					"texture": "#0"
				},
				"south": {
					"uv": [15, 1, 5.5, 1.5],
					"texture": "#0"
				},
				"west": {
					"uv": [15, 1, 14.5, 1.5],
					"texture": "#0"
				},
				"up": {
					"uv": [15, 1, 5.5, 1.5],
					"texture": "#0"
				},
				"down": {
					"uv": [15, 1, 5.5, 1.5],
					"texture": "#0"
				}
			}
		},
		{
			"from": [-7.87205, 11.18879, 7.57037],
			"to": [11.06612, 12.18554, 8.56712],
			"rotation": {
				"angle": 0,
				"axis": "y",
				"origin": [22.03032, -16.72008, 7.57037]
			},
			"faces": {
				"north": {
					"uv": [5.5, 1.5, 15, 2],
					"texture": "#0"
				},
				"east": {
					"uv": [6, 1.5, 5.5, 2],
					"texture": "#0"
				},
				"south": {
					"uv": [15, 1.5, 5.5, 2],
					"texture": "#0"
				},
				"west": {
					"uv": [15, 1.5, 14.5, 2],
					"texture": "#0"
				},
				"up": {
					"uv": [15, 1.5, 5.5, 2],
					"texture": "#0"
				},
				"down": {
					"uv": [15, 1.5, 5.5, 2],
					"texture": "#0"
				}
			}
		},
		{
			"from": [-7.87205, 10.19204, 7.57037],
			"to": [12.06286, 11.18879, 8.56712],
			"rotation": {
				"angle": 0,
				"axis": "y",
				"origin": [22.03032, -16.72008, 7.57037]
			},
			"faces": {
				"north": {
					"uv": [5, 2, 15, 2.5],
					"texture": "#0"
				},
				"east": {
					"uv": [5.5, 2, 5, 2.5],
					"texture": "#0"
				},
				"south": {
					"uv": [15, 2, 5, 2.5],
					"texture": "#0"
				},
				"west": {
					"uv": [15, 2, 14.5, 2.5],
					"texture": "#0"
				},
				"up": {
					"uv": [15, 2, 5, 2.5],
					"texture": "#0"
				},
				"down": {
					"uv": [15, 2, 5, 2.5],
					"texture": "#0"
				}
			}
		},
		{
			"from": [-7.87205, 9.1953, 7.57037],
			"to": [12.06286, 10.19204, 8.56712],
			"rotation": {
				"angle": 0,
				"axis": "y",
				"origin": [22.03032, -16.72008, 7.57037]
			},
			"faces": {
				"north": {
					"uv": [5, 2.5, 15, 3],
					"texture": "#0"
				},
				"east": {
					"uv": [5.5, 2.5, 5, 3],
					"texture": "#0"
				},
				"south": {
					"uv": [15, 2.5, 5, 3],
					"texture": "#0"
				},
				"west": {
					"uv": [15, 2.5, 14.5, 3],
					"texture": "#0"
				},
				"up": {
					"uv": [15, 2.5, 5, 3],
					"texture": "#0"
				},
				"down": {
					"uv": [15, 2.5, 5, 3],
					"texture": "#0"
				}
			}
		},
		{
			"from": [-5.87856, 8.19855, 7.57037],
			"to": [13.05961, 9.1953, 8.56712],
			"rotation": {
				"angle": 0,
				"axis": "y",
				"origin": [22.03032, -16.72008, 7.57037]
			},
			"faces": {
				"north": {
					"uv": [4.5, 3, 14, 3.5],
					"texture": "#0"
				},
				"east": {
					"uv": [5, 3, 4.5, 3.5],
					"texture": "#0"
				},
				"south": {
					"uv": [14, 3, 4.5, 3.5],
					"texture": "#0"
				},
				"west": {
					"uv": [14, 3, 13.5, 3.5],
					"texture": "#0"
				},
				"up": {
					"uv": [14, 3, 4.5, 3.5],
					"texture": "#0"
				},
				"down": {
					"uv": [14, 3, 4.5, 3.5],
					"texture": "#0"
				}
			}
		},
		{
			"from": [-2.88832, 7.20181, 7.57037],
			"to": [13.05961, 8.19855, 8.56712],
			"rotation": {
				"angle": 0,
				"axis": "y",
				"origin": [22.03032, -16.72008, 7.57037]
			},
			"faces": {
				"north": {
					"uv": [4.5, 3.5, 12.5, 4],
					"texture": "#0"
				},
				"east": {
					"uv": [5, 3.5, 4.5, 4],
					"texture": "#0"
				},
				"south": {
					"uv": [12.5, 3.5, 4.5, 4],
					"texture": "#0"
				},
				"west": {
					"uv": [12.5, 3.5, 12, 4],
					"texture": "#0"
				},
				"up": {
					"uv": [12.5, 3.5, 4.5, 4],
					"texture": "#0"
				},
				"down": {
					"uv": [12.5, 3.5, 4.5, 4],
					"texture": "#0"
				}
			}
		},
		{
			"from": [-2.88843, 6.20506, 7.57037],
			"to": [14.05635, 7.20181, 8.56712],
			"rotation": {
				"angle": 0,
				"axis": "y",
				"origin": [22.03032, -16.72008, 7.57037]
			},
			"faces": {
				"north": {
					"uv": [4, 4, 12.5, 4.5],
					"texture": "#0"
				},
				"east": {
					"uv": [4.5, 4, 4, 4.5],
					"texture": "#0"
				},
				"south": {
					"uv": [11.5, 4, 4, 4.5],
					"texture": "#0"
				},
				"west": {
					"uv": [11.5, 4, 11, 4.5],
					"texture": "#0"
				},
				"up": {
					"uv": [11.5, 4, 4, 4.5],
					"texture": "#0"
				},
				"down": {
					"uv": [11.5, 4, 4, 4.5],
					"texture": "#0"
				}
			}
		},
		{
			"from": [1.09861, 5.20832, 7.57037],
			"to": [14.05635, 6.20506, 8.56712],
			"rotation": {
				"angle": 0,
				"axis": "y",
				"origin": [22.03032, -16.72008, 7.57037]
			},
			"faces": {
				"north": {
					"uv": [4, 4.5, 10.5, 5],
					"texture": "#0"
				},
				"east": {
					"uv": [4.5, 4.5, 4, 5],
					"texture": "#0"
				},
				"south": {
					"uv": [10, 4.5, 4, 5],
					"texture": "#0"
				},
				"west": {
					"uv": [10, 4.5, 9.5, 5],
					"texture": "#0"
				},
				"up": {
					"uv": [10, 4.5, 4, 5],
					"texture": "#0"
				},
				"down": {
					"uv": [10, 4.5, 4, 5],
					"texture": "#0"
				}
			}
		},
		{
			"from": [2.09535, 4.21157, 7.57037],
			"to": [14.05635, 5.20832, 8.56712],
			"rotation": {
				"angle": 0,
				"axis": "y",
				"origin": [22.03032, -16.72008, 7.57037]
			},
			"faces": {
				"north": {
					"uv": [4, 5, 10, 5.5],
					"texture": "#0"
				},
				"east": {
					"uv": [4.5, 5, 4, 5.5],
					"texture": "#0"
				},
				"south": {
					"uv": [9.5, 5, 4, 5.5],
					"texture": "#0"
				},
				"west": {
					"uv": [9.5, 5, 9, 5.5],
					"texture": "#0"
				},
				"up": {
					"uv": [9.5, 5, 4, 5.5],
					"texture": "#0"
				},
				"down": {
					"uv": [9.5, 5, 4, 5.5],
					"texture": "#0"
				}
			}
		},
		{
			"from": [3.0921, 3.21483, 7.57037],
			"to": [14.05635, 4.21157, 8.56712],
			"rotation": {
				"angle": 0,
				"axis": "y",
				"origin": [22.03032, -16.72008, 7.57037]
			},
			"faces": {
				"north": {
					"uv": [4, 5.5, 9.5, 6],
					"texture": "#0"
				},
				"east": {
					"uv": [4.5, 5.5, 4, 6],
					"texture": "#0"
				},
				"south": {
					"uv": [9, 5.5, 4, 6],
					"texture": "#0"
				},
				"west": {
					"uv": [9, 5.5, 8.5, 6],
					"texture": "#0"
				},
				"up": {
					"uv": [9, 5.5, 4, 6],
					"texture": "#0"
				},
				"down": {
					"uv": [9, 5.5, 4, 6],
					"texture": "#0"
				}
			}
		},
		{
			"from": [4.08884, 2.21808, 7.57037],
			"to": [14.05635, 3.21483, 8.56712],
			"rotation": {
				"angle": 0,
				"axis": "y",
				"origin": [22.03032, -16.72008, 7.57037]
			},
			"faces": {
				"north": {
					"uv": [4, 6, 9, 6.5],
					"texture": "#0"
				},
				"east": {
					"uv": [4.5, 6, 4, 6.5],
					"texture": "#0"
				},
				"south": {
					"uv": [8.5, 6, 4, 6.5],
					"texture": "#0"
				},
				"west": {
					"uv": [8.5, 6, 8, 6.5],
					"texture": "#0"
				},
				"up": {
					"uv": [8.5, 6, 4, 6.5],
					"texture": "#0"
				},
				"down": {
					"uv": [8.5, 6, 4, 6.5],
					"texture": "#0"
				}
			}
		},
		{
			"from": [5.08564, 1.22134, 7.57037],
			"to": [14.05635, 2.21808, 8.56712],
			"rotation": {
				"angle": 0,
				"axis": "y",
				"origin": [22.03032, -16.72008, 7.57037]
			},
			"faces": {
				"north": {
					"uv": [4, 6.5, 8.5, 7],
					"texture": "#0"
				},
				"east": {
					"uv": [4.5, 6.5, 4, 7],
					"texture": "#0"
				},
				"south": {
					"uv": [8.5, 6.5, 4, 7],
					"texture": "#0"
				},
				"west": {
					"uv": [8.5, 6.5, 8, 7],
					"texture": "#0"
				},
				"up": {
					"uv": [8.5, 6.5, 4, 7],
					"texture": "#0"
				},
				"down": {
					"uv": [8.5, 6.5, 4, 7],
					"texture": "#0"
				}
			}
		},
		{
			"from": [5.08564, 0.22459, 7.57037],
			"to": [14.05635, 1.22134, 8.56712],
			"rotation": {
				"angle": 0,
				"axis": "y",
				"origin": [22.03032, -16.72008, 7.57037]
			},
			"faces": {
				"north": {
					"uv": [4, 7, 8.5, 7.5],
					"texture": "#0"
				},
				"east": {
					"uv": [4.5, 7, 4, 7.5],
					"texture": "#0"
				},
				"south": {
					"uv": [8.5, 7, 4, 7.5],
					"texture": "#0"
				},
				"west": {
					"uv": [8.5, 7, 8, 7.5],
					"texture": "#0"
				},
				"up": {
					"uv": [8.5, 7, 4, 7.5],
					"texture": "#0"
				},
				"down": {
					"uv": [8.5, 7, 4, 7.5],
					"texture": "#0"
				}
			}
		},
		{
			"from": [6.08239, -0.77216, 7.57037],
			"to": [13.05961, 0.22459, 8.56712],
			"rotation": {
				"angle": 0,
				"axis": "y",
				"origin": [22.03032, -16.72008, 7.57037]
			},
			"faces": {
				"north": {
					"uv": [4.5, 7.5, 8, 8],
					"texture": "#0"
				},
				"east": {
					"uv": [5, 7.5, 4.5, 8],
					"texture": "#0"
				},
				"south": {
					"uv": [8, 7.5, 4.5, 8],
					"texture": "#0"
				},
				"west": {
					"uv": [8, 7.5, 7.5, 8],
					"texture": "#0"
				},
				"up": {
					"uv": [8, 7.5, 4.5, 8],
					"texture": "#0"
				},
				"down": {
					"uv": [8, 7.5, 4.5, 8],
					"texture": "#0"
				}
			}
		},
		{
			"from": [6.08239, -1.7689, 7.57037],
			"to": [13.05961, -0.77216, 8.56712],
			"rotation": {
				"angle": 0,
				"axis": "y",
				"origin": [22.03032, -16.72008, 7.57037]
			},
			"faces": {
				"north": {
					"uv": [4.5, 8, 8, 8.5],
					"texture": "#0"
				},
				"east": {
					"uv": [5, 8, 4.5, 8.5],
					"texture": "#0"
				},
				"south": {
					"uv": [8, 8, 4.5, 8.5],
					"texture": "#0"
				},
				"west": {
					"uv": [8, 8, 7.5, 8.5],
					"texture": "#0"
				},
				"up": {
					"uv": [8, 8, 4.5, 8.5],
					"texture": "#0"
				},
				"down": {
					"uv": [8, 8, 4.5, 8.5],
					"texture": "#0"
				}
			}
		},
		{
			"from": [6.08239, -2.76565, 7.57037],
			"to": [13.05961, -1.7689, 8.56712],
			"rotation": {
				"angle": 0,
				"axis": "y",
				"origin": [22.03032, -16.72008, 7.57037]
			},
			"faces": {
				"north": {
					"uv": [4.5, 8.5, 8, 9],
					"texture": "#0"
				},
				"east": {
					"uv": [5, 8.5, 4.5, 9],
					"texture": "#0"
				},
				"south": {
					"uv": [8, 8.5, 4.5, 9],
					"texture": "#0"
				},
				"west": {
					"uv": [8, 8.5, 7.5, 9],
					"texture": "#0"
				},
				"up": {
					"uv": [8, 8.5, 4.5, 9],
					"texture": "#0"
				},
				"down": {
					"uv": [8, 8.5, 4.5, 9],
					"texture": "#0"
				}
			}
		},
		{
			"from": [6.08239, -3.76239, 7.57037],
			"to": [12.06286, -2.76565, 8.56712],
			"rotation": {
				"angle": 0,
				"axis": "y",
				"origin": [22.03032, -16.72008, 7.57037]
			},
			"faces": {
				"north": {
					"uv": [5, 9, 8, 9.5],
					"texture": "#0"
				},
				"east": {
					"uv": [5.5, 9, 5, 9.5],
					"texture": "#0"
				},
				"south": {
					"uv": [8, 9, 5, 9.5],
					"texture": "#0"
				},
				"west": {
					"uv": [8, 9, 7.5, 9.5],
					"texture": "#0"
				},
				"up": {
					"uv": [8, 9, 5, 9.5],
					"texture": "#0"
				},
				"down": {
					"uv": [8, 9, 5, 9.5],
					"texture": "#0"
				}
			}
		},
		{
			"from": [7.07914, -4.75914, 7.57037],
			"to": [11.06612, -3.76239, 8.56712],
			"rotation": {
				"angle": 0,
				"axis": "y",
				"origin": [22.03032, -16.72008, 7.57037]
			},
			"faces": {
				"north": {
					"uv": [5.5, 9.5, 7.5, 10],
					"texture": "#0"
				},
				"east": {
					"uv": [6, 9.5, 5.5, 10],
					"texture": "#0"
				},
				"south": {
					"uv": [7.5, 9.5, 5.5, 10],
					"texture": "#0"
				},
				"west": {
					"uv": [7.5, 9.5, 7, 10],
					"texture": "#0"
				},
				"up": {
					"uv": [7.5, 9.5, 5.5, 10],
					"texture": "#0"
				},
				"down": {
					"uv": [7.5, 9.5, 5.5, 10],
					"texture": "#0"
				}
			}
		},
		{
			"from": [7.07914, -5.75588, 7.57037],
			"to": [11.06612, -4.75914, 8.56712],
			"rotation": {
				"angle": 0,
				"axis": "y",
				"origin": [22.03032, -16.72008, 7.57037]
			},
			"faces": {
				"north": {
					"uv": [5.5, 10, 7.5, 10.5],
					"texture": "#0"
				},
				"east": {
					"uv": [6, 10, 5.5, 10.5],
					"texture": "#0"
				},
				"south": {
					"uv": [7.5, 10, 5.5, 10.5],
					"texture": "#0"
				},
				"west": {
					"uv": [7.5, 10, 7, 10.5],
					"texture": "#0"
				},
				"up": {
					"uv": [7.5, 10, 5.5, 10.5],
					"texture": "#0"
				},
				"down": {
					"uv": [7.5, 10, 5.5, 10.5],
					"texture": "#0"
				}
			}
		},
		{
			"from": [7.07914, -6.75263, 7.57037],
			"to": [10.06937, -5.75588, 8.56712],
			"rotation": {
				"angle": 0,
				"axis": "y",
				"origin": [22.03032, -16.72008, 7.57037]
			},
			"faces": {
				"north": {
					"uv": [6, 10.5, 7.5, 11],
					"texture": "#0"
				},
				"east": {
					"uv": [6.5, 10.5, 6, 11],
					"texture": "#0"
				},
				"south": {
					"uv": [7.5, 10.5, 6, 11],
					"texture": "#0"
				},
				"west": {
					"uv": [7.5, 10.5, 7, 11],
					"texture": "#0"
				},
				"up": {
					"uv": [7.5, 10.5, 6, 11],
					"texture": "#0"
				},
				"down": {
					"uv": [7.5, 10.5, 6, 11],
					"texture": "#0"
				}
			}
		},
		{
			"from": [7.07914, -7.74937, 7.57037],
			"to": [9.07263, -6.75263, 8.56712],
			"rotation": {
				"angle": 0,
				"axis": "y",
				"origin": [22.03032, -16.72008, 7.57037]
			},
			"faces": {
				"north": {
					"uv": [6.5, 11, 7.5, 11.5],
					"texture": "#0"
				},
				"east": {
					"uv": [7, 11, 6.5, 11.5],
					"texture": "#0"
				},
				"south": {
					"uv": [7.5, 11, 6.5, 11.5],
					"texture": "#0"
				},
				"west": {
					"uv": [7.5, 11, 7, 11.5],
					"texture": "#0"
				},
				"up": {
					"uv": [7.5, 11, 6.5, 11.5],
					"texture": "#0"
				},
				"down": {
					"uv": [7.5, 11, 6.5, 11.5],
					"texture": "#0"
				}
			}
		},
		{
			"from": [7.07914, -8.82423, 7.57037],
			"to": [8.07588, -7.74937, 8.56712],
			"rotation": {
				"angle": 0,
				"axis": "y",
				"origin": [22.03032, -16.72008, 7.57037]
			},
			"faces": {
				"north": {
					"uv": [7, 11.5, 7.5, 12],
					"texture": "#0"
				},
				"east": {
					"uv": [7.5, 11.5, 7, 12],
					"texture": "#0"
				},
				"south": {
					"uv": [7.5, 11.5, 7, 12],
					"texture": "#0"
				},
				"west": {
					"uv": [7.5, 11.5, 7, 12],
					"texture": "#0"
				},
				"up": {
					"uv": [7.5, 11.5, 7, 12],
					"texture": "#0"
				},
				"down": {
					"uv": [7.5, 11.5, 7, 12],
					"texture": "#0"
				}
			}
		}
	]
}