{
	"credit": "Made with Blockbench",
	"textures": {
		"0": "block/mangrove_planks",
		"1": "block/oak_planks",
		"2": "block/iron_block",
		"3": "block/iron_trapdoor",
		"4": "block/sandstone",
		"5": "block/spruce_planks",
		"6": "block/birch_trapdoor",
		"7": "block/oak_trapdoor",
		"8": "block/white_candle"
	},
	"elements": [
		{
			"from": [5.5, -1, 2.5],
			"to": [6.5, 0, 3.5],
			"rotation": {"angle": 0, "axis": "y", "origin": [4.5, -2, 0.5]},
			"faces": {
				"north": {"uv": [0, 0, 16, 16], "texture": "#0", "tintindex": 0},
				"east": {"uv": [0, 0, 16, 16], "texture": "#0", "tintindex": 0},
				"south": {"uv": [0, 0, 16, 16], "texture": "#0", "tintindex": 0},
				"west": {"uv": [0, 0, 16, 16], "texture": "#0", "tintindex": 0},
				"up": {"uv": [0, 0, 16, 16], "texture": "#0", "tintindex": 0},
				"down": {"uv": [0, 0, 16, 16], "texture": "#0", "tintindex": 0}
			}
		},
		{
			"from": [5.5, -1, 3.5],
			"to": [6.5, 0, 4.5],
			"rotation": {"angle": 0, "axis": "y", "origin": [4.5, -2, 0.5]},
			"faces": {
				"north": {"uv": [0, 0, 16, 16], "texture": "#0", "tintindex": 0},
				"east": {"uv": [0, 0, 16, 16], "texture": "#0", "tintindex": 0},
				"south": {"uv": [0, 0, 16, 16], "texture": "#0", "tintindex": 0},
				"west": {"uv": [0, 0, 16, 16], "texture": "#0", "tintindex": 0},
				"up": {"uv": [0, 0, 16, 16], "texture": "#0", "tintindex": 0},
				"down": {"uv": [0, 0, 16, 16], "texture": "#0", "tintindex": 0}
			}
		},
		{
			"from": [5.5, -1, 4.5],
			"to": [6.5, 0, 5.5],
			"rotation": {"angle": 0, "axis": "y", "origin": [4.5, -2, 0.5]},
			"faces": {
				"north": {"uv": [0, 0, 16, 16], "texture": "#0", "tintindex": 0},
				"east": {"uv": [0, 0, 16, 16], "texture": "#0", "tintindex": 0},
				"south": {"uv": [0, 0, 16, 16], "texture": "#0", "tintindex": 0},
				"west": {"uv": [0, 0, 16, 16], "texture": "#0", "tintindex": 0},
				"up": {"uv": [0, 0, 16, 16], "texture": "#0", "tintindex": 0},
				"down": {"uv": [0, 0, 16, 16], "texture": "#0", "tintindex": 0}
			}
		},
		{
			"from": [5.5, -1, 5.5],
			"to": [6.5, 0, 6.5],
			"rotation": {"angle": 0, "axis": "y", "origin": [4.5, -2, 0.5]},
			"faces": {
				"north": {"uv": [0, 0, 16, 16], "texture": "#0", "tintindex": 0},
				"east": {"uv": [0, 0, 16, 16], "texture": "#0", "tintindex": 0},
				"south": {"uv": [0, 0, 16, 16], "texture": "#0", "tintindex": 0},
				"west": {"uv": [0, 0, 16, 16], "texture": "#0", "tintindex": 0},
				"up": {"uv": [0, 0, 16, 16], "texture": "#0", "tintindex": 0},
				"down": {"uv": [0, 0, 16, 16], "texture": "#0", "tintindex": 0}
			}
		},
		{
			"from": [5.5, -1, 6.5],
			"to": [6.5, 0, 7.5],
			"rotation": {"angle": 0, "axis": "y", "origin": [4.5, -2, 0.5]},
			"faces": {
				"north": {"uv": [0, 0, 16, 16], "texture": "#0", "tintindex": 0},
				"east": {"uv": [0, 0, 16, 16], "texture": "#0", "tintindex": 0},
				"south": {"uv": [0, 0, 16, 16], "texture": "#0", "tintindex": 0},
				"west": {"uv": [0, 0, 16, 16], "texture": "#0", "tintindex": 0},
				"up": {"uv": [0, 0, 16, 16], "texture": "#0", "tintindex": 0},
				"down": {"uv": [0, 0, 16, 16], "texture": "#0", "tintindex": 0}
			}
		},
		{
			"from": [7.5, -1, 6.5],
			"to": [8.5, 0, 7.5],
			"rotation": {"angle": 0, "axis": "y", "origin": [4.5, -2, 0.5]},
			"faces": {
				"north": {"uv": [0, 0, 16, 16], "texture": "#0", "tintindex": 0},
				"east": {"uv": [0, 0, 16, 16], "texture": "#0", "tintindex": 0},
				"south": {"uv": [0, 0, 16, 16], "texture": "#0", "tintindex": 0},
				"west": {"uv": [0, 0, 16, 16], "texture": "#0", "tintindex": 0},
				"up": {"uv": [0, 0, 16, 16], "texture": "#0", "tintindex": 0},
				"down": {"uv": [0, 0, 16, 16], "texture": "#0", "tintindex": 0}
			}
		},
		{
			"from": [7.5, -1, 7.5],
			"to": [8.5, 0, 8.5],
			"rotation": {"angle": 0, "axis": "y", "origin": [4.5, -2, 0.5]},
			"faces": {
				"north": {"uv": [0, 0, 16, 16], "texture": "#0", "tintindex": 0},
				"east": {"uv": [0, 0, 16, 16], "texture": "#0", "tintindex": 0},
				"south": {"uv": [0, 0, 16, 16], "texture": "#0", "tintindex": 0},
				"west": {"uv": [0, 0, 16, 16], "texture": "#0", "tintindex": 0},
				"up": {"uv": [0, 0, 16, 16], "texture": "#0", "tintindex": 0},
				"down": {"uv": [0, 0, 16, 16], "texture": "#0", "tintindex": 0}
			}
		},
		{
			"from": [7.5, -1, 8.5],
			"to": [8.5, 0, 9.5],
			"rotation": {"angle": 0, "axis": "y", "origin": [4.5, -2, 0.5]},
			"faces": {
				"north": {"uv": [0, 0, 16, 16], "texture": "#0", "tintindex": 0},
				"east": {"uv": [0, 0, 16, 16], "texture": "#0", "tintindex": 0},
				"south": {"uv": [0, 0, 16, 16], "texture": "#0", "tintindex": 0},
				"west": {"uv": [0, 0, 16, 16], "texture": "#0", "tintindex": 0},
				"up": {"uv": [0, 0, 16, 16], "texture": "#0", "tintindex": 0},
				"down": {"uv": [0, 0, 16, 16], "texture": "#0", "tintindex": 0}
			}
		},
		{
			"from": [7.5, -1, 9.5],
			"to": [8.5, 0, 10.5],
			"rotation": {"angle": 0, "axis": "y", "origin": [4.5, -2, 0.5]},
			"faces": {
				"north": {"uv": [0, 0, 16, 16], "texture": "#0", "tintindex": 0},
				"east": {"uv": [0, 0, 16, 16], "texture": "#0", "tintindex": 0},
				"south": {"uv": [0, 0, 16, 16], "texture": "#0", "tintindex": 0},
				"west": {"uv": [0, 0, 16, 16], "texture": "#0", "tintindex": 0},
				"up": {"uv": [0, 0, 16, 16], "texture": "#0", "tintindex": 0},
				"down": {"uv": [0, 0, 16, 16], "texture": "#0", "tintindex": 0}
			}
		},
		{
			"from": [7.5, -1, 10.5],
			"to": [8.5, 0, 11.5],
			"rotation": {"angle": 0, "axis": "y", "origin": [4.5, -2, 0.5]},
			"faces": {
				"north": {"uv": [0, 0, 16, 16], "texture": "#0", "tintindex": 0},
				"east": {"uv": [0, 0, 16, 16], "texture": "#0", "tintindex": 0},
				"south": {"uv": [0, 0, 16, 16], "texture": "#0", "tintindex": 0},
				"west": {"uv": [0, 0, 16, 16], "texture": "#0", "tintindex": 0},
				"up": {"uv": [0, 0, 16, 16], "texture": "#0", "tintindex": 0},
				"down": {"uv": [0, 0, 16, 16], "texture": "#0", "tintindex": 0}
			}
		},
		{
			"from": [7.5, -1, 11.5],
			"to": [8.5, 0, 12.5],
			"rotation": {"angle": 0, "axis": "y", "origin": [4.5, -2, 0.5]},
			"faces": {
				"north": {"uv": [0, 0, 16, 16], "texture": "#0", "tintindex": 0},
				"east": {"uv": [0, 0, 16, 16], "texture": "#0", "tintindex": 0},
				"south": {"uv": [0, 0, 16, 16], "texture": "#0", "tintindex": 0},
				"west": {"uv": [0, 0, 16, 16], "texture": "#0", "tintindex": 0},
				"up": {"uv": [0, 0, 16, 16], "texture": "#0", "tintindex": 0},
				"down": {"uv": [0, 0, 16, 16], "texture": "#0", "tintindex": 0}
			}
		},
		{
			"from": [7.5, -1, 12.5],
			"to": [8.5, 0, 13.5],
			"rotation": {"angle": 0, "axis": "y", "origin": [4.5, -2, 0.5]},
			"faces": {
				"north": {"uv": [0, 0, 16, 16], "texture": "#0", "tintindex": 0},
				"east": {"uv": [0, 0, 16, 16], "texture": "#0", "tintindex": 0},
				"south": {"uv": [0, 0, 16, 16], "texture": "#0", "tintindex": 0},
				"west": {"uv": [0, 0, 16, 16], "texture": "#0", "tintindex": 0},
				"up": {"uv": [0, 0, 16, 16], "texture": "#0", "tintindex": 0},
				"down": {"uv": [0, 0, 16, 16], "texture": "#0", "tintindex": 0}
			}
		},
		{
			"from": [9.5, -1, 2.5],
			"to": [10.5, 0, 3.5],
			"rotation": {"angle": 0, "axis": "y", "origin": [4.5, -2, 0.5]},
			"faces": {
				"north": {"uv": [0, 0, 16, 16], "texture": "#0", "tintindex": 0},
				"east": {"uv": [0, 0, 16, 16], "texture": "#0", "tintindex": 0},
				"south": {"uv": [0, 0, 16, 16], "texture": "#0", "tintindex": 0},
				"west": {"uv": [0, 0, 16, 16], "texture": "#0", "tintindex": 0},
				"up": {"uv": [0, 0, 16, 16], "texture": "#0", "tintindex": 0},
				"down": {"uv": [0, 0, 16, 16], "texture": "#0", "tintindex": 0}
			}
		},
		{
			"from": [9.5, -1, 3.5],
			"to": [10.5, 0, 4.5],
			"rotation": {"angle": 0, "axis": "y", "origin": [4.5, -2, 0.5]},
			"faces": {
				"north": {"uv": [0, 0, 16, 16], "texture": "#0", "tintindex": 0},
				"east": {"uv": [0, 0, 16, 16], "texture": "#0", "tintindex": 0},
				"south": {"uv": [0, 0, 16, 16], "texture": "#0", "tintindex": 0},
				"west": {"uv": [0, 0, 16, 16], "texture": "#0", "tintindex": 0},
				"up": {"uv": [0, 0, 16, 16], "texture": "#0", "tintindex": 0},
				"down": {"uv": [0, 0, 16, 16], "texture": "#0", "tintindex": 0}
			}
		},
		{
			"from": [9.5, -1, 4.5],
			"to": [10.5, 0, 5.5],
			"rotation": {"angle": 0, "axis": "y", "origin": [4.5, -2, 0.5]},
			"faces": {
				"north": {"uv": [0, 0, 16, 16], "texture": "#0", "tintindex": 0},
				"east": {"uv": [0, 0, 16, 16], "texture": "#0", "tintindex": 0},
				"south": {"uv": [0, 0, 16, 16], "texture": "#0", "tintindex": 0},
				"west": {"uv": [0, 0, 16, 16], "texture": "#0", "tintindex": 0},
				"up": {"uv": [0, 0, 16, 16], "texture": "#0", "tintindex": 0},
				"down": {"uv": [0, 0, 16, 16], "texture": "#0", "tintindex": 0}
			}
		},
		{
			"from": [9.5, -1, 5.5],
			"to": [10.5, 0, 6.5],
			"rotation": {"angle": 0, "axis": "y", "origin": [4.5, -2, 0.5]},
			"faces": {
				"north": {"uv": [0, 0, 16, 16], "texture": "#0", "tintindex": 0},
				"east": {"uv": [0, 0, 16, 16], "texture": "#0", "tintindex": 0},
				"south": {"uv": [0, 0, 16, 16], "texture": "#0", "tintindex": 0},
				"west": {"uv": [0, 0, 16, 16], "texture": "#0", "tintindex": 0},
				"up": {"uv": [0, 0, 16, 16], "texture": "#0", "tintindex": 0},
				"down": {"uv": [0, 0, 16, 16], "texture": "#0", "tintindex": 0}
			}
		},
		{
			"from": [9.5, -1, 6.5],
			"to": [10.5, 0, 7.5],
			"rotation": {"angle": 0, "axis": "y", "origin": [4.5, -2, 0.5]},
			"faces": {
				"north": {"uv": [0, 0, 16, 16], "texture": "#0", "tintindex": 0},
				"east": {"uv": [0, 0, 16, 16], "texture": "#0", "tintindex": 0},
				"south": {"uv": [0, 0, 16, 16], "texture": "#0", "tintindex": 0},
				"west": {"uv": [0, 0, 16, 16], "texture": "#0", "tintindex": 0},
				"up": {"uv": [0, 0, 16, 16], "texture": "#0", "tintindex": 0},
				"down": {"uv": [0, 0, 16, 16], "texture": "#0", "tintindex": 0}
			}
		},
		{
			"from": [7.5, 1, 2.5],
			"to": [8.5, 2, 3.5],
			"rotation": {"angle": 0, "axis": "y", "origin": [4.5, -2, 0.5]},
			"faces": {
				"north": {"uv": [0, 0, 16, 16], "texture": "#1", "tintindex": 0},
				"east": {"uv": [0, 0, 16, 16], "texture": "#1", "tintindex": 0},
				"west": {"uv": [0, 0, 16, 16], "texture": "#1", "tintindex": 0},
				"down": {"uv": [0, 0, 16, 16], "texture": "#1", "tintindex": 0}
			}
		},
		{
			"from": [7.5, 1, 3.5],
			"to": [8.5, 2, 4.5],
			"rotation": {"angle": 0, "axis": "y", "origin": [4.5, -2, 0.5]},
			"faces": {
				"east": {"uv": [0, 0, 16, 16], "texture": "#1", "tintindex": 0},
				"west": {"uv": [0, 0, 16, 16], "texture": "#1", "tintindex": 0},
				"down": {"uv": [0, 0, 16, 16], "texture": "#1", "tintindex": 0}
			}
		},
		{
			"from": [7.5, 1, 4.5],
			"to": [8.5, 2, 5.5],
			"rotation": {"angle": 0, "axis": "y", "origin": [4.5, -2, 0.5]},
			"faces": {
				"east": {"uv": [0, 0, 16, 16], "texture": "#1", "tintindex": 0},
				"west": {"uv": [0, 0, 16, 16], "texture": "#1", "tintindex": 0},
				"up": {"uv": [0, 0, 16, 16], "texture": "#1", "tintindex": 0},
				"down": {"uv": [0, 0, 16, 16], "texture": "#1", "tintindex": 0}
			}
		},
		{
			"from": [7.5, 1, 5.5],
			"to": [8.5, 2, 6.5],
			"rotation": {"angle": 0, "axis": "y", "origin": [4.5, -2, 0.5]},
			"faces": {
				"east": {"uv": [0, 0, 16, 16], "texture": "#1", "tintindex": 0},
				"west": {"uv": [0, 0, 16, 16], "texture": "#1", "tintindex": 0},
				"up": {"uv": [0, 0, 16, 16], "texture": "#1", "tintindex": 0},
				"down": {"uv": [0, 0, 16, 16], "texture": "#1", "tintindex": 0}
			}
		},
		{
			"from": [7.5, 1, 6.5],
			"to": [8.5, 2, 7.5],
			"rotation": {"angle": 0, "axis": "y", "origin": [4.5, -2, 0.5]},
			"faces": {
				"east": {"uv": [0, 0, 16, 16], "texture": "#1", "tintindex": 0},
				"west": {"uv": [0, 0, 16, 16], "texture": "#1", "tintindex": 0},
				"up": {"uv": [0, 0, 16, 16], "texture": "#1", "tintindex": 0},
				"down": {"uv": [0, 0, 16, 16], "texture": "#1", "tintindex": 0}
			}
		},
		{
			"from": [7.5, 1, 7.5],
			"to": [8.5, 2, 8.5],
			"rotation": {"angle": 0, "axis": "y", "origin": [4.5, -2, 0.5]},
			"faces": {
				"east": {"uv": [0, 0, 16, 16], "texture": "#2", "tintindex": 0},
				"south": {"uv": [0, 0, 16, 16], "texture": "#2", "tintindex": 0},
				"west": {"uv": [0, 0, 16, 16], "texture": "#2", "tintindex": 0},
				"up": {"uv": [0, 0, 16, 16], "texture": "#2", "tintindex": 0},
				"down": {"uv": [0, 0, 16, 16], "texture": "#2", "tintindex": 0}
			}
		},
		{
			"from": [7.5, 2, 2.5],
			"to": [8.5, 3, 3.5],
			"rotation": {"angle": 0, "axis": "y", "origin": [4.5, -2, 0.5]},
			"faces": {
				"north": {"uv": [0, 0, 16, 16], "texture": "#2", "tintindex": 0},
				"east": {"uv": [0, 0, 16, 16], "texture": "#2", "tintindex": 0},
				"west": {"uv": [0, 0, 16, 16], "texture": "#2", "tintindex": 0},
				"up": {"uv": [0, 0, 16, 16], "texture": "#2", "tintindex": 0}
			}
		},
		{
			"from": [7.5, 2, 3.5],
			"to": [8.5, 3, 4.5],
			"rotation": {"angle": 0, "axis": "y", "origin": [4.5, -2, 0.5]},
			"faces": {
				"east": {"uv": [0, 0, 16, 16], "texture": "#2", "tintindex": 0},
				"south": {"uv": [0, 0, 16, 16], "texture": "#2", "tintindex": 0},
				"west": {"uv": [0, 0, 16, 16], "texture": "#2", "tintindex": 0},
				"up": {"uv": [0, 0, 16, 16], "texture": "#2", "tintindex": 0}
			}
		},
		{
			"from": [5.5, -1.1875, 4.5],
			"to": [6.5, -1, 5.5],
			"rotation": {"angle": 0, "axis": "y", "origin": [4.5, -2, 0.5]},
			"faces": {
				"north": {"uv": [0, 16, 16, 13], "texture": "#3", "tintindex": 0},
				"east": {"uv": [0, 16, 16, 13], "texture": "#3", "tintindex": 0},
				"south": {"uv": [0, 16, 16, 13], "texture": "#3", "tintindex": 0},
				"west": {"uv": [0, 16, 16, 13], "texture": "#3", "tintindex": 0},
				"up": {"uv": [0, 0, 16, 16], "texture": "#3", "tintindex": 0},
				"down": {"uv": [0, 0, 16, 16], "texture": "#3", "tintindex": 0}
			}
		},
		{
			"from": [7.5, -1.1875, 11.5],
			"to": [8.5, -1, 12.5],
			"rotation": {"angle": 0, "axis": "y", "origin": [4.5, -2, 0.5]},
			"faces": {
				"north": {"uv": [0, 16, 16, 13], "texture": "#3", "tintindex": 0},
				"east": {"uv": [0, 16, 16, 13], "texture": "#3", "tintindex": 0},
				"south": {"uv": [0, 16, 16, 13], "texture": "#3", "tintindex": 0},
				"west": {"uv": [0, 16, 16, 13], "texture": "#3", "tintindex": 0},
				"up": {"uv": [0, 0, 16, 16], "texture": "#3", "tintindex": 0},
				"down": {"uv": [0, 0, 16, 16], "texture": "#3", "tintindex": 0}
			}
		},
		{
			"from": [9.5, -1.1875, 4.5],
			"to": [10.5, -1, 5.5],
			"rotation": {"angle": 0, "axis": "y", "origin": [4.5, -2, 0.5]},
			"faces": {
				"north": {"uv": [0, 16, 16, 13], "texture": "#3", "tintindex": 0},
				"east": {"uv": [0, 16, 16, 13], "texture": "#3", "tintindex": 0},
				"south": {"uv": [0, 16, 16, 13], "texture": "#3", "tintindex": 0},
				"west": {"uv": [0, 16, 16, 13], "texture": "#3", "tintindex": 0},
				"up": {"uv": [0, 0, 16, 16], "texture": "#3", "tintindex": 0},
				"down": {"uv": [0, 0, 16, 16], "texture": "#3", "tintindex": 0}
			}
		},
		{
			"from": [5.3125, -1, 4.5],
			"to": [5.5, 0, 5.5],
			"rotation": {"angle": 0, "axis": "y", "origin": [4.5, -2, 0.5]},
			"faces": {
				"north": {"uv": [13, 0, 16, 16], "texture": "#3", "tintindex": 0},
				"east": {"uv": [0, 0, 16, 16], "texture": "#3", "tintindex": 0},
				"south": {"uv": [16, 0, 13, 16], "texture": "#3", "tintindex": 0},
				"west": {"uv": [0, 0, 16, 16], "texture": "#3", "tintindex": 0},
				"up": {"uv": [0, 16, 16, 13], "rotation": 270, "texture": "#3", "tintindex": 0},
				"down": {"uv": [0, 13, 16, 16], "rotation": 90, "texture": "#3", "tintindex": 0}
			}
		},
		{
			"from": [5.5, -0.5, 7.5],
			"to": [6.5, 0, 8.5],
			"rotation": {"angle": 0, "axis": "y", "origin": [4.5, -2, 0.5]},
			"faces": {
				"north": {"uv": [0, 0, 16, 8], "texture": "#0", "tintindex": 0},
				"east": {"uv": [0, 0, 16, 8], "texture": "#0", "tintindex": 0},
				"south": {"uv": [0, 0, 16, 8], "texture": "#0", "tintindex": 0},
				"west": {"uv": [0, 0, 16, 8], "texture": "#0", "tintindex": 0},
				"up": {"uv": [0, 0, 16, 16], "texture": "#0", "tintindex": 0},
				"down": {"uv": [0, 0, 16, 16], "texture": "#0", "tintindex": 0}
			}
		},
		{
			"from": [5.5, -0.5, 8.5],
			"to": [6.5, 0, 9.5],
			"rotation": {"angle": 0, "axis": "y", "origin": [4.5, -2, 0.5]},
			"faces": {
				"north": {"uv": [0, 0, 16, 8], "texture": "#0", "tintindex": 0},
				"east": {"uv": [0, 0, 16, 8], "texture": "#0", "tintindex": 0},
				"south": {"uv": [0, 0, 16, 8], "texture": "#0", "tintindex": 0},
				"west": {"uv": [0, 0, 16, 8], "texture": "#0", "tintindex": 0},
				"up": {"uv": [0, 0, 16, 16], "texture": "#0", "tintindex": 0},
				"down": {"uv": [0, 0, 16, 16], "texture": "#0", "tintindex": 0}
			}
		},
		{
			"from": [6.5, -1, 4.5],
			"to": [6.6875, 0, 5.5],
			"rotation": {"angle": 0, "axis": "y", "origin": [4.5, -2, 0.5]},
			"faces": {
				"north": {"uv": [16, 0, 13, 16], "texture": "#3", "tintindex": 0},
				"east": {"uv": [0, 0, 16, 16], "texture": "#3", "tintindex": 0},
				"south": {"uv": [13, 0, 16, 16], "texture": "#3", "tintindex": 0},
				"west": {"uv": [0, 0, 16, 16], "texture": "#3", "tintindex": 0},
				"up": {"uv": [0, 16, 16, 13], "rotation": 90, "texture": "#3", "tintindex": 0},
				"down": {"uv": [0, 13, 16, 16], "rotation": 270, "texture": "#3", "tintindex": 0}
			}
		},
		{
			"from": [7.3125, -1, 11.5],
			"to": [7.5, 0, 12.5],
			"rotation": {"angle": 0, "axis": "y", "origin": [4.5, -2, 0.5]},
			"faces": {
				"north": {"uv": [13, 0, 16, 16], "texture": "#3", "tintindex": 0},
				"east": {"uv": [0, 0, 16, 16], "texture": "#3", "tintindex": 0},
				"south": {"uv": [16, 0, 13, 16], "texture": "#3", "tintindex": 0},
				"west": {"uv": [0, 0, 16, 16], "texture": "#3", "tintindex": 0},
				"up": {"uv": [0, 16, 16, 13], "rotation": 270, "texture": "#3", "tintindex": 0},
				"down": {"uv": [0, 13, 16, 16], "rotation": 90, "texture": "#3", "tintindex": 0}
			}
		},
		{
			"from": [7.5, -0.5, 13.5],
			"to": [8.5, 0, 14.5],
			"rotation": {"angle": 0, "axis": "y", "origin": [4.5, -2, 0.5]},
			"faces": {
				"north": {"uv": [0, 0, 16, 8], "texture": "#0", "tintindex": 0},
				"east": {"uv": [0, 0, 16, 8], "texture": "#0", "tintindex": 0},
				"south": {"uv": [0, 0, 16, 8], "texture": "#0", "tintindex": 0},
				"west": {"uv": [0, 0, 16, 8], "texture": "#0", "tintindex": 0},
				"up": {"uv": [0, 0, 16, 16], "texture": "#0", "tintindex": 0},
				"down": {"uv": [0, 0, 16, 16], "texture": "#0", "tintindex": 0}
			}
		},
		{
			"from": [7.5, -0.5, 14.5],
			"to": [8.5, 0, 15.5],
			"rotation": {"angle": 0, "axis": "y", "origin": [4.5, -2, 0.5]},
			"faces": {
				"north": {"uv": [0, 0, 16, 8], "texture": "#0", "tintindex": 0},
				"east": {"uv": [0, 0, 16, 8], "texture": "#0", "tintindex": 0},
				"south": {"uv": [0, 0, 16, 8], "texture": "#0", "tintindex": 0},
				"west": {"uv": [0, 0, 16, 8], "texture": "#0", "tintindex": 0},
				"up": {"uv": [0, 0, 16, 16], "texture": "#0", "tintindex": 0},
				"down": {"uv": [0, 0, 16, 16], "texture": "#0", "tintindex": 0}
			}
		},
		{
			"from": [9.3125, -1, 4.5],
			"to": [9.5, 0, 5.5],
			"rotation": {"angle": 0, "axis": "y", "origin": [4.5, -2, 0.5]},
			"faces": {
				"north": {"uv": [13, 0, 16, 16], "texture": "#3", "tintindex": 0},
				"east": {"uv": [0, 0, 16, 16], "texture": "#3", "tintindex": 0},
				"south": {"uv": [16, 0, 13, 16], "texture": "#3", "tintindex": 0},
				"west": {"uv": [0, 0, 16, 16], "texture": "#3", "tintindex": 0},
				"up": {"uv": [0, 16, 16, 13], "rotation": 270, "texture": "#3", "tintindex": 0},
				"down": {"uv": [0, 13, 16, 16], "rotation": 90, "texture": "#3", "tintindex": 0}
			}
		},
		{
			"from": [8.5, -1, 11.5],
			"to": [8.6875, 0, 12.5],
			"rotation": {"angle": 0, "axis": "y", "origin": [4.5, -2, 0.5]},
			"faces": {
				"north": {"uv": [16, 0, 13, 16], "texture": "#3", "tintindex": 0},
				"east": {"uv": [0, 0, 16, 16], "texture": "#3", "tintindex": 0},
				"south": {"uv": [13, 0, 16, 16], "texture": "#3", "tintindex": 0},
				"west": {"uv": [0, 0, 16, 16], "texture": "#3", "tintindex": 0},
				"up": {"uv": [0, 16, 16, 13], "rotation": 90, "texture": "#3", "tintindex": 0},
				"down": {"uv": [0, 13, 16, 16], "rotation": 270, "texture": "#3", "tintindex": 0}
			}
		},
		{
			"from": [9.5, -0.5, 7.5],
			"to": [10.5, 0, 8.5],
			"rotation": {"angle": 0, "axis": "y", "origin": [4.5, -2, 0.5]},
			"faces": {
				"north": {"uv": [0, 0, 16, 8], "texture": "#0", "tintindex": 0},
				"east": {"uv": [0, 0, 16, 8], "texture": "#0", "tintindex": 0},
				"south": {"uv": [0, 0, 16, 8], "texture": "#0", "tintindex": 0},
				"west": {"uv": [0, 0, 16, 8], "texture": "#0", "tintindex": 0},
				"up": {"uv": [0, 0, 16, 16], "texture": "#0", "tintindex": 0},
				"down": {"uv": [0, 0, 16, 16], "texture": "#0", "tintindex": 0}
			}
		},
		{
			"from": [9.5, -0.5, 8.5],
			"to": [10.5, 0, 9.5],
			"rotation": {"angle": 0, "axis": "y", "origin": [4.5, -2, 0.5]},
			"faces": {
				"north": {"uv": [0, 0, 16, 8], "texture": "#0", "tintindex": 0},
				"east": {"uv": [0, 0, 16, 8], "texture": "#0", "tintindex": 0},
				"south": {"uv": [0, 0, 16, 8], "texture": "#0", "tintindex": 0},
				"west": {"uv": [0, 0, 16, 8], "texture": "#0", "tintindex": 0},
				"up": {"uv": [0, 0, 16, 16], "texture": "#0", "tintindex": 0},
				"down": {"uv": [0, 0, 16, 16], "texture": "#0", "tintindex": 0}
			}
		},
		{
			"from": [10.5, -1, 4.5],
			"to": [10.6875, 0, 5.5],
			"rotation": {"angle": 0, "axis": "y", "origin": [4.5, -2, 0.5]},
			"faces": {
				"north": {"uv": [16, 0, 13, 16], "texture": "#3", "tintindex": 0},
				"east": {"uv": [0, 0, 16, 16], "texture": "#3", "tintindex": 0},
				"south": {"uv": [13, 0, 16, 16], "texture": "#3", "tintindex": 0},
				"west": {"uv": [0, 0, 16, 16], "texture": "#3", "tintindex": 0},
				"up": {"uv": [0, 16, 16, 13], "rotation": 90, "texture": "#3", "tintindex": 0},
				"down": {"uv": [0, 13, 16, 16], "rotation": 270, "texture": "#3", "tintindex": 0}
			}
		},
		{
			"from": [5.75, 0, 4.75],
			"to": [6.25, 1, 5.25],
			"rotation": {"angle": 0, "axis": "y", "origin": [4.5, -2, 0.5]},
			"faces": {
				"north": {"uv": [4, 0, 12, 16], "texture": "#4", "tintindex": 0},
				"east": {"uv": [4, 0, 12, 16], "texture": "#4", "tintindex": 0},
				"south": {"uv": [4, 0, 12, 16], "texture": "#4", "tintindex": 0},
				"west": {"uv": [4, 0, 12, 16], "texture": "#4", "tintindex": 0},
				"down": {"uv": [4, 4, 12, 12], "texture": "#4", "tintindex": 0}
			}
		},
		{
			"from": [5.5, 0, 7.5],
			"to": [6.5, 0.5, 8.5],
			"rotation": {"angle": 0, "axis": "y", "origin": [4.5, -2, 0.5]},
			"faces": {
				"north": {"uv": [0, 8, 16, 16], "texture": "#0", "tintindex": 0},
				"east": {"uv": [0, 8, 16, 16], "texture": "#0", "tintindex": 0},
				"south": {"uv": [0, 8, 16, 16], "texture": "#0", "tintindex": 0},
				"west": {"uv": [0, 8, 16, 16], "texture": "#0", "tintindex": 0},
				"up": {"uv": [0, 0, 16, 16], "texture": "#0", "tintindex": 0},
				"down": {"uv": [0, 0, 16, 16], "texture": "#0", "tintindex": 0}
			}
		},
		{
			"from": [5.5, 0, 8.5],
			"to": [6.5, 0.5, 9.5],
			"rotation": {"angle": 0, "axis": "y", "origin": [4.5, -2, 0.5]},
			"faces": {
				"north": {"uv": [0, 8, 16, 16], "texture": "#0", "tintindex": 0},
				"east": {"uv": [0, 8, 16, 16], "texture": "#0", "tintindex": 0},
				"south": {"uv": [0, 8, 16, 16], "texture": "#0", "tintindex": 0},
				"west": {"uv": [0, 8, 16, 16], "texture": "#0", "tintindex": 0},
				"up": {"uv": [0, 0, 16, 16], "texture": "#0", "tintindex": 0},
				"down": {"uv": [0, 0, 16, 16], "texture": "#0", "tintindex": 0}
			}
		},
		{
			"from": [7.5, 0.8125, 7.5],
			"to": [8.5, 1, 8.5],
			"rotation": {"angle": 0, "axis": "y", "origin": [4.5, -2, 0.5]},
			"faces": {
				"north": {"uv": [0, 16, 16, 13], "texture": "#3", "tintindex": 0},
				"east": {"uv": [0, 16, 16, 13], "texture": "#3", "tintindex": 0},
				"south": {"uv": [0, 16, 16, 13], "texture": "#3", "tintindex": 0},
				"west": {"uv": [0, 16, 16, 13], "texture": "#3", "tintindex": 0},
				"down": {"uv": [0, 0, 16, 16], "texture": "#3", "tintindex": 0}
			}
		},
		{
			"from": [7.75, 0, 9.75],
			"to": [8.25, 1, 10.25],
			"rotation": {"angle": 0, "axis": "y", "origin": [4.5, -2, 0.5]},
			"faces": {
				"north": {"uv": [4, 0, 12, 16], "texture": "#4", "tintindex": 0},
				"east": {"uv": [4, 0, 12, 16], "texture": "#4", "tintindex": 0},
				"south": {"uv": [4, 0, 12, 16], "texture": "#4", "tintindex": 0},
				"west": {"uv": [4, 0, 12, 16], "texture": "#4", "tintindex": 0},
				"down": {"uv": [4, 4, 12, 12], "texture": "#4", "tintindex": 0}
			}
		},
		{
			"from": [7.8125, 0, 10],
			"to": [8.1875, 0.875, 10.5],
			"rotation": {"angle": 0, "axis": "y", "origin": [4.5, -2, 0.5]},
			"faces": {
				"east": {"uv": [0, 2, 8, 16], "texture": "#4", "tintindex": 0},
				"west": {"uv": [8, 2, 16, 16], "texture": "#4", "tintindex": 0},
				"up": {"uv": [5, 8, 11, 16], "texture": "#4", "tintindex": 0},
				"down": {"uv": [5, 0, 11, 8], "texture": "#4", "tintindex": 0}
			}
		},
		{
			"from": [7.8125, 0, 10.5],
			"to": [8.1875, 0.875, 11],
			"rotation": {"angle": 0, "axis": "y", "origin": [4.5, -2, 0.5]},
			"faces": {
				"east": {"uv": [8, 2, 16, 16], "texture": "#4", "tintindex": 0},
				"west": {"uv": [0, 2, 8, 16], "texture": "#4", "tintindex": 0},
				"up": {"uv": [5, 0, 11, 8], "texture": "#4", "tintindex": 0},
				"down": {"uv": [5, 8, 11, 16], "texture": "#4", "tintindex": 0}
			}
		},
		{
			"from": [7.8125, 0, 11],
			"to": [8.1875, 0.875, 11.5],
			"rotation": {"angle": 0, "axis": "y", "origin": [4.5, -2, 0.5]},
			"faces": {
				"east": {"uv": [0, 2, 8, 16], "texture": "#4", "tintindex": 0},
				"west": {"uv": [8, 2, 16, 16], "texture": "#4", "tintindex": 0},
				"up": {"uv": [5, 8, 11, 16], "texture": "#4", "tintindex": 0},
				"down": {"uv": [5, 0, 11, 8], "texture": "#4", "tintindex": 0}
			}
		},
		{
			"from": [7.75, 0, 11.75],
			"to": [8.25, 1, 12.25],
			"rotation": {"angle": 0, "axis": "y", "origin": [4.5, -2, 0.5]},
			"faces": {
				"north": {"uv": [4, 0, 12, 16], "texture": "#4", "tintindex": 0},
				"east": {"uv": [4, 0, 12, 16], "texture": "#4", "tintindex": 0},
				"south": {"uv": [4, 0, 12, 16], "texture": "#4", "tintindex": 0},
				"west": {"uv": [4, 0, 12, 16], "texture": "#4", "tintindex": 0},
				"up": {"uv": [4, 4, 12, 12], "texture": "#4", "tintindex": 0},
				"down": {"uv": [4, 4, 12, 12], "texture": "#4", "tintindex": 0}
			}
		},
		{
			"from": [7.8125, 0, 11.5],
			"to": [8.1875, 0.875, 12],
			"rotation": {"angle": 0, "axis": "y", "origin": [4.5, -2, 0.5]},
			"faces": {
				"east": {"uv": [8, 2, 16, 16], "texture": "#4", "tintindex": 0},
				"west": {"uv": [0, 2, 8, 16], "texture": "#4", "tintindex": 0},
				"up": {"uv": [5, 0, 11, 8], "texture": "#4", "tintindex": 0},
				"down": {"uv": [5, 8, 11, 16], "texture": "#4", "tintindex": 0}
			}
		},
		{
			"from": [7.5, 0, 13.5],
			"to": [8.5, 0.5, 14.5],
			"rotation": {"angle": 0, "axis": "y", "origin": [4.5, -2, 0.5]},
			"faces": {
				"north": {"uv": [0, 8, 16, 16], "texture": "#0", "tintindex": 0},
				"east": {"uv": [0, 8, 16, 16], "texture": "#0", "tintindex": 0},
				"south": {"uv": [0, 8, 16, 16], "texture": "#0", "tintindex": 0},
				"west": {"uv": [0, 8, 16, 16], "texture": "#0", "tintindex": 0},
				"up": {"uv": [0, 0, 16, 16], "texture": "#0", "tintindex": 0},
				"down": {"uv": [0, 0, 16, 16], "texture": "#0", "tintindex": 0}
			}
		},
		{
			"from": [7.5, 0, 14.5],
			"to": [8.5, 0.5, 15.5],
			"rotation": {"angle": 0, "axis": "y", "origin": [4.5, -2, 0.5]},
			"faces": {
				"north": {"uv": [0, 8, 16, 16], "texture": "#0", "tintindex": 0},
				"east": {"uv": [0, 8, 16, 16], "texture": "#0", "tintindex": 0},
				"south": {"uv": [0, 8, 16, 16], "texture": "#0", "tintindex": 0},
				"west": {"uv": [0, 8, 16, 16], "texture": "#0", "tintindex": 0},
				"up": {"uv": [0, 0, 16, 16], "texture": "#0", "tintindex": 0},
				"down": {"uv": [0, 0, 16, 16], "texture": "#0", "tintindex": 0}
			}
		},
		{
			"from": [9.75, 0, 4.75],
			"to": [10.25, 1, 5.25],
			"rotation": {"angle": 0, "axis": "y", "origin": [4.5, -2, 0.5]},
			"faces": {
				"north": {"uv": [4, 0, 12, 16], "texture": "#4", "tintindex": 0},
				"east": {"uv": [4, 0, 12, 16], "texture": "#4", "tintindex": 0},
				"south": {"uv": [4, 0, 12, 16], "texture": "#4", "tintindex": 0},
				"west": {"uv": [4, 0, 12, 16], "texture": "#4", "tintindex": 0},
				"down": {"uv": [4, 4, 12, 12], "texture": "#4", "tintindex": 0}
			}
		},
		{
			"from": [9.5, 0, 7.5],
			"to": [10.5, 0.5, 8.5],
			"rotation": {"angle": 0, "axis": "y", "origin": [4.5, -2, 0.5]},
			"faces": {
				"north": {"uv": [0, 8, 16, 16], "texture": "#0", "tintindex": 0},
				"east": {"uv": [0, 8, 16, 16], "texture": "#0", "tintindex": 0},
				"south": {"uv": [0, 8, 16, 16], "texture": "#0", "tintindex": 0},
				"west": {"uv": [0, 8, 16, 16], "texture": "#0", "tintindex": 0},
				"up": {"uv": [0, 0, 16, 16], "texture": "#0", "tintindex": 0},
				"down": {"uv": [0, 0, 16, 16], "texture": "#0", "tintindex": 0}
			}
		},
		{
			"from": [9.5, 0, 8.5],
			"to": [10.5, 0.5, 9.5],
			"rotation": {"angle": 0, "axis": "y", "origin": [4.5, -2, 0.5]},
			"faces": {
				"north": {"uv": [0, 8, 16, 16], "texture": "#0", "tintindex": 0},
				"east": {"uv": [0, 8, 16, 16], "texture": "#0", "tintindex": 0},
				"south": {"uv": [0, 8, 16, 16], "texture": "#0", "tintindex": 0},
				"west": {"uv": [0, 8, 16, 16], "texture": "#0", "tintindex": 0},
				"up": {"uv": [0, 0, 16, 16], "texture": "#0", "tintindex": 0},
				"down": {"uv": [0, 0, 16, 16], "texture": "#0", "tintindex": 0}
			}
		},
		{
			"from": [5.875, 1, 0.875],
			"to": [6.125, 2, 1.125],
			"rotation": {"angle": 0, "axis": "y", "origin": [4.5, -2, 0.5]},
			"faces": {
				"north": {"uv": [6, 0, 10, 16], "texture": "#5", "tintindex": 0},
				"east": {"uv": [6, 0, 10, 16], "texture": "#5", "tintindex": 0},
				"south": {"uv": [6, 0, 10, 16], "texture": "#5", "tintindex": 0},
				"west": {"uv": [6, 0, 10, 16], "texture": "#5", "tintindex": 0},
				"up": {"uv": [6, 6, 10, 10], "texture": "#5", "tintindex": 0},
				"down": {"uv": [6, 6, 10, 10], "texture": "#5", "tintindex": 0}
			}
		},
		{
			"from": [5.9375, 1.75, 0.9375],
			"to": [6.0625, 1.9375, 1.5],
			"rotation": {"angle": 0, "axis": "y", "origin": [4.5, -2, 0.5]},
			"faces": {
				"east": {"uv": [0, 1, 9, 4], "texture": "#5", "tintindex": 0},
				"west": {"uv": [0, 1, 9, 4], "texture": "#5", "tintindex": 0},
				"up": {"uv": [7, 7, 9, 16], "texture": "#5", "tintindex": 0},
				"down": {"uv": [7, 7, 9, 16], "texture": "#5", "tintindex": 0}
			}
		},
		{
			"from": [5.9375, 1.375, 0.9375],
			"to": [6.0625, 1.5625, 1.5],
			"rotation": {"angle": 0, "axis": "y", "origin": [4.5, -2, 0.5]},
			"faces": {
				"east": {"uv": [0, 7, 9, 10], "texture": "#5", "tintindex": 0},
				"west": {"uv": [0, 7, 9, 10], "texture": "#5", "tintindex": 0},
				"up": {"uv": [7, 7, 9, 16], "texture": "#5", "tintindex": 0},
				"down": {"uv": [7, 7, 9, 16], "texture": "#5", "tintindex": 0}
			}
		},
		{
			"from": [5.875, 1, 1.875],
			"to": [6.125, 2, 2.125],
			"rotation": {"angle": 0, "axis": "y", "origin": [4.5, -2, 0.5]},
			"faces": {
				"north": {"uv": [6, 0, 10, 16], "texture": "#5", "tintindex": 0},
				"east": {"uv": [6, 0, 10, 16], "texture": "#5", "tintindex": 0},
				"south": {"uv": [6, 0, 10, 16], "texture": "#5", "tintindex": 0},
				"west": {"uv": [6, 0, 10, 16], "texture": "#5", "tintindex": 0},
				"down": {"uv": [6, 6, 10, 10], "texture": "#5", "tintindex": 0}
			}
		},
		{
			"from": [5.9375, 1.75, 1.5],
			"to": [6.0625, 1.9375, 2.0625],
			"rotation": {"angle": 0, "axis": "y", "origin": [4.5, -2, 0.5]},
			"faces": {
				"east": {"uv": [0, 1, 9, 4], "texture": "#5", "tintindex": 0},
				"west": {"uv": [0, 1, 9, 4], "texture": "#5", "tintindex": 0},
				"up": {"uv": [7, 0, 9, 9], "texture": "#5", "tintindex": 0},
				"down": {"uv": [7, 0, 9, 9], "texture": "#5", "tintindex": 0}
			}
		},
		{
			"from": [5.9375, 1.375, 1.5],
			"to": [6.0625, 1.5625, 2.0625],
			"rotation": {"angle": 0, "axis": "y", "origin": [4.5, -2, 0.5]},
			"faces": {
				"east": {"uv": [0, 7, 9, 10], "texture": "#5", "tintindex": 0},
				"west": {"uv": [0, 7, 9, 10], "texture": "#5", "tintindex": 0},
				"up": {"uv": [7, 0, 9, 9], "texture": "#5", "tintindex": 0},
				"down": {"uv": [7, 0, 9, 9], "texture": "#5", "tintindex": 0}
			}
		},
		{
			"from": [5.75, 1, 4.75],
			"to": [6.25, 2, 5.25],
			"rotation": {"angle": 0, "axis": "y", "origin": [4.5, -2, 0.5]},
			"faces": {
				"north": {"uv": [4, 0, 12, 16], "texture": "#4", "tintindex": 0},
				"east": {"uv": [4, 0, 12, 16], "texture": "#4", "tintindex": 0},
				"south": {"uv": [4, 0, 12, 16], "texture": "#4", "tintindex": 0},
				"west": {"uv": [4, 0, 12, 16], "texture": "#4", "tintindex": 0},
				"up": {"uv": [4, 4, 12, 12], "texture": "#4", "tintindex": 0}
			}
		},
		{
			"from": [6.5, 1.5, 2.5],
			"to": [7.5, 2, 3.5],
			"rotation": {"angle": 0, "axis": "y", "origin": [4.5, -2, 0.5]},
			"faces": {
				"north": {"uv": [0, 0, 16, 8], "texture": "#1", "tintindex": 0},
				"south": {"uv": [0, 0, 16, 8], "texture": "#1", "tintindex": 0},
				"west": {"uv": [0, 0, 16, 8], "texture": "#1", "tintindex": 0},
				"up": {"uv": [0, 0, 16, 16], "texture": "#1", "tintindex": 0},
				"down": {"uv": [0, 0, 16, 16], "texture": "#1", "tintindex": 0}
			}
		},
		{
			"from": [7, 1, 2.5],
			"to": [7.5, 1.5, 3.5],
			"rotation": {"angle": 0, "axis": "y", "origin": [4.5, -2, 0.5]},
			"faces": {
				"north": {"uv": [0, 8, 8, 16], "texture": "#1", "tintindex": 0},
				"south": {"uv": [8, 8, 16, 16], "texture": "#1", "tintindex": 0},
				"west": {"uv": [0, 8, 16, 16], "texture": "#1", "tintindex": 0},
				"down": {"uv": [8, 0, 16, 16], "texture": "#1", "tintindex": 0}
			}
		},
		{
			"from": [6.5, 1.5, 3.5],
			"to": [7.5, 2, 4.5],
			"rotation": {"angle": 0, "axis": "y", "origin": [4.5, -2, 0.5]},
			"faces": {
				"north": {"uv": [0, 0, 16, 8], "texture": "#1", "tintindex": 0},
				"south": {"uv": [0, 0, 16, 8], "texture": "#1", "tintindex": 0},
				"west": {"uv": [0, 0, 16, 8], "texture": "#1", "tintindex": 0},
				"up": {"uv": [0, 0, 16, 16], "texture": "#1", "tintindex": 0},
				"down": {"uv": [0, 0, 16, 16], "texture": "#1", "tintindex": 0}
			}
		},
		{
			"from": [7, 1, 3.5],
			"to": [7.5, 1.5, 4.5],
			"rotation": {"angle": 0, "axis": "y", "origin": [4.5, -2, 0.5]},
			"faces": {
				"north": {"uv": [0, 8, 8, 16], "texture": "#1", "tintindex": 0},
				"south": {"uv": [8, 8, 16, 16], "texture": "#1", "tintindex": 0},
				"west": {"uv": [0, 8, 16, 16], "texture": "#1", "tintindex": 0},
				"down": {"uv": [8, 0, 16, 16], "texture": "#1", "tintindex": 0}
			}
		},
		{
			"from": [6.5, 1.5, 4.5],
			"to": [7.5, 2, 5.5],
			"rotation": {"angle": 0, "axis": "y", "origin": [4.5, -2, 0.5]},
			"faces": {
				"north": {"uv": [0, 0, 16, 8], "texture": "#1", "tintindex": 0},
				"south": {"uv": [0, 0, 16, 8], "texture": "#1", "tintindex": 0},
				"west": {"uv": [0, 0, 16, 8], "texture": "#1", "tintindex": 0},
				"up": {"uv": [0, 0, 16, 16], "texture": "#1", "tintindex": 0},
				"down": {"uv": [0, 0, 16, 16], "texture": "#1", "tintindex": 0}
			}
		},
		{
			"from": [7, 1, 4.5],
			"to": [7.5, 1.5, 5.5],
			"rotation": {"angle": 0, "axis": "y", "origin": [4.5, -2, 0.5]},
			"faces": {
				"north": {"uv": [0, 8, 8, 16], "texture": "#1", "tintindex": 0},
				"south": {"uv": [8, 8, 16, 16], "texture": "#1", "tintindex": 0},
				"west": {"uv": [0, 8, 16, 16], "texture": "#1", "tintindex": 0},
				"down": {"uv": [8, 0, 16, 16], "texture": "#1", "tintindex": 0}
			}
		},
		{
			"from": [6.5, 1.5, 5.5],
			"to": [7.5, 2, 6.5],
			"rotation": {"angle": 0, "axis": "y", "origin": [4.5, -2, 0.5]},
			"faces": {
				"north": {"uv": [0, 0, 16, 8], "texture": "#1", "tintindex": 0},
				"south": {"uv": [0, 0, 16, 8], "texture": "#1", "tintindex": 0},
				"west": {"uv": [0, 0, 16, 8], "texture": "#1", "tintindex": 0},
				"up": {"uv": [0, 0, 16, 16], "texture": "#1", "tintindex": 0},
				"down": {"uv": [0, 0, 16, 16], "texture": "#1", "tintindex": 0}
			}
		},
		{
			"from": [7, 1, 5.5],
			"to": [7.5, 1.5, 6.5],
			"rotation": {"angle": 0, "axis": "y", "origin": [4.5, -2, 0.5]},
			"faces": {
				"north": {"uv": [0, 8, 8, 16], "texture": "#1", "tintindex": 0},
				"south": {"uv": [8, 8, 16, 16], "texture": "#1", "tintindex": 0},
				"west": {"uv": [0, 8, 16, 16], "texture": "#1", "tintindex": 0},
				"down": {"uv": [8, 0, 16, 16], "texture": "#1", "tintindex": 0}
			}
		},
		{
			"from": [6.5, 1.5, 6.5],
			"to": [7.5, 2, 7.5],
			"rotation": {"angle": 0, "axis": "y", "origin": [4.5, -2, 0.5]},
			"faces": {
				"north": {"uv": [0, 0, 16, 8], "texture": "#1", "tintindex": 0},
				"south": {"uv": [0, 0, 16, 8], "texture": "#1", "tintindex": 0},
				"west": {"uv": [0, 0, 16, 8], "texture": "#1", "tintindex": 0},
				"down": {"uv": [0, 0, 16, 16], "texture": "#1", "tintindex": 0}
			}
		},
		{
			"from": [7, 1, 6.5],
			"to": [7.5, 1.5, 7.5],
			"rotation": {"angle": 0, "axis": "y", "origin": [4.5, -2, 0.5]},
			"faces": {
				"north": {"uv": [0, 8, 8, 16], "texture": "#1", "tintindex": 0},
				"south": {"uv": [8, 8, 16, 16], "texture": "#1", "tintindex": 0},
				"west": {"uv": [0, 8, 16, 16], "texture": "#1", "tintindex": 0},
				"down": {"uv": [8, 0, 16, 16], "texture": "#1", "tintindex": 0}
			}
		},
		{
			"from": [7.3125, 1, 7.5],
			"to": [7.5, 2, 8.5],
			"rotation": {"angle": 0, "axis": "y", "origin": [4.5, -2, 0.5]},
			"faces": {
				"north": {"uv": [13, 0, 16, 16], "texture": "#3", "tintindex": 0},
				"south": {"uv": [16, 0, 13, 16], "texture": "#3", "tintindex": 0},
				"west": {"uv": [0, 0, 16, 16], "texture": "#3", "tintindex": 0},
				"up": {"uv": [0, 16, 16, 13], "rotation": 270, "texture": "#3", "tintindex": 0},
				"down": {"uv": [0, 13, 16, 16], "rotation": 90, "texture": "#3", "tintindex": 0}
			}
		},
		{
			"from": [7.5, 1, 1.3125],
			"to": [8.5, 2, 1.5],
			"rotation": {"angle": 0, "axis": "y", "origin": [4.5, -2, 0.5]},
			"faces": {
				"north": {"uv": [0, 0, 16, 16], "texture": "#3", "tintindex": 0},
				"east": {"uv": [13, 0, 16, 16], "texture": "#3", "tintindex": 0},
				"south": {"uv": [0, 0, 16, 16], "texture": "#3", "tintindex": 0},
				"west": {"uv": [16, 0, 13, 16], "texture": "#3", "tintindex": 0},
				"up": {"uv": [0, 16, 16, 13], "texture": "#3", "tintindex": 0},
				"down": {"uv": [0, 13, 16, 16], "texture": "#3", "tintindex": 0}
			}
		},
		{
			"from": [7.8125, 1, 8.5],
			"to": [8.1875, 1.875, 9],
			"rotation": {"angle": 0, "axis": "y", "origin": [4.5, -2, 0.5]},
			"faces": {
				"east": {"uv": [8, 2, 16, 16], "texture": "#4", "tintindex": 0},
				"west": {"uv": [0, 2, 8, 16], "texture": "#4", "tintindex": 0},
				"up": {"uv": [5, 0, 11, 8], "texture": "#4", "tintindex": 0},
				"down": {"uv": [5, 8, 11, 16], "texture": "#4", "tintindex": 0}
			}
		},
		{
			"from": [7.8125, 1, 9],
			"to": [8.1875, 1.875, 9.5],
			"rotation": {"angle": 0, "axis": "y", "origin": [4.5, -2, 0.5]},
			"faces": {
				"east": {"uv": [0, 2, 8, 16], "texture": "#4", "tintindex": 0},
				"west": {"uv": [8, 2, 16, 16], "texture": "#4", "tintindex": 0},
				"up": {"uv": [5, 8, 11, 16], "texture": "#4", "tintindex": 0},
				"down": {"uv": [5, 0, 11, 8], "texture": "#4", "tintindex": 0}
			}
		},
		{
			"from": [7.75, 1, 9.75],
			"to": [8.25, 2, 10.25],
			"rotation": {"angle": 0, "axis": "y", "origin": [4.5, -2, 0.5]},
			"faces": {
				"north": {"uv": [4, 0, 12, 16], "texture": "#4", "tintindex": 0},
				"east": {"uv": [4, 0, 12, 16], "texture": "#4", "tintindex": 0},
				"south": {"uv": [4, 0, 12, 16], "texture": "#4", "tintindex": 0},
				"west": {"uv": [4, 0, 12, 16], "texture": "#4", "tintindex": 0},
				"up": {"uv": [4, 4, 12, 12], "texture": "#4", "tintindex": 0}
			}
		},
		{
			"from": [7.8125, 1, 9.5],
			"to": [8.1875, 1.875, 10],
			"rotation": {"angle": 0, "axis": "y", "origin": [4.5, -2, 0.5]},
			"faces": {
				"east": {"uv": [8, 2, 16, 16], "texture": "#4", "tintindex": 0},
				"west": {"uv": [0, 2, 8, 16], "texture": "#4", "tintindex": 0},
				"up": {"uv": [5, 0, 11, 8], "texture": "#4", "tintindex": 0}
			}
		},
		{
			"from": [8.5, 1.5, 2.5],
			"to": [9.5, 2, 3.5],
			"rotation": {"angle": 0, "axis": "y", "origin": [4.5, -2, 0.5]},
			"faces": {
				"north": {"uv": [0, 0, 16, 8], "texture": "#1", "tintindex": 0},
				"east": {"uv": [0, 0, 16, 8], "texture": "#1", "tintindex": 0},
				"south": {"uv": [0, 0, 16, 8], "texture": "#1", "tintindex": 0},
				"up": {"uv": [0, 0, 16, 16], "texture": "#1", "tintindex": 0},
				"down": {"uv": [0, 0, 16, 16], "texture": "#1", "tintindex": 0}
			}
		},
		{
			"from": [8.5, 1, 2.5],
			"to": [9, 1.5, 3.5],
			"rotation": {"angle": 0, "axis": "y", "origin": [4.5, -2, 0.5]},
			"faces": {
				"north": {"uv": [8, 8, 16, 16], "texture": "#1", "tintindex": 0},
				"east": {"uv": [0, 8, 16, 16], "texture": "#1", "tintindex": 0},
				"south": {"uv": [0, 8, 8, 16], "texture": "#1", "tintindex": 0},
				"down": {"uv": [0, 0, 8, 16], "texture": "#1", "tintindex": 0}
			}
		},
		{
			"from": [8.5, 1.5, 3.5],
			"to": [9.5, 2, 4.5],
			"rotation": {"angle": 0, "axis": "y", "origin": [4.5, -2, 0.5]},
			"faces": {
				"north": {"uv": [0, 0, 16, 8], "texture": "#1", "tintindex": 0},
				"east": {"uv": [0, 0, 16, 8], "texture": "#1", "tintindex": 0},
				"south": {"uv": [0, 0, 16, 8], "texture": "#1", "tintindex": 0},
				"up": {"uv": [0, 0, 16, 16], "texture": "#1", "tintindex": 0},
				"down": {"uv": [0, 0, 16, 16], "texture": "#1", "tintindex": 0}
			}
		},
		{
			"from": [8.5, 1, 3.5],
			"to": [9, 1.5, 4.5],
			"rotation": {"angle": 0, "axis": "y", "origin": [4.5, -2, 0.5]},
			"faces": {
				"north": {"uv": [8, 8, 16, 16], "texture": "#1", "tintindex": 0},
				"east": {"uv": [0, 8, 16, 16], "texture": "#1", "tintindex": 0},
				"south": {"uv": [0, 8, 8, 16], "texture": "#1", "tintindex": 0},
				"down": {"uv": [0, 0, 8, 16], "texture": "#1", "tintindex": 0}
			}
		},
		{
			"from": [8.5, 1.5, 4.5],
			"to": [9.5, 2, 5.5],
			"rotation": {"angle": 0, "axis": "y", "origin": [4.5, -2, 0.5]},
			"faces": {
				"north": {"uv": [0, 0, 16, 8], "texture": "#1", "tintindex": 0},
				"east": {"uv": [0, 0, 16, 8], "texture": "#1", "tintindex": 0},
				"south": {"uv": [0, 0, 16, 8], "texture": "#1", "tintindex": 0},
				"up": {"uv": [0, 0, 16, 16], "texture": "#1", "tintindex": 0},
				"down": {"uv": [0, 0, 16, 16], "texture": "#1", "tintindex": 0}
			}
		},
		{
			"from": [8.5, 1, 4.5],
			"to": [9, 1.5, 5.5],
			"rotation": {"angle": 0, "axis": "y", "origin": [4.5, -2, 0.5]},
			"faces": {
				"north": {"uv": [8, 8, 16, 16], "texture": "#1", "tintindex": 0},
				"east": {"uv": [0, 8, 16, 16], "texture": "#1", "tintindex": 0},
				"south": {"uv": [0, 8, 8, 16], "texture": "#1", "tintindex": 0},
				"down": {"uv": [0, 0, 8, 16], "texture": "#1", "tintindex": 0}
			}
		},
		{
			"from": [8.5, 1.5, 5.5],
			"to": [9.5, 2, 6.5],
			"rotation": {"angle": 0, "axis": "y", "origin": [4.5, -2, 0.5]},
			"faces": {
				"north": {"uv": [0, 0, 16, 8], "texture": "#1", "tintindex": 0},
				"east": {"uv": [0, 0, 16, 8], "texture": "#1", "tintindex": 0},
				"south": {"uv": [0, 0, 16, 8], "texture": "#1", "tintindex": 0},
				"up": {"uv": [0, 0, 16, 16], "texture": "#1", "tintindex": 0},
				"down": {"uv": [0, 0, 16, 16], "texture": "#1", "tintindex": 0}
			}
		},
		{
			"from": [8.5, 1, 5.5],
			"to": [9, 1.5, 6.5],
			"rotation": {"angle": 0, "axis": "y", "origin": [4.5, -2, 0.5]},
			"faces": {
				"north": {"uv": [8, 8, 16, 16], "texture": "#1", "tintindex": 0},
				"east": {"uv": [0, 8, 16, 16], "texture": "#1", "tintindex": 0},
				"south": {"uv": [0, 8, 8, 16], "texture": "#1", "tintindex": 0},
				"down": {"uv": [0, 0, 8, 16], "texture": "#1", "tintindex": 0}
			}
		},
		{
			"from": [8.5, 1.5, 6.5],
			"to": [9.5, 2, 7.5],
			"rotation": {"angle": 0, "axis": "y", "origin": [4.5, -2, 0.5]},
			"faces": {
				"north": {"uv": [0, 0, 16, 8], "texture": "#1", "tintindex": 0},
				"east": {"uv": [0, 0, 16, 8], "texture": "#1", "tintindex": 0},
				"south": {"uv": [0, 0, 16, 8], "texture": "#1", "tintindex": 0},
				"down": {"uv": [0, 0, 16, 16], "texture": "#1", "tintindex": 0}
			}
		},
		{
			"from": [8.5, 1, 6.5],
			"to": [9, 1.5, 7.5],
			"rotation": {"angle": 0, "axis": "y", "origin": [4.5, -2, 0.5]},
			"faces": {
				"north": {"uv": [8, 8, 16, 16], "texture": "#1", "tintindex": 0},
				"east": {"uv": [0, 8, 16, 16], "texture": "#1", "tintindex": 0},
				"south": {"uv": [0, 8, 8, 16], "texture": "#1", "tintindex": 0},
				"down": {"uv": [0, 0, 8, 16], "texture": "#1", "tintindex": 0}
			}
		},
		{
			"from": [8.5, 1, 7.5],
			"to": [8.6875, 2, 8.5],
			"rotation": {"angle": 0, "axis": "y", "origin": [4.5, -2, 0.5]},
			"faces": {
				"north": {"uv": [16, 0, 13, 16], "texture": "#3", "tintindex": 0},
				"east": {"uv": [0, 0, 16, 16], "texture": "#3", "tintindex": 0},
				"south": {"uv": [13, 0, 16, 16], "texture": "#3", "tintindex": 0},
				"up": {"uv": [0, 16, 16, 13], "rotation": 90, "texture": "#3", "tintindex": 0},
				"down": {"uv": [0, 13, 16, 16], "rotation": 270, "texture": "#3", "tintindex": 0}
			}
		},
		{
			"from": [9.875, 1, 0.875],
			"to": [10.125, 2, 1.125],
			"rotation": {"angle": 0, "axis": "y", "origin": [4.5, -2, 0.5]},
			"faces": {
				"north": {"uv": [6, 0, 10, 16], "texture": "#5", "tintindex": 0},
				"east": {"uv": [6, 0, 10, 16], "texture": "#5", "tintindex": 0},
				"south": {"uv": [6, 0, 10, 16], "texture": "#5", "tintindex": 0},
				"west": {"uv": [6, 0, 10, 16], "texture": "#5", "tintindex": 0},
				"up": {"uv": [6, 6, 10, 10], "texture": "#5", "tintindex": 0},
				"down": {"uv": [6, 6, 10, 10], "texture": "#5", "tintindex": 0}
			}
		},
		{
			"from": [9.9375, 1.75, 0.9375],
			"to": [10.0625, 1.9375, 1.5],
			"rotation": {"angle": 0, "axis": "y", "origin": [4.5, -2, 0.5]},
			"faces": {
				"east": {"uv": [0, 1, 9, 4], "texture": "#5", "tintindex": 0},
				"west": {"uv": [0, 1, 9, 4], "texture": "#5", "tintindex": 0},
				"up": {"uv": [7, 7, 9, 16], "texture": "#5", "tintindex": 0},
				"down": {"uv": [7, 7, 9, 16], "texture": "#5", "tintindex": 0}
			}
		},
		{
			"from": [9.9375, 1.375, 0.9375],
			"to": [10.0625, 1.5625, 1.5],
			"rotation": {"angle": 0, "axis": "y", "origin": [4.5, -2, 0.5]},
			"faces": {
				"east": {"uv": [0, 7, 9, 10], "texture": "#5", "tintindex": 0},
				"west": {"uv": [0, 7, 9, 10], "texture": "#5", "tintindex": 0},
				"up": {"uv": [7, 7, 9, 16], "texture": "#5", "tintindex": 0},
				"down": {"uv": [7, 7, 9, 16], "texture": "#5", "tintindex": 0}
			}
		},
		{
			"from": [9.875, 1, 1.875],
			"to": [10.125, 2, 2.125],
			"rotation": {"angle": 0, "axis": "y", "origin": [4.5, -2, 0.5]},
			"faces": {
				"north": {"uv": [6, 0, 10, 16], "texture": "#5", "tintindex": 0},
				"east": {"uv": [6, 0, 10, 16], "texture": "#5", "tintindex": 0},
				"south": {"uv": [6, 0, 10, 16], "texture": "#5", "tintindex": 0},
				"west": {"uv": [6, 0, 10, 16], "texture": "#5", "tintindex": 0},
				"down": {"uv": [6, 6, 10, 10], "texture": "#5", "tintindex": 0}
			}
		},
		{
			"from": [9.9375, 1.75, 1.5],
			"to": [10.0625, 1.9375, 2.0625],
			"rotation": {"angle": 0, "axis": "y", "origin": [4.5, -2, 0.5]},
			"faces": {
				"east": {"uv": [0, 1, 9, 4], "texture": "#5", "tintindex": 0},
				"west": {"uv": [0, 1, 9, 4], "texture": "#5", "tintindex": 0},
				"up": {"uv": [7, 0, 9, 9], "texture": "#5", "tintindex": 0},
				"down": {"uv": [7, 0, 9, 9], "texture": "#5", "tintindex": 0}
			}
		},
		{
			"from": [9.9375, 1.375, 1.5],
			"to": [10.0625, 1.5625, 2.0625],
			"rotation": {"angle": 0, "axis": "y", "origin": [4.5, -2, 0.5]},
			"faces": {
				"east": {"uv": [0, 7, 9, 10], "texture": "#5", "tintindex": 0},
				"west": {"uv": [0, 7, 9, 10], "texture": "#5", "tintindex": 0},
				"up": {"uv": [7, 0, 9, 9], "texture": "#5", "tintindex": 0},
				"down": {"uv": [7, 0, 9, 9], "texture": "#5", "tintindex": 0}
			}
		},
		{
			"from": [9.75, 1, 4.75],
			"to": [10.25, 2, 5.25],
			"rotation": {"angle": 0, "axis": "y", "origin": [4.5, -2, 0.5]},
			"faces": {
				"north": {"uv": [4, 0, 12, 16], "texture": "#4", "tintindex": 0},
				"east": {"uv": [4, 0, 12, 16], "texture": "#4", "tintindex": 0},
				"south": {"uv": [4, 0, 12, 16], "texture": "#4", "tintindex": 0},
				"west": {"uv": [4, 0, 12, 16], "texture": "#4", "tintindex": 0},
				"up": {"uv": [4, 4, 12, 12], "texture": "#4", "tintindex": 0}
			}
		},
		{
			"from": [6.3125, 2, 0.5],
			"to": [6.5, 3, 1.5],
			"rotation": {"angle": 0, "axis": "y", "origin": [4.5, -2, 0.5]},
			"faces": {
				"north": {"uv": [0, 3, 16, 0], "rotation": 90, "texture": "#6", "tintindex": 0},
				"east": {"uv": [0, 16, 16, 0], "texture": "#6", "tintindex": 0},
				"south": {"uv": [0, 0, 16, 3], "rotation": 90, "texture": "#6", "tintindex": 0},
				"west": {"uv": [0, 16, 16, 0], "texture": "#6", "tintindex": 0},
				"up": {"uv": [0, 3, 16, 0], "rotation": 270, "texture": "#6", "tintindex": 0},
				"down": {"uv": [0, 0, 16, 3], "rotation": 90, "texture": "#6", "tintindex": 0}
			}
		},
		{
			"from": [5.875, 2, 1.875],
			"to": [6.125, 3, 2.125],
			"rotation": {"angle": 0, "axis": "y", "origin": [4.5, -2, 0.5]},
			"faces": {
				"north": {"uv": [6, 0, 10, 16], "texture": "#5", "tintindex": 0},
				"east": {"uv": [6, 0, 10, 16], "texture": "#5", "tintindex": 0},
				"south": {"uv": [6, 0, 10, 16], "texture": "#5", "tintindex": 0},
				"west": {"uv": [6, 0, 10, 16], "texture": "#5", "tintindex": 0}
			}
		},
		{
			"from": [5.9375, 2.75, 1.9375],
			"to": [6.0625, 2.9375, 2.5],
			"rotation": {"angle": 0, "axis": "y", "origin": [4.5, -2, 0.5]},
			"faces": {
				"east": {"uv": [0, 1, 9, 4], "texture": "#5", "tintindex": 0},
				"west": {"uv": [0, 1, 9, 4], "texture": "#5", "tintindex": 0},
				"up": {"uv": [7, 7, 9, 16], "texture": "#5", "tintindex": 0},
				"down": {"uv": [7, 7, 9, 16], "texture": "#5", "tintindex": 0}
			}
		},
		{
			"from": [5.9375, 2.375, 1.9375],
			"to": [6.0625, 2.5625, 2.5],
			"rotation": {"angle": 0, "axis": "y", "origin": [4.5, -2, 0.5]},
			"faces": {
				"east": {"uv": [0, 7, 9, 10], "texture": "#5", "tintindex": 0},
				"west": {"uv": [0, 7, 9, 10], "texture": "#5", "tintindex": 0},
				"up": {"uv": [7, 7, 9, 16], "texture": "#5", "tintindex": 0},
				"down": {"uv": [7, 7, 9, 16], "texture": "#5", "tintindex": 0}
			}
		},
		{
			"from": [5.875, 2, 2.875],
			"to": [6.125, 3, 3.125],
			"rotation": {"angle": 0, "axis": "y", "origin": [4.5, -2, 0.5]},
			"faces": {
				"north": {"uv": [6, 0, 10, 16], "texture": "#5", "tintindex": 0},
				"east": {"uv": [6, 0, 10, 16], "texture": "#5", "tintindex": 0},
				"south": {"uv": [6, 0, 10, 16], "texture": "#5", "tintindex": 0},
				"west": {"uv": [6, 0, 10, 16], "texture": "#5", "tintindex": 0},
				"up": {"uv": [6, 6, 10, 10], "texture": "#5", "tintindex": 0},
				"down": {"uv": [6, 6, 10, 10], "texture": "#5", "tintindex": 0}
			}
		},
		{
			"from": [5.9375, 2.75, 2.5],
			"to": [6.0625, 2.9375, 3.0625],
			"rotation": {"angle": 0, "axis": "y", "origin": [4.5, -2, 0.5]},
			"faces": {
				"east": {"uv": [0, 1, 9, 4], "texture": "#5", "tintindex": 0},
				"west": {"uv": [0, 1, 9, 4], "texture": "#5", "tintindex": 0},
				"up": {"uv": [7, 0, 9, 9], "texture": "#5", "tintindex": 0},
				"down": {"uv": [7, 0, 9, 9], "texture": "#5", "tintindex": 0}
			}
		},
		{
			"from": [5.9375, 2.375, 2.5],
			"to": [6.0625, 2.5625, 3.0625],
			"rotation": {"angle": 0, "axis": "y", "origin": [4.5, -2, 0.5]},
			"faces": {
				"east": {"uv": [0, 7, 9, 10], "texture": "#5", "tintindex": 0},
				"west": {"uv": [0, 7, 9, 10], "texture": "#5", "tintindex": 0},
				"up": {"uv": [7, 0, 9, 9], "texture": "#5", "tintindex": 0},
				"down": {"uv": [7, 0, 9, 9], "texture": "#5", "tintindex": 0}
			}
		},
		{
			"from": [5.9375, 2.75, 2.9375],
			"to": [6.5, 2.9375, 3.0625],
			"rotation": {"angle": 0, "axis": "y", "origin": [4.5, -2, 0.5]},
			"faces": {
				"north": {"uv": [0, 1, 9, 4], "texture": "#5", "tintindex": 0},
				"south": {"uv": [0, 1, 9, 4], "texture": "#5", "tintindex": 0},
				"up": {"uv": [7, 7, 16, 9], "texture": "#5", "tintindex": 0},
				"down": {"uv": [0, 7, 9, 9], "texture": "#5", "tintindex": 0}
			}
		},
		{
			"from": [5.9375, 2.375, 2.9375],
			"to": [6.5, 2.5625, 3.0625],
			"rotation": {"angle": 0, "axis": "y", "origin": [4.5, -2, 0.5]},
			"faces": {
				"north": {"uv": [0, 7, 9, 10], "texture": "#5", "tintindex": 0},
				"south": {"uv": [0, 7, 9, 10], "texture": "#5", "tintindex": 0},
				"up": {"uv": [7, 7, 16, 9], "texture": "#5", "tintindex": 0},
				"down": {"uv": [0, 7, 9, 9], "texture": "#5", "tintindex": 0}
			}
		},
		{
			"from": [6.5, 2, 1.3125],
			"to": [7.5, 3, 1.5],
			"rotation": {"angle": 0, "axis": "y", "origin": [4.5, -2, 0.5]},
			"faces": {
				"north": {"uv": [0, 0, 16, 16], "texture": "#3", "tintindex": 0},
				"east": {"uv": [13, 0, 16, 16], "texture": "#3", "tintindex": 0},
				"south": {"uv": [0, 0, 16, 16], "texture": "#3", "tintindex": 0},
				"west": {"uv": [16, 0, 13, 16], "texture": "#3", "tintindex": 0},
				"up": {"uv": [0, 16, 16, 13], "texture": "#3", "tintindex": 0},
				"down": {"uv": [0, 13, 16, 16], "texture": "#3", "tintindex": 0}
			}
		},
		{
			"from": [6.875, 2, 2.875],
			"to": [7.125, 3, 3.125],
			"rotation": {"angle": 0, "axis": "y", "origin": [4.5, -2, 0.5]},
			"faces": {
				"north": {"uv": [6, 0, 10, 16], "texture": "#5", "tintindex": 0},
				"east": {"uv": [6, 0, 10, 16], "texture": "#5", "tintindex": 0},
				"south": {"uv": [6, 0, 10, 16], "texture": "#5", "tintindex": 0},
				"west": {"uv": [6, 0, 10, 16], "texture": "#5", "tintindex": 0},
				"up": {"uv": [6, 6, 10, 10], "texture": "#5", "tintindex": 0},
				"down": {"uv": [6, 6, 10, 10], "texture": "#5", "tintindex": 0}
			}
		},
		{
			"from": [6.9375, 2.75, 2.9375],
			"to": [7.5, 2.9375, 3.0625],
			"rotation": {"angle": 0, "axis": "y", "origin": [4.5, -2, 0.5]},
			"faces": {
				"north": {"uv": [0, 1, 9, 4], "texture": "#5", "tintindex": 0},
				"south": {"uv": [0, 1, 9, 4], "texture": "#5", "tintindex": 0},
				"up": {"uv": [7, 7, 16, 9], "texture": "#5", "tintindex": 0},
				"down": {"uv": [0, 7, 9, 9], "texture": "#5", "tintindex": 0}
			}
		},
		{
			"from": [6.9375, 2.375, 2.9375],
			"to": [7.5, 2.5625, 3.0625],
			"rotation": {"angle": 0, "axis": "y", "origin": [4.5, -2, 0.5]},
			"faces": {
				"north": {"uv": [0, 7, 9, 10], "texture": "#5", "tintindex": 0},
				"south": {"uv": [0, 7, 9, 10], "texture": "#5", "tintindex": 0},
				"up": {"uv": [7, 7, 16, 9], "texture": "#5", "tintindex": 0},
				"down": {"uv": [0, 7, 9, 9], "texture": "#5", "tintindex": 0}
			}
		},
		{
			"from": [6.5, 2.75, 2.9375],
			"to": [7.0625, 2.9375, 3.0625],
			"rotation": {"angle": 0, "axis": "y", "origin": [4.5, -2, 0.5]},
			"faces": {
				"north": {"uv": [0, 1, 9, 4], "texture": "#5", "tintindex": 0},
				"south": {"uv": [0, 1, 9, 4], "texture": "#5", "tintindex": 0},
				"up": {"uv": [0, 7, 9, 9], "texture": "#5", "tintindex": 0},
				"down": {"uv": [7, 7, 16, 9], "texture": "#5", "tintindex": 0}
			}
		},
		{
			"from": [6.5, 2.375, 2.9375],
			"to": [7.0625, 2.5625, 3.0625],
			"rotation": {"angle": 0, "axis": "y", "origin": [4.5, -2, 0.5]},
			"faces": {
				"north": {"uv": [0, 7, 9, 10], "texture": "#5", "tintindex": 0},
				"south": {"uv": [0, 7, 9, 10], "texture": "#5", "tintindex": 0},
				"up": {"uv": [0, 7, 9, 9], "texture": "#5", "tintindex": 0},
				"down": {"uv": [7, 7, 16, 9], "texture": "#5", "tintindex": 0}
			}
		},
		{
			"from": [6.5, 2, 3.5],
			"to": [7.5, 2.1875, 4.5],
			"rotation": {"angle": 0, "axis": "y", "origin": [4.5, -2, 0.5]},
			"faces": {
				"north": {"uv": [0, 16, 16, 13], "texture": "#3", "tintindex": 0},
				"south": {"uv": [0, 16, 16, 13], "texture": "#3", "tintindex": 0},
				"west": {"uv": [0, 16, 16, 13], "texture": "#3", "tintindex": 0},
				"up": {"uv": [0, 0, 16, 16], "texture": "#3", "tintindex": 0},
				"down": {"uv": [0, 0, 16, 16], "texture": "#3", "tintindex": 0}
			}
		},
		{
			"from": [6.5, 2, 4.5],
			"to": [7.5, 2.1875, 5.5],
			"rotation": {"angle": 0, "axis": "y", "origin": [4.5, -2, 0.5]},
			"faces": {
				"north": {"uv": [0, 16, 16, 13], "texture": "#7", "tintindex": 0},
				"east": {"uv": [0, 16, 16, 13], "texture": "#7", "tintindex": 0},
				"south": {"uv": [0, 16, 16, 13], "texture": "#7", "tintindex": 0},
				"west": {"uv": [0, 16, 16, 13], "texture": "#7", "tintindex": 0},
				"up": {"uv": [0, 0, 16, 16], "texture": "#7", "tintindex": 0},
				"down": {"uv": [0, 0, 16, 16], "texture": "#7", "tintindex": 0}
			}
		},
		{
			"from": [6.5, 2, 5.5],
			"to": [7.5, 2.1875, 6.5],
			"rotation": {"angle": 0, "axis": "y", "origin": [4.5, -2, 0.5]},
			"faces": {
				"north": {"uv": [0, 16, 16, 13], "texture": "#7", "tintindex": 0},
				"east": {"uv": [0, 16, 16, 13], "texture": "#7", "tintindex": 0},
				"south": {"uv": [0, 16, 16, 13], "texture": "#7", "tintindex": 0},
				"west": {"uv": [0, 16, 16, 13], "texture": "#7", "tintindex": 0},
				"up": {"uv": [0, 0, 16, 16], "texture": "#7", "tintindex": 0},
				"down": {"uv": [0, 0, 16, 16], "texture": "#7", "tintindex": 0}
			}
		},
		{
			"from": [6.5, 2, 6.5],
			"to": [7.5, 2.5, 7.5],
			"rotation": {"angle": 0, "axis": "y", "origin": [4.5, -2, 0.5]},
			"faces": {
				"north": {"uv": [0, 8, 16, 16], "texture": "#1", "tintindex": 0},
				"east": {"uv": [0, 8, 16, 16], "texture": "#1", "tintindex": 0},
				"south": {"uv": [0, 8, 16, 16], "texture": "#1", "tintindex": 0},
				"west": {"uv": [0, 8, 16, 16], "texture": "#1", "tintindex": 0},
				"up": {"uv": [0, 0, 16, 16], "texture": "#1", "tintindex": 0},
				"down": {"uv": [0, 0, 16, 16], "texture": "#1", "tintindex": 0}
			}
		},
		{
			"from": [7.5, 2, 1.3125],
			"to": [8.5, 3, 1.5],
			"rotation": {"angle": 0, "axis": "y", "origin": [4.5, -2, 0.5]},
			"faces": {
				"north": {"uv": [0, 0, 16, 16], "texture": "#3", "tintindex": 0},
				"east": {"uv": [13, 0, 16, 16], "texture": "#3", "tintindex": 0},
				"south": {"uv": [0, 0, 16, 16], "texture": "#3", "tintindex": 0},
				"west": {"uv": [16, 0, 13, 16], "texture": "#3", "tintindex": 0},
				"up": {"uv": [0, 16, 16, 13], "texture": "#3", "tintindex": 0},
				"down": {"uv": [0, 13, 16, 16], "texture": "#3", "tintindex": 0}
			}
		},
		{
			"from": [7.8125, 2, 1.5],
			"to": [8.1875, 2.875, 2],
			"rotation": {"angle": 0, "axis": "y", "origin": [4.5, -2, 0.5]},
			"faces": {
				"north": {"uv": [5, 2, 11, 16], "texture": "#4", "tintindex": 0},
				"east": {"uv": [8, 2, 16, 16], "texture": "#4", "tintindex": 0},
				"west": {"uv": [0, 2, 8, 16], "texture": "#4", "tintindex": 0},
				"up": {"uv": [5, 0, 11, 8], "texture": "#4", "tintindex": 0},
				"down": {"uv": [5, 8, 11, 16], "texture": "#4", "tintindex": 0}
			}
		},
		{
			"from": [7.8125, 2, 2],
			"to": [8.1875, 2.875, 2.5],
			"rotation": {"angle": 0, "axis": "y", "origin": [4.5, -2, 0.5]},
			"faces": {
				"east": {"uv": [0, 2, 8, 16], "texture": "#4", "tintindex": 0},
				"west": {"uv": [8, 2, 16, 16], "texture": "#4", "tintindex": 0},
				"up": {"uv": [5, 8, 11, 16], "texture": "#4", "tintindex": 0},
				"down": {"uv": [5, 0, 11, 8], "texture": "#4", "tintindex": 0}
			}
		},
		{
			"from": [7.75, 2, 5.75],
			"to": [8.25, 3, 6.25],
			"rotation": {"angle": 0, "axis": "y", "origin": [4.5, -2, 0.5]},
			"faces": {
				"north": {"uv": [4, 0, 12, 16], "texture": "#4", "tintindex": 0},
				"east": {"uv": [4, 0, 12, 16], "texture": "#4", "tintindex": 0},
				"south": {"uv": [4, 0, 12, 16], "texture": "#4", "tintindex": 0},
				"west": {"uv": [4, 0, 12, 16], "texture": "#4", "tintindex": 0}
			}
		},
		{
			"from": [7.5, 2, 6.5],
			"to": [8.5, 2.1875, 7.5],
			"rotation": {"angle": 0, "axis": "y", "origin": [4.5, -2, 0.5]},
			"faces": {
				"north": {"uv": [0, 16, 16, 13], "texture": "#7", "tintindex": 0},
				"east": {"uv": [0, 16, 16, 13], "texture": "#7", "tintindex": 0},
				"south": {"uv": [0, 16, 16, 13], "texture": "#7", "tintindex": 0},
				"west": {"uv": [0, 16, 16, 13], "texture": "#7", "tintindex": 0},
				"up": {"uv": [0, 0, 16, 16], "texture": "#7", "tintindex": 0}
			}
		},
		{
			"from": [7.5, 2, 7.5],
			"to": [8.5, 2.5, 8.5],
			"rotation": {"angle": 0, "axis": "y", "origin": [4.5, -2, 0.5]},
			"faces": {
				"north": {"uv": [0, 8, 16, 16], "texture": "#1", "tintindex": 0},
				"east": {"uv": [0, 8, 16, 16], "texture": "#1", "tintindex": 0},
				"south": {"uv": [0, 8, 16, 16], "texture": "#1", "tintindex": 0},
				"west": {"uv": [0, 8, 16, 16], "texture": "#1", "tintindex": 0},
				"up": {"uv": [0, 0, 16, 16], "texture": "#1", "tintindex": 0}
			}
		},
		{
			"from": [7.5, 2.5, 8],
			"to": [8.5, 3, 8.5],
			"rotation": {"angle": 0, "axis": "y", "origin": [4.5, -2, 0.5]},
			"faces": {
				"north": {"uv": [0, 0, 16, 8], "texture": "#1", "tintindex": 0},
				"east": {"uv": [0, 0, 8, 8], "texture": "#1", "tintindex": 0},
				"south": {"uv": [0, 0, 16, 8], "texture": "#1", "tintindex": 0},
				"west": {"uv": [8, 0, 16, 8], "texture": "#1", "tintindex": 0},
				"up": {"uv": [0, 8, 16, 16], "texture": "#1", "tintindex": 0}
			}
		},
		{
			"from": [7.5, 2, 8.5],
			"to": [8.5, 3, 8.6875],
			"rotation": {"angle": 0, "axis": "y", "origin": [4.5, -2, 0.5]},
			"faces": {
				"north": {"uv": [0, 0, 16, 16], "texture": "#3", "tintindex": 0},
				"east": {"uv": [16, 0, 13, 16], "texture": "#3", "tintindex": 0},
				"south": {"uv": [0, 0, 16, 16], "texture": "#3", "tintindex": 0},
				"west": {"uv": [13, 0, 16, 16], "texture": "#3", "tintindex": 0},
				"up": {"uv": [0, 16, 16, 13], "rotation": 180, "texture": "#3", "tintindex": 0},
				"down": {"uv": [0, 13, 16, 16], "rotation": 180, "texture": "#3", "tintindex": 0}
			}
		},
		{
			"from": [8.5, 2, 1.3125],
			"to": [9.5, 3, 1.5],
			"rotation": {"angle": 0, "axis": "y", "origin": [4.5, -2, 0.5]},
			"faces": {
				"north": {"uv": [0, 0, 16, 16], "texture": "#3", "tintindex": 0},
				"east": {"uv": [13, 0, 16, 16], "texture": "#3", "tintindex": 0},
				"south": {"uv": [0, 0, 16, 16], "texture": "#3", "tintindex": 0},
				"west": {"uv": [16, 0, 13, 16], "texture": "#3", "tintindex": 0},
				"up": {"uv": [0, 16, 16, 13], "texture": "#3", "tintindex": 0},
				"down": {"uv": [0, 13, 16, 16], "texture": "#3", "tintindex": 0}
			}
		},
		{
			"from": [8.875, 2, 2.875],
			"to": [9.125, 3, 3.125],
			"rotation": {"angle": 0, "axis": "y", "origin": [4.5, -2, 0.5]},
			"faces": {
				"north": {"uv": [6, 0, 10, 16], "texture": "#5", "tintindex": 0},
				"east": {"uv": [6, 0, 10, 16], "texture": "#5", "tintindex": 0},
				"south": {"uv": [6, 0, 10, 16], "texture": "#5", "tintindex": 0},
				"west": {"uv": [6, 0, 10, 16], "texture": "#5", "tintindex": 0},
				"up": {"uv": [6, 6, 10, 10], "texture": "#5", "tintindex": 0},
				"down": {"uv": [6, 6, 10, 10], "texture": "#5", "tintindex": 0}
			}
		},
		{
			"from": [8.9375, 2.75, 2.9375],
			"to": [9.5, 2.9375, 3.0625],
			"rotation": {"angle": 0, "axis": "y", "origin": [4.5, -2, 0.5]},
			"faces": {
				"north": {"uv": [0, 1, 9, 4], "texture": "#5", "tintindex": 0},
				"south": {"uv": [0, 1, 9, 4], "texture": "#5", "tintindex": 0},
				"up": {"uv": [7, 7, 16, 9], "texture": "#5", "tintindex": 0},
				"down": {"uv": [0, 7, 9, 9], "texture": "#5", "tintindex": 0}
			}
		},
		{
			"from": [8.9375, 2.375, 2.9375],
			"to": [9.5, 2.5625, 3.0625],
			"rotation": {"angle": 0, "axis": "y", "origin": [4.5, -2, 0.5]},
			"faces": {
				"north": {"uv": [0, 7, 9, 10], "texture": "#5", "tintindex": 0},
				"south": {"uv": [0, 7, 9, 10], "texture": "#5", "tintindex": 0},
				"up": {"uv": [7, 7, 16, 9], "texture": "#5", "tintindex": 0},
				"down": {"uv": [0, 7, 9, 9], "texture": "#5", "tintindex": 0}
			}
		},
		{
			"from": [8.5, 2.75, 2.9375],
			"to": [9.0625, 2.9375, 3.0625],
			"rotation": {"angle": 0, "axis": "y", "origin": [4.5, -2, 0.5]},
			"faces": {
				"north": {"uv": [0, 1, 9, 4], "texture": "#5", "tintindex": 0},
				"south": {"uv": [0, 1, 9, 4], "texture": "#5", "tintindex": 0},
				"up": {"uv": [0, 7, 9, 9], "texture": "#5", "tintindex": 0},
				"down": {"uv": [7, 7, 16, 9], "texture": "#5", "tintindex": 0}
			}
		},
		{
			"from": [8.5, 2.375, 2.9375],
			"to": [9.0625, 2.5625, 3.0625],
			"rotation": {"angle": 0, "axis": "y", "origin": [4.5, -2, 0.5]},
			"faces": {
				"north": {"uv": [0, 7, 9, 10], "texture": "#5", "tintindex": 0},
				"south": {"uv": [0, 7, 9, 10], "texture": "#5", "tintindex": 0},
				"up": {"uv": [0, 7, 9, 9], "texture": "#5", "tintindex": 0},
				"down": {"uv": [7, 7, 16, 9], "texture": "#5", "tintindex": 0}
			}
		},
		{
			"from": [8.5, 2, 3.5],
			"to": [9.5, 2.1875, 4.5],
			"rotation": {"angle": 0, "axis": "y", "origin": [4.5, -2, 0.5]},
			"faces": {
				"north": {"uv": [0, 16, 16, 13], "texture": "#3", "tintindex": 0},
				"east": {"uv": [0, 16, 16, 13], "texture": "#3", "tintindex": 0},
				"south": {"uv": [0, 16, 16, 13], "texture": "#3", "tintindex": 0},
				"up": {"uv": [0, 0, 16, 16], "texture": "#3", "tintindex": 0},
				"down": {"uv": [0, 0, 16, 16], "texture": "#3", "tintindex": 0}
			}
		},
		{
			"from": [8.5, 2, 4.5],
			"to": [9.5, 2.1875, 5.5],
			"rotation": {"angle": 0, "axis": "y", "origin": [4.5, -2, 0.5]},
			"faces": {
				"north": {"uv": [0, 16, 16, 13], "texture": "#7", "tintindex": 0},
				"east": {"uv": [0, 16, 16, 13], "texture": "#7", "tintindex": 0},
				"south": {"uv": [0, 16, 16, 13], "texture": "#7", "tintindex": 0},
				"west": {"uv": [0, 16, 16, 13], "texture": "#7", "tintindex": 0},
				"up": {"uv": [0, 0, 16, 16], "texture": "#7", "tintindex": 0},
				"down": {"uv": [0, 0, 16, 16], "texture": "#7", "tintindex": 0}
			}
		},
		{
			"from": [8.5, 2, 5.5],
			"to": [9.5, 2.1875, 6.5],
			"rotation": {"angle": 0, "axis": "y", "origin": [4.5, -2, 0.5]},
			"faces": {
				"north": {"uv": [0, 16, 16, 13], "texture": "#7", "tintindex": 0},
				"east": {"uv": [0, 16, 16, 13], "texture": "#7", "tintindex": 0},
				"south": {"uv": [0, 16, 16, 13], "texture": "#7", "tintindex": 0},
				"west": {"uv": [0, 16, 16, 13], "texture": "#7", "tintindex": 0},
				"up": {"uv": [0, 0, 16, 16], "texture": "#7", "tintindex": 0},
				"down": {"uv": [0, 0, 16, 16], "texture": "#7", "tintindex": 0}
			}
		},
		{
			"from": [8.5, 2, 6.5],
			"to": [9.5, 2.5, 7.5],
			"rotation": {"angle": 0, "axis": "y", "origin": [4.5, -2, 0.5]},
			"faces": {
				"north": {"uv": [0, 8, 16, 16], "texture": "#1", "tintindex": 0},
				"east": {"uv": [0, 8, 16, 16], "texture": "#1", "tintindex": 0},
				"south": {"uv": [0, 8, 16, 16], "texture": "#1", "tintindex": 0},
				"west": {"uv": [0, 8, 16, 16], "texture": "#1", "tintindex": 0},
				"up": {"uv": [0, 0, 16, 16], "texture": "#1", "tintindex": 0},
				"down": {"uv": [0, 0, 16, 16], "texture": "#1", "tintindex": 0}
			}
		},
		{
			"from": [9.5, 2, 0.5],
			"to": [9.6875, 3, 1.5],
			"rotation": {"angle": 0, "axis": "y", "origin": [4.5, -2, 0.5]},
			"faces": {
				"north": {"uv": [0, 0, 16, 3], "rotation": 90, "texture": "#6", "tintindex": 0},
				"east": {"uv": [0, 16, 16, 0], "texture": "#6", "tintindex": 0},
				"south": {"uv": [0, 3, 16, 0], "rotation": 90, "texture": "#6", "tintindex": 0},
				"west": {"uv": [0, 16, 16, 0], "texture": "#6", "tintindex": 0},
				"up": {"uv": [0, 3, 16, 0], "rotation": 90, "texture": "#6", "tintindex": 0},
				"down": {"uv": [0, 0, 16, 3], "rotation": 270, "texture": "#6", "tintindex": 0}
			}
		},
		{
			"from": [9.875, 2, 1.875],
			"to": [10.125, 3, 2.125],
			"rotation": {"angle": 0, "axis": "y", "origin": [4.5, -2, 0.5]},
			"faces": {
				"north": {"uv": [6, 0, 10, 16], "texture": "#5", "tintindex": 0},
				"east": {"uv": [6, 0, 10, 16], "texture": "#5", "tintindex": 0},
				"south": {"uv": [6, 0, 10, 16], "texture": "#5", "tintindex": 0},
				"west": {"uv": [6, 0, 10, 16], "texture": "#5", "tintindex": 0}
			}
		},
		{
			"from": [9.9375, 2.75, 1.9375],
			"to": [10.0625, 2.9375, 2.5],
			"rotation": {"angle": 0, "axis": "y", "origin": [4.5, -2, 0.5]},
			"faces": {
				"east": {"uv": [0, 1, 9, 4], "texture": "#5", "tintindex": 0},
				"west": {"uv": [0, 1, 9, 4], "texture": "#5", "tintindex": 0},
				"up": {"uv": [7, 7, 9, 16], "texture": "#5", "tintindex": 0},
				"down": {"uv": [7, 7, 9, 16], "texture": "#5", "tintindex": 0}
			}
		},
		{
			"from": [9.9375, 2.375, 1.9375],
			"to": [10.0625, 2.5625, 2.5],
			"rotation": {"angle": 0, "axis": "y", "origin": [4.5, -2, 0.5]},
			"faces": {
				"east": {"uv": [0, 7, 9, 10], "texture": "#5", "tintindex": 0},
				"west": {"uv": [0, 7, 9, 10], "texture": "#5", "tintindex": 0},
				"up": {"uv": [7, 7, 9, 16], "texture": "#5", "tintindex": 0},
				"down": {"uv": [7, 7, 9, 16], "texture": "#5", "tintindex": 0}
			}
		},
		{
			"from": [9.875, 2, 2.875],
			"to": [10.125, 3, 3.125],
			"rotation": {"angle": 0, "axis": "y", "origin": [4.5, -2, 0.5]},
			"faces": {
				"north": {"uv": [6, 0, 10, 16], "texture": "#5", "tintindex": 0},
				"east": {"uv": [6, 0, 10, 16], "texture": "#5", "tintindex": 0},
				"south": {"uv": [6, 0, 10, 16], "texture": "#5", "tintindex": 0},
				"west": {"uv": [6, 0, 10, 16], "texture": "#5", "tintindex": 0},
				"up": {"uv": [6, 6, 10, 10], "texture": "#5", "tintindex": 0},
				"down": {"uv": [6, 6, 10, 10], "texture": "#5", "tintindex": 0}
			}
		},
		{
			"from": [9.9375, 2.75, 2.5],
			"to": [10.0625, 2.9375, 3.0625],
			"rotation": {"angle": 0, "axis": "y", "origin": [4.5, -2, 0.5]},
			"faces": {
				"east": {"uv": [0, 1, 9, 4], "texture": "#5", "tintindex": 0},
				"west": {"uv": [0, 1, 9, 4], "texture": "#5", "tintindex": 0},
				"up": {"uv": [7, 0, 9, 9], "texture": "#5", "tintindex": 0},
				"down": {"uv": [7, 0, 9, 9], "texture": "#5", "tintindex": 0}
			}
		},
		{
			"from": [9.9375, 2.375, 2.5],
			"to": [10.0625, 2.5625, 3.0625],
			"rotation": {"angle": 0, "axis": "y", "origin": [4.5, -2, 0.5]},
			"faces": {
				"east": {"uv": [0, 7, 9, 10], "texture": "#5", "tintindex": 0},
				"west": {"uv": [0, 7, 9, 10], "texture": "#5", "tintindex": 0},
				"up": {"uv": [7, 0, 9, 9], "texture": "#5", "tintindex": 0},
				"down": {"uv": [7, 0, 9, 9], "texture": "#5", "tintindex": 0}
			}
		},
		{
			"from": [9.5, 2.75, 2.9375],
			"to": [10.0625, 2.9375, 3.0625],
			"rotation": {"angle": 0, "axis": "y", "origin": [4.5, -2, 0.5]},
			"faces": {
				"north": {"uv": [0, 1, 9, 4], "texture": "#5", "tintindex": 0},
				"south": {"uv": [0, 1, 9, 4], "texture": "#5", "tintindex": 0},
				"up": {"uv": [0, 7, 9, 9], "texture": "#5", "tintindex": 0},
				"down": {"uv": [7, 7, 16, 9], "texture": "#5", "tintindex": 0}
			}
		},
		{
			"from": [9.5, 2.375, 2.9375],
			"to": [10.0625, 2.5625, 3.0625],
			"rotation": {"angle": 0, "axis": "y", "origin": [4.5, -2, 0.5]},
			"faces": {
				"north": {"uv": [0, 7, 9, 10], "texture": "#5", "tintindex": 0},
				"south": {"uv": [0, 7, 9, 10], "texture": "#5", "tintindex": 0},
				"up": {"uv": [0, 7, 9, 9], "texture": "#5", "tintindex": 0},
				"down": {"uv": [7, 7, 16, 9], "texture": "#5", "tintindex": 0}
			}
		},
		{
			"from": [5.875, 3, 0.875],
			"to": [6.125, 4, 1.125],
			"rotation": {"angle": 0, "axis": "y", "origin": [4.5, -2, 0.5]},
			"faces": {
				"north": {"uv": [6, 0, 10, 16], "texture": "#5", "tintindex": 0},
				"east": {"uv": [6, 0, 10, 16], "texture": "#5", "tintindex": 0},
				"south": {"uv": [6, 0, 10, 16], "texture": "#5", "tintindex": 0},
				"west": {"uv": [6, 0, 10, 16], "texture": "#5", "tintindex": 0},
				"up": {"uv": [6, 6, 10, 10], "texture": "#5", "tintindex": 0},
				"down": {"uv": [6, 6, 10, 10], "texture": "#5", "tintindex": 0}
			}
		},
		{
			"from": [5.9375, 3.75, 0.9375],
			"to": [6.0625, 3.9375, 1.5],
			"rotation": {"angle": 0, "axis": "y", "origin": [4.5, -2, 0.5]},
			"faces": {
				"east": {"uv": [0, 1, 9, 4], "texture": "#5", "tintindex": 0},
				"west": {"uv": [0, 1, 9, 4], "texture": "#5", "tintindex": 0},
				"up": {"uv": [7, 7, 9, 16], "texture": "#5", "tintindex": 0},
				"down": {"uv": [7, 7, 9, 16], "texture": "#5", "tintindex": 0}
			}
		},
		{
			"from": [5.9375, 3.375, 0.9375],
			"to": [6.0625, 3.5625, 1.5],
			"rotation": {"angle": 0, "axis": "y", "origin": [4.5, -2, 0.5]},
			"faces": {
				"east": {"uv": [0, 7, 9, 10], "texture": "#5", "tintindex": 0},
				"west": {"uv": [0, 7, 9, 10], "texture": "#5", "tintindex": 0},
				"up": {"uv": [7, 7, 9, 16], "texture": "#5", "tintindex": 0},
				"down": {"uv": [7, 7, 9, 16], "texture": "#5", "tintindex": 0}
			}
		},
		{
			"from": [5.875, 3, 1.875],
			"to": [6.125, 4, 2.125],
			"rotation": {"angle": 0, "axis": "y", "origin": [4.5, -2, 0.5]},
			"faces": {
				"north": {"uv": [6, 0, 10, 16], "texture": "#5", "tintindex": 0},
				"east": {"uv": [6, 0, 10, 16], "texture": "#5", "tintindex": 0},
				"south": {"uv": [6, 0, 10, 16], "texture": "#5", "tintindex": 0},
				"west": {"uv": [6, 0, 10, 16], "texture": "#5", "tintindex": 0},
				"up": {"uv": [6, 6, 10, 10], "texture": "#5", "tintindex": 0}
			}
		},
		{
			"from": [5.9375, 3.75, 1.5],
			"to": [6.0625, 3.9375, 2.0625],
			"rotation": {"angle": 0, "axis": "y", "origin": [4.5, -2, 0.5]},
			"faces": {
				"east": {"uv": [0, 1, 9, 4], "texture": "#5", "tintindex": 0},
				"west": {"uv": [0, 1, 9, 4], "texture": "#5", "tintindex": 0},
				"up": {"uv": [7, 0, 9, 9], "texture": "#5", "tintindex": 0},
				"down": {"uv": [7, 0, 9, 9], "texture": "#5", "tintindex": 0}
			}
		},
		{
			"from": [5.9375, 3.375, 1.5],
			"to": [6.0625, 3.5625, 2.0625],
			"rotation": {"angle": 0, "axis": "y", "origin": [4.5, -2, 0.5]},
			"faces": {
				"east": {"uv": [0, 7, 9, 10], "texture": "#5", "tintindex": 0},
				"west": {"uv": [0, 7, 9, 10], "texture": "#5", "tintindex": 0},
				"up": {"uv": [7, 0, 9, 9], "texture": "#5", "tintindex": 0},
				"down": {"uv": [7, 0, 9, 9], "texture": "#5", "tintindex": 0}
			}
		},
		{
			"from": [6.9375, 3, 2.9375],
			"to": [7.0625, 3.375, 3.0625],
			"rotation": {"angle": 0, "axis": "y", "origin": [4.5, -2, 0.5]},
			"faces": {
				"north": {"uv": [0, 8, 2, 14], "texture": "#8", "tintindex": 0},
				"east": {"uv": [0, 8, 2, 14], "texture": "#8", "tintindex": 0},
				"south": {"uv": [0, 8, 2, 14], "texture": "#8", "tintindex": 0},
				"west": {"uv": [0, 8, 2, 14], "texture": "#8", "tintindex": 0},
				"up": {"uv": [0, 6, 2, 8], "texture": "#8", "tintindex": 0},
				"down": {"uv": [0, 14, 2, 16], "texture": "#8", "tintindex": 0}
			}
		},
		{
			"from": [6.96875, 3.375, 3],
			"to": [7.03125, 3.4375, 3],
			"rotation": {"angle": 45, "axis": "y", "origin": [7, 3.375, 3]},
			"faces": {
				"north": {"uv": [0, 5, 1, 6], "texture": "#8", "tintindex": 0},
				"south": {"uv": [0, 5, 1, 6], "texture": "#8", "tintindex": 0}
			}
		},
		{
			"from": [6.96875, 3.375, 3],
			"to": [7.03125, 3.4375, 3],
			"rotation": {"angle": -45, "axis": "y", "origin": [7, 3.375, 3]},
			"faces": {
				"north": {"uv": [0, 5, 1, 6], "texture": "#8", "tintindex": 0},
				"south": {"uv": [0, 5, 1, 6], "texture": "#8", "tintindex": 0}
			}
		},
		{
			"from": [7.5, 3, 1.3125],
			"to": [8.5, 4, 1.5],
			"rotation": {"angle": 0, "axis": "y", "origin": [4.5, -2, 0.5]},
			"faces": {
				"north": {"uv": [0, 0, 16, 16], "texture": "#3", "tintindex": 0},
				"east": {"uv": [13, 0, 16, 16], "texture": "#3", "tintindex": 0},
				"south": {"uv": [0, 0, 16, 16], "texture": "#3", "tintindex": 0},
				"west": {"uv": [16, 0, 13, 16], "texture": "#3", "tintindex": 0},
				"up": {"uv": [0, 16, 16, 13], "texture": "#3", "tintindex": 0},
				"down": {"uv": [0, 13, 16, 16], "texture": "#3", "tintindex": 0}
			}
		},
		{
			"from": [7.875, 3, 2.875],
			"to": [8.125, 4, 3.125],
			"rotation": {"angle": 0, "axis": "y", "origin": [4.5, -2, 0.5]},
			"faces": {
				"north": {"uv": [6, 0, 10, 16], "texture": "#5", "tintindex": 0},
				"east": {"uv": [6, 0, 10, 16], "texture": "#5", "tintindex": 0},
				"south": {"uv": [6, 0, 10, 16], "texture": "#5", "tintindex": 0},
				"west": {"uv": [6, 0, 10, 16], "texture": "#5", "tintindex": 0}
			}
		},
		{
			"from": [7.8125, 3, 3.9375],
			"to": [7.9375, 3.3125, 4.0625],
			"rotation": {"angle": 0, "axis": "y", "origin": [4.5, -2, 0.5]},
			"faces": {
				"north": {"uv": [0, 8, 2, 13], "texture": "#8", "tintindex": 0},
				"east": {"uv": [0, 8, 2, 13], "texture": "#8", "tintindex": 0},
				"south": {"uv": [0, 8, 2, 13], "texture": "#8", "tintindex": 0},
				"west": {"uv": [0, 8, 2, 13], "texture": "#8", "tintindex": 0},
				"up": {"uv": [0, 6, 2, 8], "texture": "#8", "tintindex": 0}
			}
		},
		{
			"from": [7.84375, 3.3125, 4],
			"to": [7.90625, 3.375, 4],
			"rotation": {"angle": 45, "axis": "y", "origin": [7.875, 3.3125, 4]},
			"faces": {
				"north": {"uv": [0, 5, 1, 6], "texture": "#8", "tintindex": 0},
				"south": {"uv": [1, 5, 0, 6], "texture": "#8", "tintindex": 0}
			}
		},
		{
			"from": [7.84375, 3.3125, 4],
			"to": [7.90625, 3.375, 4],
			"rotation": {"angle": -45, "axis": "y", "origin": [7.875, 3.3125, 4]},
			"faces": {
				"north": {"uv": [0, 5, 1, 6], "texture": "#8", "tintindex": 0},
				"south": {"uv": [1, 5, 0, 6], "texture": "#8", "tintindex": 0}
			}
		},
		{
			"from": [8.0625, 3, 3.875],
			"to": [8.1875, 3.375, 4],
			"rotation": {"angle": 0, "axis": "y", "origin": [4.5, -2, 0.5]},
			"faces": {
				"north": {"uv": [0, 8, 2, 14], "texture": "#8", "tintindex": 0},
				"east": {"uv": [0, 8, 2, 14], "texture": "#8", "tintindex": 0},
				"south": {"uv": [0, 8, 2, 14], "texture": "#8", "tintindex": 0},
				"west": {"uv": [0, 8, 2, 14], "texture": "#8", "tintindex": 0},
				"up": {"uv": [0, 6, 2, 8], "texture": "#8", "tintindex": 0}
			}
		},
		{
			"from": [8.09375, 3.375, 3.9375],
			"to": [8.15625, 3.4375, 3.9375],
			"rotation": {"angle": 45, "axis": "y", "origin": [8.125, 3.375, 3.9375]},
			"faces": {
				"north": {"uv": [0, 5, 1, 6], "texture": "#8", "tintindex": 0},
				"south": {"uv": [0, 5, 1, 6], "texture": "#8", "tintindex": 0}
			}
		},
		{
			"from": [8.09375, 3.375, 3.9375],
			"to": [8.15625, 3.4375, 3.9375],
			"rotation": {"angle": -45, "axis": "y", "origin": [8.125, 3.375, 3.9375]},
			"faces": {
				"north": {"uv": [0, 5, 1, 6], "texture": "#8", "tintindex": 0},
				"south": {"uv": [0, 5, 1, 6], "texture": "#8", "tintindex": 0}
			}
		},
		{
			"from": [7.75, 3, 5.75],
			"to": [8.25, 4, 6.25],
			"rotation": {"angle": 0, "axis": "y", "origin": [4.5, -2, 0.5]},
			"faces": {
				"north": {"uv": [4, 0, 12, 16], "texture": "#4", "tintindex": 0},
				"east": {"uv": [4, 0, 12, 16], "texture": "#4", "tintindex": 0},
				"south": {"uv": [4, 0, 12, 16], "texture": "#4", "tintindex": 0},
				"west": {"uv": [4, 0, 12, 16], "texture": "#4", "tintindex": 0},
				"up": {"uv": [4, 4, 12, 12], "texture": "#4", "tintindex": 0}
			}
		},
		{
			"from": [8.9375, 3, 2.9375],
			"to": [9.0625, 3.375, 3.0625],
			"rotation": {"angle": 0, "axis": "y", "origin": [4.5, -2, 0.5]},
			"faces": {
				"north": {"uv": [0, 8, 2, 14], "texture": "#8", "tintindex": 0},
				"east": {"uv": [0, 8, 2, 14], "texture": "#8", "tintindex": 0},
				"south": {"uv": [0, 8, 2, 14], "texture": "#8", "tintindex": 0},
				"west": {"uv": [0, 8, 2, 14], "texture": "#8", "tintindex": 0},
				"up": {"uv": [0, 6, 2, 8], "texture": "#8", "tintindex": 0},
				"down": {"uv": [0, 14, 2, 16], "texture": "#8", "tintindex": 0}
			}
		},
		{
			"from": [8.96875, 3.375, 3],
			"to": [9.03125, 3.4375, 3],
			"rotation": {"angle": 45, "axis": "y", "origin": [9, 3.375, 3]},
			"faces": {
				"north": {"uv": [0, 5, 1, 6], "texture": "#8", "tintindex": 0},
				"south": {"uv": [0, 5, 1, 6], "texture": "#8", "tintindex": 0}
			}
		},
		{
			"from": [8.96875, 3.375, 3],
			"to": [9.03125, 3.4375, 3],
			"rotation": {"angle": -45, "axis": "y", "origin": [9, 3.375, 3]},
			"faces": {
				"north": {"uv": [0, 5, 1, 6], "texture": "#8", "tintindex": 0},
				"south": {"uv": [0, 5, 1, 6], "texture": "#8", "tintindex": 0}
			}
		},
		{
			"from": [9.875, 3, 0.875],
			"to": [10.125, 4, 1.125],
			"rotation": {"angle": 0, "axis": "y", "origin": [4.5, -2, 0.5]},
			"faces": {
				"north": {"uv": [6, 0, 10, 16], "texture": "#5", "tintindex": 0},
				"east": {"uv": [6, 0, 10, 16], "texture": "#5", "tintindex": 0},
				"south": {"uv": [6, 0, 10, 16], "texture": "#5", "tintindex": 0},
				"west": {"uv": [6, 0, 10, 16], "texture": "#5", "tintindex": 0},
				"up": {"uv": [6, 6, 10, 10], "texture": "#5", "tintindex": 0},
				"down": {"uv": [6, 6, 10, 10], "texture": "#5", "tintindex": 0}
			}
		},
		{
			"from": [9.9375, 3.75, 0.9375],
			"to": [10.0625, 3.9375, 1.5],
			"rotation": {"angle": 0, "axis": "y", "origin": [4.5, -2, 0.5]},
			"faces": {
				"east": {"uv": [0, 1, 9, 4], "texture": "#5", "tintindex": 0},
				"west": {"uv": [0, 1, 9, 4], "texture": "#5", "tintindex": 0},
				"up": {"uv": [7, 7, 9, 16], "texture": "#5", "tintindex": 0},
				"down": {"uv": [7, 7, 9, 16], "texture": "#5", "tintindex": 0}
			}
		},
		{
			"from": [9.9375, 3.375, 0.9375],
			"to": [10.0625, 3.5625, 1.5],
			"rotation": {"angle": 0, "axis": "y", "origin": [4.5, -2, 0.5]},
			"faces": {
				"east": {"uv": [0, 7, 9, 10], "texture": "#5", "tintindex": 0},
				"west": {"uv": [0, 7, 9, 10], "texture": "#5", "tintindex": 0},
				"up": {"uv": [7, 7, 9, 16], "texture": "#5", "tintindex": 0},
				"down": {"uv": [7, 7, 9, 16], "texture": "#5", "tintindex": 0}
			}
		},
		{
			"from": [9.875, 3, 1.875],
			"to": [10.125, 4, 2.125],
			"rotation": {"angle": 0, "axis": "y", "origin": [4.5, -2, 0.5]},
			"faces": {
				"north": {"uv": [6, 0, 10, 16], "texture": "#5", "tintindex": 0},
				"east": {"uv": [6, 0, 10, 16], "texture": "#5", "tintindex": 0},
				"south": {"uv": [6, 0, 10, 16], "texture": "#5", "tintindex": 0},
				"west": {"uv": [6, 0, 10, 16], "texture": "#5", "tintindex": 0},
				"up": {"uv": [6, 6, 10, 10], "texture": "#5", "tintindex": 0}
			}
		},
		{
			"from": [9.9375, 3.75, 1.5],
			"to": [10.0625, 3.9375, 2.0625],
			"rotation": {"angle": 0, "axis": "y", "origin": [4.5, -2, 0.5]},
			"faces": {
				"east": {"uv": [0, 1, 9, 4], "texture": "#5", "tintindex": 0},
				"west": {"uv": [0, 1, 9, 4], "texture": "#5", "tintindex": 0},
				"up": {"uv": [7, 0, 9, 9], "texture": "#5", "tintindex": 0},
				"down": {"uv": [7, 0, 9, 9], "texture": "#5", "tintindex": 0}
			}
		},
		{
			"from": [9.9375, 3.375, 1.5],
			"to": [10.0625, 3.5625, 2.0625],
			"rotation": {"angle": 0, "axis": "y", "origin": [4.5, -2, 0.5]},
			"faces": {
				"east": {"uv": [0, 7, 9, 10], "texture": "#5", "tintindex": 0},
				"west": {"uv": [0, 7, 9, 10], "texture": "#5", "tintindex": 0},
				"up": {"uv": [7, 0, 9, 9], "texture": "#5", "tintindex": 0},
				"down": {"uv": [7, 0, 9, 9], "texture": "#5", "tintindex": 0}
			}
		},
		{
			"from": [6.875, 4, 0.875],
			"to": [7.125, 5, 1.125],
			"rotation": {"angle": 0, "axis": "y", "origin": [4.5, -2, 0.5]},
			"faces": {
				"north": {"uv": [6, 0, 10, 16], "texture": "#5", "tintindex": 0},
				"east": {"uv": [6, 0, 10, 16], "texture": "#5", "tintindex": 0},
				"south": {"uv": [6, 0, 10, 16], "texture": "#5", "tintindex": 0},
				"west": {"uv": [6, 0, 10, 16], "texture": "#5", "tintindex": 0},
				"up": {"uv": [6, 6, 10, 10], "texture": "#5", "tintindex": 0},
				"down": {"uv": [6, 6, 10, 10], "texture": "#5", "tintindex": 0}
			}
		},
		{
			"from": [6.9375, 4.75, 0.9375],
			"to": [7.0625, 4.9375, 1.5],
			"rotation": {"angle": 0, "axis": "y", "origin": [4.5, -2, 0.5]},
			"faces": {
				"east": {"uv": [0, 1, 9, 4], "texture": "#5", "tintindex": 0},
				"west": {"uv": [0, 1, 9, 4], "texture": "#5", "tintindex": 0},
				"up": {"uv": [7, 7, 9, 16], "texture": "#5", "tintindex": 0},
				"down": {"uv": [7, 7, 9, 16], "texture": "#5", "tintindex": 0}
			}
		},
		{
			"from": [6.9375, 4.375, 0.9375],
			"to": [7.0625, 4.5625, 1.5],
			"rotation": {"angle": 0, "axis": "y", "origin": [4.5, -2, 0.5]},
			"faces": {
				"east": {"uv": [0, 7, 9, 10], "texture": "#5", "tintindex": 0},
				"west": {"uv": [0, 7, 9, 10], "texture": "#5", "tintindex": 0},
				"up": {"uv": [7, 7, 9, 16], "texture": "#5", "tintindex": 0},
				"down": {"uv": [7, 7, 9, 16], "texture": "#5", "tintindex": 0}
			}
		},
		{
			"from": [6.875, 4, 1.875],
			"to": [7.125, 5, 2.125],
			"rotation": {"angle": 0, "axis": "y", "origin": [4.5, -2, 0.5]},
			"faces": {
				"north": {"uv": [6, 0, 10, 16], "texture": "#5", "tintindex": 0},
				"east": {"uv": [6, 0, 10, 16], "texture": "#5", "tintindex": 0},
				"south": {"uv": [6, 0, 10, 16], "texture": "#5", "tintindex": 0},
				"west": {"uv": [6, 0, 10, 16], "texture": "#5", "tintindex": 0},
				"up": {"uv": [6, 6, 10, 10], "texture": "#5", "tintindex": 0},
				"down": {"uv": [6, 6, 10, 10], "texture": "#5", "tintindex": 0}
			}
		},
		{
			"from": [6.9375, 4.75, 1.5],
			"to": [7.0625, 4.9375, 2.0625],
			"rotation": {"angle": 0, "axis": "y", "origin": [4.5, -2, 0.5]},
			"faces": {
				"east": {"uv": [0, 1, 9, 4], "texture": "#5", "tintindex": 0},
				"west": {"uv": [0, 1, 9, 4], "texture": "#5", "tintindex": 0},
				"up": {"uv": [7, 0, 9, 9], "texture": "#5", "tintindex": 0},
				"down": {"uv": [7, 0, 9, 9], "texture": "#5", "tintindex": 0}
			}
		},
		{
			"from": [6.9375, 4.375, 1.5],
			"to": [7.0625, 4.5625, 2.0625],
			"rotation": {"angle": 0, "axis": "y", "origin": [4.5, -2, 0.5]},
			"faces": {
				"east": {"uv": [0, 7, 9, 10], "texture": "#5", "tintindex": 0},
				"west": {"uv": [0, 7, 9, 10], "texture": "#5", "tintindex": 0},
				"up": {"uv": [7, 0, 9, 9], "texture": "#5", "tintindex": 0},
				"down": {"uv": [7, 0, 9, 9], "texture": "#5", "tintindex": 0}
			}
		},
		{
			"from": [6.9375, 4.75, 1.9375],
			"to": [7.5, 4.9375, 2.0625],
			"rotation": {"angle": 0, "axis": "y", "origin": [4.5, -2, 0.5]},
			"faces": {
				"north": {"uv": [0, 1, 9, 4], "texture": "#5", "tintindex": 0},
				"south": {"uv": [0, 1, 9, 4], "texture": "#5", "tintindex": 0},
				"up": {"uv": [7, 7, 16, 9], "texture": "#5", "tintindex": 0},
				"down": {"uv": [0, 7, 9, 9], "texture": "#5", "tintindex": 0}
			}
		},
		{
			"from": [6.9375, 4.375, 1.9375],
			"to": [7.5, 4.5625, 2.0625],
			"rotation": {"angle": 0, "axis": "y", "origin": [4.5, -2, 0.5]},
			"faces": {
				"north": {"uv": [0, 7, 9, 10], "texture": "#5", "tintindex": 0},
				"south": {"uv": [0, 7, 9, 10], "texture": "#5", "tintindex": 0},
				"up": {"uv": [7, 7, 16, 9], "texture": "#5", "tintindex": 0},
				"down": {"uv": [0, 7, 9, 9], "texture": "#5", "tintindex": 0}
			}
		},
		{
			"from": [7.5, 4, 0.5],
			"to": [8.5, 4.1875, 1.5],
			"rotation": {"angle": 0, "axis": "y", "origin": [4.5, -2, 0.5]},
			"faces": {
				"north": {"uv": [0, 0, 16, 3], "texture": "#6", "tintindex": 0},
				"east": {"uv": [0, 0, 16, 3], "texture": "#6", "tintindex": 0},
				"south": {"uv": [0, 0, 16, 3], "texture": "#6", "tintindex": 0},
				"west": {"uv": [0, 0, 16, 3], "texture": "#6", "tintindex": 0},
				"up": {"uv": [0, 16, 16, 0], "texture": "#6", "tintindex": 0},
				"down": {"uv": [0, 0, 16, 16], "texture": "#6", "tintindex": 0}
			}
		},
		{
			"from": [7.875, 4, 1.875],
			"to": [8.125, 5, 2.125],
			"rotation": {"angle": 0, "axis": "y", "origin": [4.5, -2, 0.5]},
			"faces": {
				"north": {"uv": [6, 0, 10, 16], "texture": "#5", "tintindex": 0},
				"east": {"uv": [6, 0, 10, 16], "texture": "#5", "tintindex": 0},
				"south": {"uv": [6, 0, 10, 16], "texture": "#5", "tintindex": 0},
				"west": {"uv": [6, 0, 10, 16], "texture": "#5", "tintindex": 0},
				"up": {"uv": [6, 6, 10, 10], "texture": "#5", "tintindex": 0},
				"down": {"uv": [6, 6, 10, 10], "texture": "#5", "tintindex": 0}
			}
		},
		{
			"from": [7.9375, 4.75, 1.9375],
			"to": [8.5, 4.9375, 2.0625],
			"rotation": {"angle": 0, "axis": "y", "origin": [4.5, -2, 0.5]},
			"faces": {
				"north": {"uv": [0, 1, 9, 4], "texture": "#5", "tintindex": 0},
				"south": {"uv": [0, 1, 9, 4], "texture": "#5", "tintindex": 0},
				"up": {"uv": [7, 7, 16, 9], "texture": "#5", "tintindex": 0},
				"down": {"uv": [0, 7, 9, 9], "texture": "#5", "tintindex": 0}
			}
		},
		{
			"from": [7.9375, 4.375, 1.9375],
			"to": [8.5, 4.5625, 2.0625],
			"rotation": {"angle": 0, "axis": "y", "origin": [4.5, -2, 0.5]},
			"faces": {
				"north": {"uv": [0, 7, 9, 10], "texture": "#5", "tintindex": 0},
				"south": {"uv": [0, 7, 9, 10], "texture": "#5", "tintindex": 0},
				"up": {"uv": [7, 7, 16, 9], "texture": "#5", "tintindex": 0},
				"down": {"uv": [0, 7, 9, 9], "texture": "#5", "tintindex": 0}
			}
		},
		{
			"from": [7.9375, 4.75, 1.9375],
			"to": [8.0625, 4.9375, 2.5],
			"rotation": {"angle": 0, "axis": "y", "origin": [4.5, -2, 0.5]},
			"faces": {
				"east": {"uv": [0, 1, 9, 4], "texture": "#5", "tintindex": 0},
				"west": {"uv": [0, 1, 9, 4], "texture": "#5", "tintindex": 0},
				"up": {"uv": [7, 7, 9, 16], "texture": "#5", "tintindex": 0},
				"down": {"uv": [7, 7, 9, 16], "texture": "#5", "tintindex": 0}
			}
		},
		{
			"from": [7.9375, 4.375, 1.9375],
			"to": [8.0625, 4.5625, 2.5],
			"rotation": {"angle": 0, "axis": "y", "origin": [4.5, -2, 0.5]},
			"faces": {
				"east": {"uv": [0, 7, 9, 10], "texture": "#5", "tintindex": 0},
				"west": {"uv": [0, 7, 9, 10], "texture": "#5", "tintindex": 0},
				"up": {"uv": [7, 7, 9, 16], "texture": "#5", "tintindex": 0},
				"down": {"uv": [7, 7, 9, 16], "texture": "#5", "tintindex": 0}
			}
		},
		{
			"from": [7.5, 4.75, 1.9375],
			"to": [8.0625, 4.9375, 2.0625],
			"rotation": {"angle": 0, "axis": "y", "origin": [4.5, -2, 0.5]},
			"faces": {
				"north": {"uv": [0, 1, 9, 4], "texture": "#5", "tintindex": 0},
				"south": {"uv": [0, 1, 9, 4], "texture": "#5", "tintindex": 0},
				"up": {"uv": [0, 7, 9, 9], "texture": "#5", "tintindex": 0},
				"down": {"uv": [7, 7, 16, 9], "texture": "#5", "tintindex": 0}
			}
		},
		{
			"from": [7.5, 4.375, 1.9375],
			"to": [8.0625, 4.5625, 2.0625],
			"rotation": {"angle": 0, "axis": "y", "origin": [4.5, -2, 0.5]},
			"faces": {
				"north": {"uv": [0, 7, 9, 10], "texture": "#5", "tintindex": 0},
				"south": {"uv": [0, 7, 9, 10], "texture": "#5", "tintindex": 0},
				"up": {"uv": [0, 7, 9, 9], "texture": "#5", "tintindex": 0},
				"down": {"uv": [7, 7, 16, 9], "texture": "#5", "tintindex": 0}
			}
		},
		{
			"from": [7.875, 4, 2.875],
			"to": [8.125, 5, 3.125],
			"rotation": {"angle": 0, "axis": "y", "origin": [4.5, -2, 0.5]},
			"faces": {
				"north": {"uv": [6, 0, 10, 16], "texture": "#5", "tintindex": 0},
				"east": {"uv": [6, 0, 10, 16], "texture": "#5", "tintindex": 0},
				"south": {"uv": [6, 0, 10, 16], "texture": "#5", "tintindex": 0},
				"west": {"uv": [6, 0, 10, 16], "texture": "#5", "tintindex": 0},
				"up": {"uv": [6, 6, 10, 10], "texture": "#5", "tintindex": 0}
			}
		},
		{
			"from": [7.9375, 4.75, 2.5],
			"to": [8.0625, 4.9375, 3.0625],
			"rotation": {"angle": 0, "axis": "y", "origin": [4.5, -2, 0.5]},
			"faces": {
				"east": {"uv": [0, 1, 9, 4], "texture": "#5", "tintindex": 0},
				"west": {"uv": [0, 1, 9, 4], "texture": "#5", "tintindex": 0},
				"up": {"uv": [7, 0, 9, 9], "texture": "#5", "tintindex": 0},
				"down": {"uv": [7, 0, 9, 9], "texture": "#5", "tintindex": 0}
			}
		},
		{
			"from": [7.9375, 4.375, 2.5],
			"to": [8.0625, 4.5625, 3.0625],
			"rotation": {"angle": 0, "axis": "y", "origin": [4.5, -2, 0.5]},
			"faces": {
				"east": {"uv": [0, 7, 9, 10], "texture": "#5", "tintindex": 0},
				"west": {"uv": [0, 7, 9, 10], "texture": "#5", "tintindex": 0},
				"up": {"uv": [7, 0, 9, 9], "texture": "#5", "tintindex": 0},
				"down": {"uv": [7, 0, 9, 9], "texture": "#5", "tintindex": 0}
			}
		},
		{
			"from": [8.875, 4, 0.875],
			"to": [9.125, 5, 1.125],
			"rotation": {"angle": 0, "axis": "y", "origin": [4.5, -2, 0.5]},
			"faces": {
				"north": {"uv": [6, 0, 10, 16], "texture": "#5", "tintindex": 0},
				"east": {"uv": [6, 0, 10, 16], "texture": "#5", "tintindex": 0},
				"south": {"uv": [6, 0, 10, 16], "texture": "#5", "tintindex": 0},
				"west": {"uv": [6, 0, 10, 16], "texture": "#5", "tintindex": 0},
				"up": {"uv": [6, 6, 10, 10], "texture": "#5", "tintindex": 0},
				"down": {"uv": [6, 6, 10, 10], "texture": "#5", "tintindex": 0}
			}
		},
		{
			"from": [8.9375, 4.75, 0.9375],
			"to": [9.0625, 4.9375, 1.5],
			"rotation": {"angle": 0, "axis": "y", "origin": [4.5, -2, 0.5]},
			"faces": {
				"east": {"uv": [0, 1, 9, 4], "texture": "#5", "tintindex": 0},
				"west": {"uv": [0, 1, 9, 4], "texture": "#5", "tintindex": 0},
				"up": {"uv": [7, 7, 9, 16], "texture": "#5", "tintindex": 0},
				"down": {"uv": [7, 7, 9, 16], "texture": "#5", "tintindex": 0}
			}
		},
		{
			"from": [8.9375, 4.375, 0.9375],
			"to": [9.0625, 4.5625, 1.5],
			"rotation": {"angle": 0, "axis": "y", "origin": [4.5, -2, 0.5]},
			"faces": {
				"east": {"uv": [0, 7, 9, 10], "texture": "#5", "tintindex": 0},
				"west": {"uv": [0, 7, 9, 10], "texture": "#5", "tintindex": 0},
				"up": {"uv": [7, 7, 9, 16], "texture": "#5", "tintindex": 0},
				"down": {"uv": [7, 7, 9, 16], "texture": "#5", "tintindex": 0}
			}
		},
		{
			"from": [8.875, 4, 1.875],
			"to": [9.125, 5, 2.125],
			"rotation": {"angle": 0, "axis": "y", "origin": [4.5, -2, 0.5]},
			"faces": {
				"north": {"uv": [6, 0, 10, 16], "texture": "#5", "tintindex": 0},
				"east": {"uv": [6, 0, 10, 16], "texture": "#5", "tintindex": 0},
				"south": {"uv": [6, 0, 10, 16], "texture": "#5", "tintindex": 0},
				"west": {"uv": [6, 0, 10, 16], "texture": "#5", "tintindex": 0},
				"up": {"uv": [6, 6, 10, 10], "texture": "#5", "tintindex": 0},
				"down": {"uv": [6, 6, 10, 10], "texture": "#5", "tintindex": 0}
			}
		},
		{
			"from": [8.9375, 4.75, 1.5],
			"to": [9.0625, 4.9375, 2.0625],
			"rotation": {"angle": 0, "axis": "y", "origin": [4.5, -2, 0.5]},
			"faces": {
				"east": {"uv": [0, 1, 9, 4], "texture": "#5", "tintindex": 0},
				"west": {"uv": [0, 1, 9, 4], "texture": "#5", "tintindex": 0},
				"up": {"uv": [7, 0, 9, 9], "texture": "#5", "tintindex": 0},
				"down": {"uv": [7, 0, 9, 9], "texture": "#5", "tintindex": 0}
			}
		},
		{
			"from": [8.9375, 4.375, 1.5],
			"to": [9.0625, 4.5625, 2.0625],
			"rotation": {"angle": 0, "axis": "y", "origin": [4.5, -2, 0.5]},
			"faces": {
				"east": {"uv": [0, 7, 9, 10], "texture": "#5", "tintindex": 0},
				"west": {"uv": [0, 7, 9, 10], "texture": "#5", "tintindex": 0},
				"up": {"uv": [7, 0, 9, 9], "texture": "#5", "tintindex": 0},
				"down": {"uv": [7, 0, 9, 9], "texture": "#5", "tintindex": 0}
			}
		},
		{
			"from": [8.5, 4.75, 1.9375],
			"to": [9.0625, 4.9375, 2.0625],
			"rotation": {"angle": 0, "axis": "y", "origin": [4.5, -2, 0.5]},
			"faces": {
				"north": {"uv": [0, 1, 9, 4], "texture": "#5", "tintindex": 0},
				"south": {"uv": [0, 1, 9, 4], "texture": "#5", "tintindex": 0},
				"up": {"uv": [0, 7, 9, 9], "texture": "#5", "tintindex": 0},
				"down": {"uv": [7, 7, 16, 9], "texture": "#5", "tintindex": 0}
			}
		},
		{
			"from": [8.5, 4.375, 1.9375],
			"to": [9.0625, 4.5625, 2.0625],
			"rotation": {"angle": 0, "axis": "y", "origin": [4.5, -2, 0.5]},
			"faces": {
				"north": {"uv": [0, 7, 9, 10], "texture": "#5", "tintindex": 0},
				"south": {"uv": [0, 7, 9, 10], "texture": "#5", "tintindex": 0},
				"up": {"uv": [0, 7, 9, 9], "texture": "#5", "tintindex": 0},
				"down": {"uv": [7, 7, 16, 9], "texture": "#5", "tintindex": 0}
			}
		}
	],
	"display": {
		"thirdperson_righthand": {
			"rotation": [0, 90, 0],
			"translation": [0, 8.25, 0.25]
		},
		"thirdperson_lefthand": {
			"rotation": [0, 90, 0],
			"translation": [0, 8.25, 0.25]
		},
		"firstperson_righthand": {
			"rotation": [0, 180, 0],
			"translation": [0, 10, 0]
		},
		"firstperson_lefthand": {
			"rotation": [0, 180, 0],
			"translation": [0, 10, 0]
		},
		"ground": {
			"translation": [0, 7, 0]
		},
		"gui": {
			"rotation": [30, 225, 0],
			"translation": [-0.5, 9.5, 0],
			"scale": [1.5, 1.5, 1.5]
		},
		"head": {
			"rotation": [0, 180, 0],
			"translation": [0, -21.25, -10.75],
			"scale": [4, 4, 4]
		},
		"fixed": {
			"rotation": [0, 90, 0],
			"translation": [0, 5.75, 0]
		}
	}
}