{
	"credit": "Made with Blockbench",
	"textures": {
		"0": "block/stripped_acacia_log",
		"1": "block/stripped_acacia_log_top",
		"2": "block/netherite_block",
		"3": "block/acacia_planks",
		"4": "block/polished_tuff",
		"5": "block/custom/wheel",
		"particle": "block/polished_tuff"
	},
	"elements": [
		{
			"from": [6.5, 0.5, 6.5],
			"to": [7.5, 1, 7.5],
			"rotation": {"angle": 0, "axis": "y", "origin": [5.5, 0, 5.5]},
			"faces": {
				"north": {"uv": [0, 4, 16, 12], "texture": "#1"},
				"west": {"uv": [0, 0, 8, 16], "rotation": 270, "texture": "#0"},
				"down": {"uv": [0, 0, 16, 16], "rotation": 180, "texture": "#0"}
			}
		},
		{
			"from": [6.5, 0.5, 7.5],
			"to": [7.5, 1, 8.5],
			"rotation": {"angle": 0, "axis": "y", "origin": [5.5, 0, 5.5]},
			"faces": {
				"west": {"uv": [0, 0, 8, 16], "rotation": 270, "texture": "#0"},
				"down": {"uv": [0, 0, 16, 16], "rotation": 180, "texture": "#0"}
			}
		},
		{
			"from": [6.5, 0.5, 8.5],
			"to": [7.5, 1, 9.5],
			"rotation": {"angle": 0, "axis": "y", "origin": [5.5, 0, 5.5]},
			"faces": {
				"west": {"uv": [0, 0, 8, 16], "rotation": 270, "texture": "#0"},
				"down": {"uv": [0, 0, 16, 16], "rotation": 180, "texture": "#0"}
			}
		},
		{
			"from": [6.5, 0.5, 9.5],
			"to": [7.5, 1, 10.5],
			"rotation": {"angle": 0, "axis": "y", "origin": [5.5, 0, 5.5]},
			"faces": {
				"south": {"uv": [0, 4, 16, 12], "texture": "#1"},
				"west": {"uv": [0, 0, 8, 16], "rotation": 270, "texture": "#0"},
				"up": {"uv": [0, 0, 16, 16], "texture": "#0"},
				"down": {"uv": [0, 0, 16, 16], "rotation": 180, "texture": "#0"}
			}
		},
		{
			"from": [7.5, 0.5, 6.5],
			"to": [8.5, 1, 7.5],
			"rotation": {"angle": 0, "axis": "y", "origin": [5.5, 0, 5.5]},
			"faces": {
				"north": {"uv": [0, 0, 8, 16], "rotation": 270, "texture": "#0"},
				"down": {"uv": [0, 0, 16, 16], "rotation": 90, "texture": "#0"}
			}
		},
		{
			"from": [7.5, 0.5, 7.5],
			"to": [8.5, 1, 8.5],
			"rotation": {"angle": 0, "axis": "y", "origin": [5.5, 0, 5.5]},
			"faces": {
				"down": {"uv": [0, 0, 16, 16], "rotation": 90, "texture": "#0"}
			}
		},
		{
			"from": [7.5, 0.5, 8.5],
			"to": [8.5, 1, 9.5],
			"rotation": {"angle": 0, "axis": "y", "origin": [5.5, 0, 5.5]},
			"faces": {
				"down": {"uv": [0, 0, 16, 16], "rotation": 90, "texture": "#0"}
			}
		},
		{
			"from": [7.5, 0.5, 9.5],
			"to": [8.5, 1, 10.5],
			"rotation": {"angle": 0, "axis": "y", "origin": [5.5, 0, 5.5]},
			"faces": {
				"south": {"uv": [0, 4, 16, 12], "texture": "#1"},
				"up": {"uv": [0, 0, 16, 16], "texture": "#0"},
				"down": {"uv": [0, 0, 16, 16], "rotation": 180, "texture": "#0"}
			}
		},
		{
			"from": [8.5, 0.5, 6.5],
			"to": [9.5, 1, 7.5],
			"rotation": {"angle": 0, "axis": "y", "origin": [5.5, 0, 5.5]},
			"faces": {
				"north": {"uv": [0, 4, 16, 12], "texture": "#1"},
				"east": {"uv": [0, 0, 8, 16], "rotation": 270, "texture": "#0"},
				"down": {"uv": [0, 0, 16, 16], "rotation": 180, "texture": "#0"}
			}
		},
		{
			"from": [8.5, 0.5, 7.5],
			"to": [9.5, 1, 8.5],
			"rotation": {"angle": 0, "axis": "y", "origin": [5.5, 0, 5.5]},
			"faces": {
				"east": {"uv": [0, 0, 8, 16], "rotation": 270, "texture": "#0"},
				"down": {"uv": [0, 0, 16, 16], "rotation": 180, "texture": "#0"}
			}
		},
		{
			"from": [8.5, 0.5, 8.5],
			"to": [9.5, 1, 9.5],
			"rotation": {"angle": 0, "axis": "y", "origin": [5.5, 0, 5.5]},
			"faces": {
				"east": {"uv": [0, 0, 8, 16], "rotation": 270, "texture": "#0"},
				"up": {"uv": [0, 0, 1, 1], "texture": "#0"},
				"down": {"uv": [0, 0, 16, 16], "rotation": 180, "texture": "#0"}
			}
		},
		{
			"from": [8.5, 0.5, 9.5],
			"to": [9.5, 1, 10.5],
			"rotation": {"angle": 0, "axis": "y", "origin": [5.5, 0, 5.5]},
			"faces": {
				"east": {"uv": [0, 0, 8, 16], "rotation": 270, "texture": "#0"},
				"south": {"uv": [0, 4, 16, 12], "texture": "#1"},
				"up": {"uv": [0, 0, 16, 16], "texture": "#0"},
				"down": {"uv": [0, 0, 16, 16], "rotation": 180, "texture": "#0"}
			}
		},
		{
			"from": [7.4375, 1.9375, 5.5],
			"to": [8.5625, 3.0625, 6.5],
			"rotation": {"angle": 0, "axis": "y", "origin": [5.5, 0, 5.5]},
			"faces": {
				"north": {"uv": [0, 0, 16, 16], "texture": "#2"},
				"east": {"uv": [0, 0, 16, 16], "texture": "#2"},
				"south": {"uv": [0, 0, 16, 16], "texture": "#2"},
				"west": {"uv": [0, 0, 16, 16], "texture": "#2"},
				"up": {"uv": [0, 0, 16, 16], "texture": "#2"},
				"down": {"uv": [0, 0, 16, 16], "texture": "#2"}
			}
		},
		{
			"from": [7.5, 2, 6.5],
			"to": [8.5, 3, 7.5],
			"rotation": {"angle": 0, "axis": "y", "origin": [5.5, 0, 5.5]},
			"faces": {
				"east": {"uv": [0, 0, 16, 16], "texture": "#2"},
				"west": {"uv": [0, 0, 16, 16], "texture": "#2"},
				"up": {"uv": [0, 0, 16, 16], "texture": "#2"},
				"down": {"uv": [0, 0, 16, 16], "texture": "#2"}
			}
		},
		{
			"from": [7.375, 1.875, 7.5],
			"to": [8.625, 3.125, 8.5],
			"rotation": {"angle": 0, "axis": "y", "origin": [5.5, 0, 5.5]},
			"faces": {
				"north": {"uv": [0, 0, 16, 16], "texture": "#2"},
				"east": {"uv": [0, 0, 16, 16], "texture": "#2"},
				"south": {"uv": [0, 0, 16, 16], "texture": "#2"},
				"west": {"uv": [0, 0, 16, 16], "texture": "#2"},
				"up": {"uv": [0, 0, 16, 16], "texture": "#2"},
				"down": {"uv": [0, 0, 16, 16], "texture": "#2"}
			}
		},
		{
			"from": [6.5, 1, 6.5],
			"to": [7.5, 1.5, 7.5],
			"rotation": {"angle": 0, "axis": "y", "origin": [5.5, 0, 5.5]},
			"faces": {
				"north": {"uv": [0, 8, 16, 16], "texture": "#3"},
				"west": {"uv": [0, 8, 16, 16], "texture": "#3"},
				"up": {"uv": [0, 0, 16, 16], "texture": "#3"}
			}
		},
		{
			"from": [6.5, 1, 7.5],
			"to": [7.5, 1.5, 8.5],
			"rotation": {"angle": 0, "axis": "y", "origin": [5.5, 0, 5.5]},
			"faces": {
				"west": {"uv": [0, 8, 16, 16], "texture": "#4"},
				"up": {"uv": [0, 0, 16, 16], "texture": "#4"}
			}
		},
		{
			"from": [6.5, 1, 8.5],
			"to": [7.5, 1.5, 9.5],
			"rotation": {"angle": 0, "axis": "y", "origin": [5.5, 0, 5.5]},
			"faces": {
				"south": {"uv": [0, 8, 16, 16], "texture": "#3"},
				"west": {"uv": [0, 8, 16, 16], "texture": "#3"},
				"up": {"uv": [0, 0, 16, 16], "texture": "#3"}
			}
		},
		{
			"from": [7.5, 1, 6.5],
			"to": [8.5, 1.5, 7.5],
			"rotation": {"angle": 0, "axis": "y", "origin": [5.5, 0, 5.5]},
			"faces": {
				"north": {"uv": [0, 8, 16, 16], "texture": "#3"},
				"up": {"uv": [0, 0, 16, 16], "texture": "#3"}
			}
		},
		{
			"from": [7.5, 1, 7.5],
			"to": [8.5, 1.5, 8.5],
			"rotation": {"angle": 0, "axis": "y", "origin": [5.5, 0, 5.5]},
			"faces": {
				"up": {"uv": [0, 0, 16, 16], "texture": "#4"}
			}
		},
		{
			"from": [7.5, 1, 8.5],
			"to": [8.5, 1.5, 9.5],
			"rotation": {"angle": 0, "axis": "y", "origin": [5.5, 0, 5.5]},
			"faces": {
				"south": {"uv": [0, 8, 16, 16], "texture": "#4"},
				"up": {"uv": [0, 0, 16, 16], "texture": "#4"}
			}
		},
		{
			"from": [8.5, 1, 6.5],
			"to": [9.5, 1.5, 7.5],
			"rotation": {"angle": 0, "axis": "y", "origin": [5.5, 0, 5.5]},
			"faces": {
				"north": {"uv": [0, 8, 16, 16], "texture": "#3"},
				"east": {"uv": [0, 8, 16, 16], "texture": "#3"},
				"up": {"uv": [0, 0, 16, 16], "texture": "#3"}
			}
		},
		{
			"from": [8.5, 1, 7.5],
			"to": [9.5, 1.5, 8.5],
			"rotation": {"angle": 0, "axis": "y", "origin": [5.5, 0, 5.5]},
			"faces": {
				"east": {"uv": [0, 8, 16, 16], "texture": "#4"},
				"up": {"uv": [0, 0, 16, 16], "texture": "#4"}
			}
		},
		{
			"from": [8.5, 1, 8.5],
			"to": [9.5, 1.5, 9.5],
			"rotation": {"angle": 0, "axis": "y", "origin": [5.5, 0, 5.5]},
			"faces": {
				"east": {"uv": [0, 8, 16, 16], "texture": "#3"},
				"south": {"uv": [0, 8, 16, 16], "texture": "#3"},
				"up": {"uv": [0, 0, 16, 16], "texture": "#3"}
			}
		},
		{
			"from": [6.875, 2, 7.875],
			"to": [7.125, 3, 8.125],
			"rotation": {"angle": 0, "axis": "y", "origin": [5.5, 0, 5.5]},
			"faces": {
				"north": {"uv": [6, 0, 10, 16], "texture": "#3"},
				"east": {"uv": [6, 0, 10, 16], "texture": "#3"},
				"south": {"uv": [6, 0, 10, 16], "texture": "#3"},
				"west": {"uv": [6, 0, 10, 16], "texture": "#3"},
				"down": {"uv": [6, 6, 10, 10], "texture": "#3"}
			}
		},
		{
			"from": [6.875, 1, 7.875],
			"to": [7.125, 2, 8.125],
			"rotation": {"angle": 0, "axis": "y", "origin": [5.5, 0, 5.5]},
			"faces": {
				"north": {"uv": [6, 0, 10, 16], "texture": "#3"},
				"east": {"uv": [6, 0, 10, 16], "texture": "#3"},
				"south": {"uv": [6, 0, 10, 16], "texture": "#3"},
				"west": {"uv": [6, 0, 10, 16], "texture": "#3"},
				"down": {"uv": [6, 6, 10, 10], "texture": "#3"}
			}
		},
		{
			"from": [6.9375, 2.4375, 7.9375],
			"to": [7.5, 2.625, 8.0625],
			"rotation": {"angle": 0, "axis": "y", "origin": [5.5, 0, 5.5]},
			"faces": {
				"north": {"uv": [0, 7, 9, 10], "texture": "#3"},
				"south": {"uv": [0, 7, 9, 10], "texture": "#3"},
				"up": {"uv": [7, 7, 16, 9], "texture": "#3"},
				"down": {"uv": [0, 7, 9, 9], "texture": "#3"}
			}
		},
		{
			"from": [7.875, 2.5, 8.875],
			"to": [8.125, 3.5, 9.125],
			"rotation": {"angle": 0, "axis": "y", "origin": [5.5, 0, 5.5]},
			"faces": {
				"north": {"uv": [6, 0, 10, 16], "texture": "#3"},
				"east": {"uv": [6, 0, 10, 16], "texture": "#3"},
				"south": {"uv": [6, 0, 10, 16], "texture": "#3"},
				"west": {"uv": [6, 0, 10, 16], "texture": "#3"},
				"down": {"uv": [6, 6, 10, 10], "texture": "#3"}
			}
		},
		{
			"from": [7.875, 1.5, 8.875],
			"to": [8.125, 2.5, 9.125],
			"rotation": {"angle": 0, "axis": "y", "origin": [5.5, 0, 5.5]},
			"faces": {
				"north": {"uv": [6, 0, 10, 16], "texture": "#3"},
				"east": {"uv": [6, 0, 10, 16], "texture": "#3"},
				"south": {"uv": [6, 0, 10, 16], "texture": "#3"},
				"west": {"uv": [6, 0, 10, 16], "texture": "#3"},
				"down": {"uv": [6, 6, 10, 10], "texture": "#3"}
			}
		},
		{
			"from": [8.875, 2, 7.875],
			"to": [9.125, 3, 8.125],
			"rotation": {"angle": 0, "axis": "y", "origin": [5.5, 0, 5.5]},
			"faces": {
				"north": {"uv": [6, 0, 10, 16], "texture": "#3"},
				"east": {"uv": [6, 0, 10, 16], "texture": "#3"},
				"south": {"uv": [6, 0, 10, 16], "texture": "#3"},
				"west": {"uv": [6, 0, 10, 16], "texture": "#3"},
				"down": {"uv": [6, 6, 10, 10], "texture": "#3"}
			}
		},
		{
			"from": [8.875, 1, 7.875],
			"to": [9.125, 2, 8.125],
			"rotation": {"angle": 0, "axis": "y", "origin": [5.5, 0, 5.5]},
			"faces": {
				"north": {"uv": [6, 0, 10, 16], "texture": "#3"},
				"east": {"uv": [6, 0, 10, 16], "texture": "#3"},
				"south": {"uv": [6, 0, 10, 16], "texture": "#3"},
				"west": {"uv": [6, 0, 10, 16], "texture": "#3"},
				"down": {"uv": [6, 6, 10, 10], "texture": "#3"}
			}
		},
		{
			"from": [8.5, 2.4375, 7.9375],
			"to": [9.0625, 2.625, 8.0625],
			"rotation": {"angle": 0, "axis": "y", "origin": [5.5, 0, 5.5]},
			"faces": {
				"north": {"uv": [0, 7, 9, 10], "texture": "#3"},
				"south": {"uv": [0, 7, 9, 10], "texture": "#3"},
				"up": {"uv": [0, 7, 9, 9], "texture": "#3"},
				"down": {"uv": [7, 7, 16, 9], "texture": "#3"}
			}
		},
		{
			"from": [6.875, 3, 7.875],
			"to": [7.125, 4, 8.125],
			"rotation": {"angle": 0, "axis": "y", "origin": [5.5, 0, 5.5]},
			"faces": {
				"north": {"uv": [6, 0, 10, 16], "texture": "#3"},
				"east": {"uv": [6, 0, 10, 16], "texture": "#3"},
				"south": {"uv": [6, 0, 10, 16], "texture": "#3"},
				"west": {"uv": [6, 0, 10, 16], "texture": "#3"},
				"up": {"uv": [6, 6, 10, 10], "texture": "#3"}
			}
		},
		{
			"from": [6.9375, 3.75, 7.9375],
			"to": [7.5, 3.9375, 8.0625],
			"rotation": {"angle": 0, "axis": "y", "origin": [5.5, 0, 5.5]},
			"faces": {
				"north": {"uv": [0, 1, 9, 4], "texture": "#3"},
				"east": {"uv": [7, 1, 9, 4], "texture": "#3"},
				"south": {"uv": [0, 1, 9, 4], "texture": "#3"},
				"up": {"uv": [7, 7, 16, 9], "texture": "#3"},
				"down": {"uv": [0, 7, 9, 9], "texture": "#3"}
			}
		},
		{
			"from": [6.9375, 3.375, 7.9375],
			"to": [7.5, 3.5625, 8.0625],
			"rotation": {"angle": 0, "axis": "y", "origin": [5.5, 0, 5.5]},
			"faces": {
				"north": {"uv": [0, 7, 9, 10], "texture": "#3"},
				"east": {"uv": [7, 7, 9, 10], "texture": "#3"},
				"south": {"uv": [0, 7, 9, 10], "texture": "#3"},
				"up": {"uv": [7, 7, 16, 9], "texture": "#3"},
				"down": {"uv": [0, 7, 9, 9], "texture": "#3"}
			}
		},
		{
			"from": [8.375, 3.3125, 7.9375],
			"to": [8.5, 4, 8.0625],
			"rotation": {"angle": 0, "axis": "y", "origin": [5.5, 0, 5.5]},
			"faces": {
				"north": {"uv": [0, 0, 2, 11], "texture": "#3"},
				"east": {"uv": [7, 0, 9, 11], "texture": "#3"},
				"south": {"uv": [0, 0, 2, 11], "texture": "#3"},
				"west": {"uv": [7, 0, 9, 11], "texture": "#3"},
				"up": {"uv": [14, 7, 16, 9], "texture": "#3"},
				"down": {"uv": [14, 7, 16, 9], "texture": "#3"}
			}
		},
		{
			"from": [7.5, 3.3125, 7.9375],
			"to": [7.625, 4, 8.0625],
			"rotation": {"angle": 0, "axis": "y", "origin": [5.5, 0, 5.5]},
			"faces": {
				"north": {"uv": [14, 0, 16, 11], "texture": "#3"},
				"east": {"uv": [7, 0, 9, 11], "texture": "#3"},
				"south": {"uv": [14, 0, 16, 11], "texture": "#3"},
				"west": {"uv": [7, 0, 9, 11], "texture": "#3"},
				"up": {"uv": [0, 7, 2, 9], "texture": "#3"},
				"down": {"uv": [0, 7, 2, 9], "texture": "#3"}
			}
		},
		{
			"from": [8, 3.375, 7.9375],
			"to": [8.125, 3.9375, 8.0625],
			"rotation": {"angle": 0, "axis": "y", "origin": [5.5, 0, 5.5]},
			"faces": {
				"north": {"uv": [6, 1, 8, 10], "texture": "#3"},
				"east": {"uv": [7, 1, 9, 10], "texture": "#3"},
				"south": {"uv": [6, 1, 8, 10], "texture": "#3"},
				"west": {"uv": [7, 1, 9, 10], "texture": "#3"},
				"up": {"uv": [8, 7, 10, 9], "texture": "#3"},
				"down": {"uv": [8, 7, 10, 9], "texture": "#3"}
			}
		},
		{
			"from": [7.875, 3.375, 7.9375],
			"to": [8, 3.9375, 8.0625],
			"rotation": {"angle": 0, "axis": "y", "origin": [5.5, 0, 5.5]},
			"faces": {
				"north": {"uv": [8, 1, 10, 10], "texture": "#3"},
				"east": {"uv": [7, 1, 9, 10], "texture": "#3"},
				"south": {"uv": [8, 1, 10, 10], "texture": "#3"},
				"west": {"uv": [7, 1, 9, 10], "texture": "#3"},
				"up": {"uv": [6, 7, 8, 9], "texture": "#3"},
				"down": {"uv": [6, 7, 8, 9], "texture": "#3"}
			}
		},
		{
			"from": [8.125, 3.375, 7.9375],
			"to": [8.375, 3.5625, 8.0625],
			"rotation": {"angle": 0, "axis": "y", "origin": [5.5, 0, 5.5]},
			"faces": {
				"north": {"uv": [2, 7, 6, 10], "texture": "#3"},
				"south": {"uv": [2, 7, 6, 10], "texture": "#3"},
				"up": {"uv": [10, 7, 14, 9], "texture": "#3"},
				"down": {"uv": [10, 7, 14, 9], "texture": "#3"}
			}
		},
		{
			"from": [8.125, 3.75, 7.9375],
			"to": [8.375, 3.9375, 8.0625],
			"rotation": {"angle": 0, "axis": "y", "origin": [5.5, 0, 5.5]},
			"faces": {
				"north": {"uv": [2, 1, 6, 4], "texture": "#3"},
				"south": {"uv": [2, 1, 6, 4], "texture": "#3"},
				"up": {"uv": [10, 7, 14, 9], "texture": "#3"},
				"down": {"uv": [10, 7, 14, 9], "texture": "#3"}
			}
		},
		{
			"from": [7.625, 3.375, 7.9375],
			"to": [7.875, 3.5625, 8.0625],
			"rotation": {"angle": 0, "axis": "y", "origin": [5.5, 0, 5.5]},
			"faces": {
				"north": {"uv": [10, 7, 14, 10], "texture": "#3"},
				"south": {"uv": [10, 7, 14, 10], "texture": "#3"},
				"up": {"uv": [2, 7, 6, 9], "texture": "#3"},
				"down": {"uv": [2, 7, 6, 9], "texture": "#3"}
			}
		},
		{
			"from": [7.625, 3.75, 7.9375],
			"to": [7.875, 3.9375, 8.0625],
			"rotation": {"angle": 0, "axis": "y", "origin": [5.5, 0, 5.5]},
			"faces": {
				"north": {"uv": [10, 1, 14, 4], "texture": "#3"},
				"south": {"uv": [10, 1, 14, 4], "texture": "#3"},
				"up": {"uv": [2, 7, 6, 9], "texture": "#3"},
				"down": {"uv": [2, 7, 6, 9], "texture": "#3"}
			}
		},
		{
			"from": [7.875, 3.5, 8.875],
			"to": [8.125, 4.5, 9.125],
			"rotation": {"angle": 0, "axis": "y", "origin": [5.5, 0, 5.5]},
			"faces": {
				"north": {"uv": [6, 0, 10, 16], "texture": "#3"},
				"east": {"uv": [6, 0, 10, 16], "texture": "#3"},
				"south": {"uv": [6, 0, 10, 16], "texture": "#3"},
				"west": {"uv": [6, 0, 10, 16], "texture": "#3"},
				"up": {"uv": [6, 6, 10, 10], "texture": "#3"}
			}
		},
		{
			"from": [8.875, 3, 7.875],
			"to": [9.125, 4, 8.125],
			"rotation": {"angle": 0, "axis": "y", "origin": [5.5, 0, 5.5]},
			"faces": {
				"north": {"uv": [6, 0, 10, 16], "texture": "#3"},
				"east": {"uv": [6, 0, 10, 16], "texture": "#3"},
				"south": {"uv": [6, 0, 10, 16], "texture": "#3"},
				"west": {"uv": [6, 0, 10, 16], "texture": "#3"},
				"up": {"uv": [6, 6, 10, 10], "texture": "#3"}
			}
		},
		{
			"from": [8.5, 3.75, 7.9375],
			"to": [9.0625, 3.9375, 8.0625],
			"rotation": {"angle": 0, "axis": "y", "origin": [5.5, 0, 5.5]},
			"faces": {
				"north": {"uv": [0, 1, 9, 4], "texture": "#3"},
				"south": {"uv": [0, 1, 9, 4], "texture": "#3"},
				"west": {"uv": [7, 1, 9, 4], "texture": "#3"},
				"up": {"uv": [0, 7, 9, 9], "texture": "#3"},
				"down": {"uv": [7, 7, 16, 9], "texture": "#3"}
			}
		},
		{
			"from": [8.5, 3.375, 7.9375],
			"to": [9.0625, 3.5625, 8.0625],
			"rotation": {"angle": 0, "axis": "y", "origin": [5.5, 0, 5.5]},
			"faces": {
				"north": {"uv": [0, 7, 9, 10], "texture": "#3"},
				"south": {"uv": [0, 7, 9, 10], "texture": "#3"},
				"west": {"uv": [7, 7, 9, 10], "texture": "#3"},
				"up": {"uv": [0, 7, 9, 9], "texture": "#3"},
				"down": {"uv": [7, 7, 16, 9], "texture": "#3"}
			}
		},
		{
			"from": [8.375, 4.3125, 8.9375],
			"to": [8.5, 5, 9.0625],
			"rotation": {"angle": 0, "axis": "y", "origin": [5.5, 0, 5.5]},
			"faces": {
				"north": {"uv": [0, 0, 2, 11], "texture": "#3"},
				"east": {"uv": [7, 0, 9, 11], "texture": "#3"},
				"south": {"uv": [0, 0, 2, 11], "texture": "#3"},
				"west": {"uv": [7, 0, 9, 11], "texture": "#3"},
				"up": {"uv": [14, 7, 16, 9], "texture": "#3"},
				"down": {"uv": [14, 7, 16, 9], "texture": "#3"}
			}
		},
		{
			"from": [7.5, 4.3125, 8.9375],
			"to": [7.625, 5, 9.0625],
			"rotation": {"angle": 0, "axis": "y", "origin": [5.5, 0, 5.5]},
			"faces": {
				"north": {"uv": [14, 0, 16, 11], "texture": "#3"},
				"east": {"uv": [7, 0, 9, 11], "texture": "#3"},
				"south": {"uv": [14, 0, 16, 11], "texture": "#3"},
				"west": {"uv": [7, 0, 9, 11], "texture": "#3"},
				"up": {"uv": [0, 7, 2, 9], "texture": "#3"},
				"down": {"uv": [0, 7, 2, 9], "texture": "#3"}
			}
		},
		{
			"from": [8, 4.375, 8.9375],
			"to": [8.125, 4.9375, 9.0625],
			"rotation": {"angle": 0, "axis": "y", "origin": [5.5, 0, 5.5]},
			"faces": {
				"north": {"uv": [6, 1, 8, 10], "texture": "#3"},
				"east": {"uv": [7, 1, 9, 10], "texture": "#3"},
				"south": {"uv": [6, 1, 8, 10], "texture": "#3"},
				"west": {"uv": [7, 1, 9, 10], "texture": "#3"},
				"up": {"uv": [8, 7, 10, 9], "texture": "#3"},
				"down": {"uv": [8, 7, 10, 9], "texture": "#3"}
			}
		},
		{
			"from": [7.875, 4.375, 8.9375],
			"to": [8, 4.9375, 9.0625],
			"rotation": {"angle": 0, "axis": "y", "origin": [5.5, 0, 5.5]},
			"faces": {
				"north": {"uv": [8, 1, 10, 10], "texture": "#3"},
				"east": {"uv": [7, 1, 9, 10], "texture": "#3"},
				"south": {"uv": [8, 1, 10, 10], "texture": "#3"},
				"west": {"uv": [7, 1, 9, 10], "texture": "#3"},
				"up": {"uv": [6, 7, 8, 9], "texture": "#3"},
				"down": {"uv": [6, 7, 8, 9], "texture": "#3"}
			}
		},
		{
			"from": [8.125, 4.375, 8.9375],
			"to": [8.375, 4.5625, 9.0625],
			"rotation": {"angle": 0, "axis": "y", "origin": [5.5, 0, 5.5]},
			"faces": {
				"north": {"uv": [2, 7, 6, 10], "texture": "#3"},
				"south": {"uv": [2, 7, 6, 10], "texture": "#3"},
				"up": {"uv": [10, 7, 14, 9], "texture": "#3"},
				"down": {"uv": [10, 7, 14, 9], "texture": "#3"}
			}
		},
		{
			"from": [8.125, 4.75, 8.9375],
			"to": [8.375, 4.9375, 9.0625],
			"rotation": {"angle": 0, "axis": "y", "origin": [5.5, 0, 5.5]},
			"faces": {
				"north": {"uv": [2, 1, 6, 4], "texture": "#3"},
				"south": {"uv": [2, 1, 6, 4], "texture": "#3"},
				"up": {"uv": [10, 7, 14, 9], "texture": "#3"},
				"down": {"uv": [10, 7, 14, 9], "texture": "#3"}
			}
		},
		{
			"from": [7.625, 4.375, 8.9375],
			"to": [7.875, 4.5625, 9.0625],
			"rotation": {"angle": 0, "axis": "y", "origin": [5.5, 0, 5.5]},
			"faces": {
				"north": {"uv": [10, 7, 14, 10], "texture": "#3"},
				"south": {"uv": [10, 7, 14, 10], "texture": "#3"},
				"up": {"uv": [2, 7, 6, 9], "texture": "#3"},
				"down": {"uv": [2, 7, 6, 9], "texture": "#3"}
			}
		},
		{
			"from": [7.625, 4.75, 8.9375],
			"to": [7.875, 4.9375, 9.0625],
			"rotation": {"angle": 0, "axis": "y", "origin": [5.5, 0, 5.5]},
			"faces": {
				"north": {"uv": [10, 1, 14, 4], "texture": "#3"},
				"south": {"uv": [10, 1, 14, 4], "texture": "#3"},
				"up": {"uv": [2, 7, 6, 9], "texture": "#3"},
				"down": {"uv": [2, 7, 6, 9], "texture": "#3"}
			}
		},
		{
			"from": [6.3125, 0, 6.625],
			"to": [6.5, 0.8125, 7.4375],
			"rotation": {"angle": 0, "axis": "y", "origin": [5.5, 0, 5.5]},
			"faces": {
				"north": {"uv": [2, 0, 5, 13], "texture": "#0"},
				"east": {"uv": [0, 0, 7.5, 8], "texture": "#5"},
				"south": {"uv": [8, 0, 11, 13], "texture": "#0"},
				"west": {"uv": [0, 0, 7.5, 8], "texture": "#5"},
				"up": {"uv": [5, 0, 8, 13], "texture": "#0"},
				"down": {"uv": [11, 0, 14, 13], "texture": "#0"}
			}
		},
		{
			"from": [9.4375, 0.3125, 6.9375],
			"to": [9.8125, 0.5, 7.125],
			"rotation": {"angle": 0, "axis": "y", "origin": [5.5, 0, 5.5]},
			"faces": {
				"north": {"uv": [4, 0, 12, 14], "rotation": 90, "texture": "#0"},
				"east": {"uv": [4, 4, 11.5, 12], "texture": "#1"},
				"south": {"uv": [4, 0, 12, 14], "rotation": 90, "texture": "#0"},
				"west": {"uv": [4, 4, 11.5, 12], "texture": "#1"},
				"up": {"uv": [4, 0, 12, 14], "rotation": 90, "texture": "#0"},
				"down": {"uv": [4, 0, 12, 14], "rotation": 90, "texture": "#0"}
			}
		},
		{
			"from": [9.5, 0, 6.625],
			"to": [9.6875, 0.8125, 7.4375],
			"rotation": {"angle": 0, "axis": "y", "origin": [5.5, 0, 5.5]},
			"faces": {
				"north": {"uv": [2, 0, 5, 13], "texture": "#0"},
				"east": {"uv": [0, 0, 7.5, 8], "texture": "#5"},
				"south": {"uv": [8, 0, 11, 13], "texture": "#0"},
				"west": {"uv": [0, 0, 7.5, 8], "texture": "#5"},
				"up": {"uv": [5, 0, 8, 13], "texture": "#0"},
				"down": {"uv": [11, 0, 14, 13], "texture": "#0"}
			}
		},
		{
			"from": [6.1875, 0.3125, 6.9375],
			"to": [6.5625, 0.5, 7.125],
			"rotation": {"angle": 0, "axis": "y", "origin": [5.5, 0, 5.5]},
			"faces": {
				"north": {"uv": [4, 0, 12, 14], "rotation": 90, "texture": "#0"},
				"east": {"uv": [4, 4, 11.5, 12], "texture": "#1"},
				"south": {"uv": [4, 0, 12, 14], "rotation": 90, "texture": "#0"},
				"west": {"uv": [4, 4, 11.5, 12], "texture": "#1"},
				"up": {"uv": [4, 0, 12, 14], "rotation": 90, "texture": "#0"},
				"down": {"uv": [4, 0, 12, 14], "rotation": 90, "texture": "#0"}
			}
		},
		{
			"from": [9.5, 0, 8.5],
			"to": [9.6875, 1.0625, 9.5625],
			"rotation": {"angle": 0, "axis": "y", "origin": [5.5, 0, 5.5]},
			"faces": {
				"north": {"uv": [2, 0, 5, 13], "texture": "#0"},
				"east": {"uv": [0, 0, 7.5, 8], "texture": "#5"},
				"south": {"uv": [8, 0, 11, 13], "texture": "#0"},
				"west": {"uv": [0, 0, 7.5, 8], "texture": "#5"},
				"up": {"uv": [5, 0, 8, 13], "texture": "#0"},
				"down": {"uv": [11, 0, 14, 13], "texture": "#0"}
			}
		},
		{
			"from": [9.4375, 0.4375, 8.9375],
			"to": [9.8125, 0.625, 9.125],
			"rotation": {"angle": 0, "axis": "y", "origin": [5.5, 0, 5.5]},
			"faces": {
				"north": {"uv": [4, 0, 12, 14], "rotation": 90, "texture": "#0"},
				"east": {"uv": [4, 4, 11.5, 12], "texture": "#1"},
				"south": {"uv": [4, 0, 12, 14], "rotation": 90, "texture": "#0"},
				"west": {"uv": [4, 4, 11.5, 12], "texture": "#1"},
				"up": {"uv": [4, 0, 12, 14], "rotation": 90, "texture": "#0"},
				"down": {"uv": [4, 0, 12, 14], "rotation": 90, "texture": "#0"}
			}
		},
		{
			"from": [6.3125, 0, 8.5],
			"to": [6.5, 1.0625, 9.5625],
			"rotation": {"angle": 0, "axis": "y", "origin": [5.5, 0, 5.5]},
			"faces": {
				"north": {"uv": [2, 0, 5, 13], "texture": "#0"},
				"east": {"uv": [0, 0, 7.5, 8], "texture": "#5"},
				"south": {"uv": [8, 0, 11, 13], "texture": "#0"},
				"west": {"uv": [0, 0, 7.5, 8], "texture": "#5"},
				"up": {"uv": [5, 0, 8, 13], "texture": "#0"},
				"down": {"uv": [11, 0, 14, 13], "texture": "#0"}
			}
		},
		{
			"from": [6.1875, 0.4375, 8.9375],
			"to": [6.5625, 0.625, 9.125],
			"rotation": {"angle": 0, "axis": "y", "origin": [5.5, 0, 5.5]},
			"faces": {
				"north": {"uv": [4, 0, 12, 14], "rotation": 90, "texture": "#0"},
				"east": {"uv": [4, 4, 11.5, 12], "texture": "#1"},
				"south": {"uv": [4, 0, 12, 14], "rotation": 90, "texture": "#0"},
				"west": {"uv": [4, 4, 11.5, 12], "texture": "#1"},
				"up": {"uv": [4, 0, 12, 14], "rotation": 90, "texture": "#0"},
				"down": {"uv": [4, 0, 12, 14], "rotation": 90, "texture": "#0"}
			}
		}
	],
	"display": {
		"thirdperson_righthand": {
			"translation": [0, 8, 0]
		},
		"thirdperson_lefthand": {
			"translation": [0, 8, 0]
		},
		"firstperson_righthand": {
			"translation": [0, 7.75, 0]
		},
		"firstperson_lefthand": {
			"translation": [0, 7.75, 0]
		},
		"ground": {
			"translation": [0, 12.75, 0],
			"scale": [2, 2, 2]
		},
		"gui": {
			"rotation": [45, 135, 0],
			"translation": [-0.75, 12.75, 0],
			"scale": [3, 3, 3]
		}
	}
}