{
	"credit": "Made with Blockbench",
	"textures": {
		"0": "block/custom/blue_plant",
		"particle": "block/custom/blue_plant"
	},
	"elements": [
		{
			"from": [8, 0, 6],
			"to": [8, 13, 10],
			"rotation": {"angle": 0, "axis": "y", "origin": [8, 0, 8]},
			"faces": {
				"north": {"uv": [0, 0, 0, 13], "texture": "#0"},
				"east": {"uv": [12, 0, 16, 13], "texture": "#0"},
				"south": {"uv": [0, 0, 0, 13], "texture": "#0"},
				"west": {"uv": [12, 0, 16, 13], "texture": "#0"},
				"up": {"uv": [0, 0, 0, 2], "texture": "#0"},
				"down": {"uv": [0, 0, 0, 2], "texture": "#0"}
			}
		},
		{
			"from": [3, 12, 5],
			"to": [10, 12, 11],
			"rotation": {"angle": -22.5, "axis": "z", "origin": [8, 0, 8]},
			"faces": {
				"north": {"uv": [0, 0, 0, 9], "rotation": 270, "texture": "#0"},
				"east": {"uv": [0, 0, 0, 6], "rotation": 90, "texture": "#0"},
				"south": {"uv": [0, 0, 0, 9], "rotation": 90, "texture": "#0"},
				"west": {"uv": [0, 0, 0, 6], "rotation": 90, "texture": "#0"},
				"up": {"uv": [0, 9, 6, 1], "rotation": 90, "texture": "#0"},
				"down": {"uv": [0, 9, 6, 0], "rotation": 90, "texture": "#0"}
			}
		},
		{
			"from": [5, 7, 6],
			"to": [12, 7, 12],
			"rotation": {"angle": -22.5, "axis": "z", "origin": [8, 0, 8]},
			"faces": {
				"north": {"uv": [0, 0, 0, 9], "rotation": 270, "texture": "#0"},
				"east": {"uv": [0, 0, 0, 6], "rotation": 90, "texture": "#0"},
				"south": {"uv": [0, 0, 0, 9], "rotation": 90, "texture": "#0"},
				"west": {"uv": [0, 0, 0, 6], "rotation": 90, "texture": "#0"},
				"up": {"uv": [0, 9, 6, 1], "rotation": 90, "texture": "#0"},
				"down": {"uv": [0, 9, 6, 0], "rotation": 90, "texture": "#0"}
			}
		},
		{
			"from": [1, 13, 5],
			"to": [8, 13, 11],
			"rotation": {"angle": -45, "axis": "y", "origin": [8, 0, 8]},
			"faces": {
				"north": {"uv": [0, 0, 0, 9], "rotation": 270, "texture": "#0"},
				"east": {"uv": [0, 0, 0, 6], "rotation": 90, "texture": "#0"},
				"south": {"uv": [0, 0, 0, 9], "rotation": 90, "texture": "#0"},
				"west": {"uv": [0, 0, 0, 6], "rotation": 90, "texture": "#0"},
				"up": {"uv": [0, 2, 6, 9], "rotation": 90, "texture": "#0"},
				"down": {"uv": [0, 0, 6, 9], "rotation": 90, "texture": "#0"}
			}
		},
		{
			"from": [5, 5, 1],
			"to": [11, 5, 8],
			"rotation": {"angle": 22.5, "axis": "y", "origin": [8, 0, 8]},
			"faces": {
				"north": {"uv": [0, 0, 0, 6], "rotation": 90, "texture": "#0"},
				"east": {"uv": [0, 0, 0, 9], "rotation": 270, "texture": "#0"},
				"south": {"uv": [0, 0, 0, 6], "rotation": 90, "texture": "#0"},
				"west": {"uv": [0, 0, 0, 9], "rotation": 90, "texture": "#0"},
				"up": {"uv": [0, 2, 6, 9], "rotation": 180, "texture": "#0"},
				"down": {"uv": [0, 0, 6, 9], "texture": "#0"}
			}
		},
		{
			"from": [5, 13, 8],
			"to": [11, 13, 17],
			"rotation": {"angle": 45, "axis": "x", "origin": [8, 13, 8]},
			"faces": {
				"north": {"uv": [0, 0, 0, 6], "rotation": 90, "texture": "#0"},
				"east": {"uv": [0, 0, 0, 9], "rotation": 90, "texture": "#0"},
				"south": {"uv": [0, 0, 0, 6], "rotation": 90, "texture": "#0"},
				"west": {"uv": [0, 0, 0, 9], "rotation": 270, "texture": "#0"},
				"up": {"uv": [0, 0, 6, 9], "texture": "#0"},
				"down": {"uv": [0, 0, 6, 9], "rotation": 180, "texture": "#0"}
			}
		},
		{
			"from": [1, 9, 5],
			"to": [8, 9, 11],
			"rotation": {"angle": 45, "axis": "y", "origin": [8, 13, 8]},
			"faces": {
				"north": {"uv": [0, 0, 0, 7], "rotation": 270, "texture": "#0"},
				"east": {"uv": [0, 0, 0, 6], "rotation": 90, "texture": "#0"},
				"south": {"uv": [0, 0, 0, 7], "rotation": 90, "texture": "#0"},
				"west": {"uv": [0, 0, 0, 6], "rotation": 90, "texture": "#0"},
				"up": {"uv": [0, 2, 6, 9], "rotation": 90, "texture": "#0"},
				"down": {"uv": [0, 0, 6, 7], "rotation": 90, "texture": "#0"}
			}
		},
		{
			"from": [5, 11, -3],
			"to": [11, 11, 6],
			"rotation": {"angle": -45, "axis": "x", "origin": [8, 13, 8]},
			"faces": {
				"north": {"uv": [0, 0, 0, 6], "rotation": 90, "texture": "#0"},
				"east": {"uv": [0, 0, 0, 9], "rotation": 270, "texture": "#0"},
				"south": {"uv": [0, 0, 0, 6], "rotation": 90, "texture": "#0"},
				"west": {"uv": [0, 0, 0, 9], "rotation": 90, "texture": "#0"},
				"up": {"uv": [0, 0, 6, 9], "rotation": 180, "texture": "#0"},
				"down": {"uv": [0, 0, 6, 9], "texture": "#0"}
			}
		},
		{
			"from": [-1, 13, 5],
			"to": [8, 13, 11],
			"rotation": {"angle": 22.5, "axis": "z", "origin": [8, 13, 8]},
			"faces": {
				"north": {"uv": [0, 0, 0, 9], "rotation": 270, "texture": "#0"},
				"east": {"uv": [0, 0, 0, 6], "rotation": 90, "texture": "#0"},
				"south": {"uv": [0, 0, 0, 9], "rotation": 90, "texture": "#0"},
				"west": {"uv": [0, 0, 0, 6], "rotation": 90, "texture": "#0"},
				"up": {"uv": [0, 0, 6, 9], "rotation": 90, "texture": "#0"},
				"down": {"uv": [0, 0, 6, 9], "rotation": 90, "texture": "#0"}
			}
		},
		{
			"from": [6, 0, 8],
			"to": [10, 13, 8],
			"rotation": {"angle": 0, "axis": "y", "origin": [8, 0, 8]},
			"faces": {
				"north": {"uv": [12, 0, 16, 13], "texture": "#0"},
				"east": {"uv": [0, 0, 0, 13], "texture": "#0"},
				"south": {"uv": [12, 0, 16, 13], "texture": "#0"},
				"west": {"uv": [0, 0, 0, 13], "texture": "#0"},
				"up": {"uv": [0, 0, 0, 2], "rotation": 90, "texture": "#0"},
				"down": {"uv": [0, 0, 0, 2], "rotation": 270, "texture": "#0"}
			}
		}
	]
}