{
	"credit": "Made with Blockbench",
	"textures": {
		"0": "block/short_grass",
		"particle": "block/short_grass"
	},
	"elements": [
		{
			"from": [3, 0, 15],
			"to": [12, 6.25, 15],
			"faces": {
				"north": {"uv": [0, 11, 16, 16], "texture": "#0"},
				"east": {"uv": [0, 11, 16, 16], "texture": "#0"},
				"south": {"uv": [0, 11, 16, 16], "texture": "#0"},
				"west": {"uv": [0, 11, 16, 16], "texture": "#0"},
				"up": {"uv": [0, 11, 16, 16], "texture": "#0"},
				"down": {"uv": [0, 11, 16, 16], "texture": "#0"}
			}
		},
		{
			"from": [3, 0, 13],
			"to": [12, 5, 13],
			"rotation": {"angle": 0, "axis": "y", "origin": [8, 0, 8]},
			"faces": {
				"north": {"uv": [0, 11, 16, 16], "texture": "#0"},
				"east": {"uv": [0, 11, 16, 16], "texture": "#0"},
				"south": {"uv": [0, 11, 16, 16], "texture": "#0"},
				"west": {"uv": [0, 11, 16, 16], "texture": "#0"},
				"up": {"uv": [0, 11, 16, 16], "texture": "#0"},
				"down": {"uv": [0, 11, 16, 16], "texture": "#0"}
			}
		},
		{
			"from": [3, 0, 6],
			"to": [12, 5, 6],
			"rotation": {"angle": -22.5, "axis": "y", "origin": [8, 0, 8]},
			"faces": {
				"north": {"uv": [0, 11, 16, 16], "texture": "#0"},
				"east": {"uv": [0, 11, 16, 16], "texture": "#0"},
				"south": {"uv": [0, 11, 16, 16], "texture": "#0"},
				"west": {"uv": [0, 11, 16, 16], "texture": "#0"},
				"up": {"uv": [0, 11, 16, 16], "texture": "#0"},
				"down": {"uv": [0, 11, 16, 16], "texture": "#0"}
			}
		},
		{
			"from": [3, 0, 15],
			"to": [12, 6, 15],
			"rotation": {"angle": -45, "axis": "y", "origin": [8, 0, 8]},
			"faces": {
				"north": {"uv": [0, 11, 16, 16], "texture": "#0"},
				"east": {"uv": [0, 11, 16, 16], "texture": "#0"},
				"south": {"uv": [0, 11, 16, 16], "texture": "#0"},
				"west": {"uv": [0, 11, 16, 16], "texture": "#0"},
				"up": {"uv": [0, 11, 16, 16], "texture": "#0"},
				"down": {"uv": [0, 11, 16, 16], "texture": "#0"}
			}
		},
		{
			"from": [0, 0, 5],
			"to": [0, 4.75, 14],
			"rotation": {"angle": 22.5, "axis": "y", "origin": [8, 0, 8]},
			"faces": {
				"north": {"uv": [0, 11, 16, 16], "texture": "#0"},
				"east": {"uv": [0, 11, 16, 16], "texture": "#0"},
				"south": {"uv": [0, 11, 16, 16], "texture": "#0"},
				"west": {"uv": [0, 11, 16, 16], "texture": "#0"},
				"up": {"uv": [0, 11, 16, 16], "texture": "#0"},
				"down": {"uv": [0, 11, 16, 16], "texture": "#0"}
			}
		},
		{
			"from": [3, 0, 3],
			"to": [3, 6, 12],
			"rotation": {"angle": 0, "axis": "y", "origin": [8, 0, 8]},
			"faces": {
				"north": {"uv": [0, 11, 16, 16], "texture": "#0"},
				"east": {"uv": [0, 11, 16, 16], "texture": "#0"},
				"south": {"uv": [0, 11, 16, 16], "texture": "#0"},
				"west": {"uv": [0, 11, 16, 16], "texture": "#0"},
				"up": {"uv": [0, 11, 16, 16], "texture": "#0"},
				"down": {"uv": [0, 11, 16, 16], "texture": "#0"}
			}
		},
		{
			"from": [4, 0, 1],
			"to": [13, 4, 1],
			"rotation": {"angle": 22.5, "axis": "y", "origin": [8, 0, 8]},
			"faces": {
				"north": {"uv": [0, 11, 16, 16], "texture": "#0"},
				"east": {"uv": [0, 11, 16, 16], "texture": "#0"},
				"south": {"uv": [0, 11, 16, 16], "texture": "#0"},
				"west": {"uv": [0, 11, 16, 16], "texture": "#0"},
				"up": {"uv": [0, 11, 16, 16], "texture": "#0"},
				"down": {"uv": [0, 11, 16, 16], "texture": "#0"}
			}
		},
		{
			"from": [0, 0, 3],
			"to": [0, 7, 12],
			"rotation": {"angle": -45, "axis": "y", "origin": [8, 0, 8]},
			"faces": {
				"north": {"uv": [0, 11, 16, 16], "texture": "#0"},
				"east": {"uv": [0, 11, 16, 16], "texture": "#0"},
				"south": {"uv": [0, 11, 16, 16], "texture": "#0"},
				"west": {"uv": [0, 11, 16, 16], "texture": "#0"},
				"up": {"uv": [0, 11, 16, 16], "texture": "#0"},
				"down": {"uv": [0, 11, 16, 16], "texture": "#0"}
			}
		},
		{
			"from": [5, 0, 3],
			"to": [5, 4, 12],
			"rotation": {"angle": -22.5, "axis": "y", "origin": [8, 0, 8]},
			"faces": {
				"north": {"uv": [0, 11, 16, 16], "texture": "#0"},
				"east": {"uv": [0, 11, 16, 16], "texture": "#0"},
				"south": {"uv": [0, 11, 16, 16], "texture": "#0"},
				"west": {"uv": [0, 11, 16, 16], "texture": "#0"},
				"up": {"uv": [0, 11, 16, 16], "texture": "#0"},
				"down": {"uv": [0, 11, 16, 16], "texture": "#0"}
			}
		},
		{
			"from": [0, 0, 1],
			"to": [0, 5, 10],
			"rotation": {"angle": -22.5, "axis": "y", "origin": [8, 0, 8]},
			"faces": {
				"north": {"uv": [0, 11, 16, 16], "texture": "#0"},
				"east": {"uv": [0, 11, 16, 16], "texture": "#0"},
				"south": {"uv": [0, 11, 16, 16], "texture": "#0"},
				"west": {"uv": [0, 11, 16, 16], "texture": "#0"},
				"up": {"uv": [0, 11, 16, 16], "texture": "#0"},
				"down": {"uv": [0, 11, 16, 16], "texture": "#0"}
			}
		},
		{
			"from": [15, 0, 6],
			"to": [15, 6.75, 15],
			"rotation": {"angle": 0, "axis": "y", "origin": [8, 0, 8]},
			"faces": {
				"north": {"uv": [0, 11, 16, 16], "texture": "#0"},
				"east": {"uv": [0, 11, 16, 16], "texture": "#0"},
				"south": {"uv": [0, 11, 16, 16], "texture": "#0"},
				"west": {"uv": [0, 11, 16, 16], "texture": "#0"},
				"up": {"uv": [0, 11, 16, 16], "texture": "#0"},
				"down": {"uv": [0, 11, 16, 16], "texture": "#0"}
			}
		},
		{
			"from": [14, 0, 0],
			"to": [14, 7, 9],
			"rotation": {"angle": 0, "axis": "y", "origin": [8, 0, 8]},
			"faces": {
				"north": {"uv": [0, 11, 16, 16], "texture": "#0"},
				"east": {"uv": [0, 11, 16, 16], "texture": "#0"},
				"south": {"uv": [0, 11, 16, 16], "texture": "#0"},
				"west": {"uv": [0, 11, 16, 16], "texture": "#0"},
				"up": {"uv": [0, 11, 16, 16], "texture": "#0"},
				"down": {"uv": [0, 11, 16, 16], "texture": "#0"}
			}
		},
		{
			"from": [5, 0, 4],
			"to": [5, 6, 13],
			"rotation": {"angle": 22.5, "axis": "y", "origin": [8, 0, 8]},
			"faces": {
				"north": {"uv": [0, 11, 16, 16], "texture": "#0"},
				"east": {"uv": [0, 11, 16, 16], "texture": "#0"},
				"south": {"uv": [0, 11, 16, 16], "texture": "#0"},
				"west": {"uv": [0, 11, 16, 16], "texture": "#0"},
				"up": {"uv": [0, 11, 16, 16], "texture": "#0"},
				"down": {"uv": [0, 11, 16, 16], "texture": "#0"}
			}
		},
		{
			"from": [15, 0, 4],
			"to": [15, 4, 13],
			"rotation": {"angle": -45, "axis": "y", "origin": [8, 0, 8]},
			"faces": {
				"north": {"uv": [0, 11, 16, 16], "texture": "#0"},
				"east": {"uv": [0, 11, 16, 16], "texture": "#0"},
				"south": {"uv": [0, 11, 16, 16], "texture": "#0"},
				"west": {"uv": [0, 11, 16, 16], "texture": "#0"},
				"up": {"uv": [0, 11, 16, 16], "texture": "#0"},
				"down": {"uv": [0, 11, 16, 16], "texture": "#0"}
			}
		},
		{
			"from": [3, 0, 10],
			"to": [12, 5.5, 10],
			"rotation": {"angle": 22.5, "axis": "y", "origin": [8, 0, 8]},
			"faces": {
				"north": {"uv": [0, 11, 16, 16], "texture": "#0"},
				"east": {"uv": [0, 11, 16, 16], "texture": "#0"},
				"south": {"uv": [0, 11, 16, 16], "texture": "#0"},
				"west": {"uv": [0, 11, 16, 16], "texture": "#0"},
				"up": {"uv": [0, 11, 16, 16], "texture": "#0"},
				"down": {"uv": [0, 11, 16, 16], "texture": "#0"}
			}
		},
		{
			"from": [10, 0, 4],
			"to": [10, 5, 13],
			"rotation": {"angle": -22.5, "axis": "y", "origin": [8, 0, 8]},
			"faces": {
				"north": {"uv": [0, 11, 16, 16], "texture": "#0"},
				"east": {"uv": [0, 11, 16, 16], "texture": "#0"},
				"south": {"uv": [0, 11, 16, 16], "texture": "#0"},
				"west": {"uv": [0, 11, 16, 16], "texture": "#0"},
				"up": {"uv": [0, 11, 16, 16], "texture": "#0"},
				"down": {"uv": [0, 11, 16, 16], "texture": "#0"}
			}
		},
		{
			"from": [15, 0, 4],
			"to": [15, 5, 13],
			"rotation": {"angle": 45, "axis": "y", "origin": [8, 0, 8]},
			"faces": {
				"north": {"uv": [0, 11, 16, 16], "texture": "#0"},
				"east": {"uv": [0, 11, 16, 16], "texture": "#0"},
				"south": {"uv": [0, 11, 16, 16], "texture": "#0"},
				"west": {"uv": [0, 11, 16, 16], "texture": "#0"},
				"up": {"uv": [0, 11, 16, 16], "texture": "#0"},
				"down": {"uv": [0, 11, 16, 16], "texture": "#0"}
			}
		},
		{
			"from": [4, 0, 3],
			"to": [13, 4, 3],
			"rotation": {"angle": -22.5, "axis": "y", "origin": [8, 0, 8]},
			"faces": {
				"north": {"uv": [0, 11, 16, 16], "texture": "#0"},
				"east": {"uv": [0, 11, 16, 16], "texture": "#0"},
				"south": {"uv": [0, 11, 16, 16], "texture": "#0"},
				"west": {"uv": [0, 11, 16, 16], "texture": "#0"},
				"up": {"uv": [0, 11, 16, 16], "texture": "#0"},
				"down": {"uv": [0, 11, 16, 16], "texture": "#0"}
			}
		}
	],
	"display": {
		"thirdperson_righthand": {
			"scale": [0.3, 0.3, 0.3]
		},
		"thirdperson_lefthand": {
			"scale": [0.3, 0.3, 0.3]
		},
		"firstperson_righthand": {
			"scale": [0.3, 0.3, 0.3]
		},
		"firstperson_lefthand": {
			"scale": [0.3, 0.3, 0.3]
		},
		"ground": {
			"scale": [0.3, 0.3, 0.3]
		},
		"gui": {
			"rotation": [45, 45, 0],
			"translation": [0, 2.5, 0],
			"scale": [0.8, 0.8, 0.8]
		},
		"head": {
			"scale": [2, 2, 2]
		}
	}
}