{
	"credit": "Made with Blockbench",
	"textures": {
		"0": "block/custom/leafy_plant",
		"particle": "block/custom/leafy_plant"
	},
	"elements": [
		{
			"from": [1, 0, 0],
			"to": [1, 14, 2],
			"rotation": {"angle": -22.5, "axis": "y", "origin": [0, 3, 0]},
			"faces": {
				"north": {"uv": [0, 0, 0, 9], "texture": "#0"},
				"east": {"uv": [0, 0, 2, 9], "texture": "#0"},
				"south": {"uv": [0, 0, 0, 9], "texture": "#0"},
				"west": {"uv": [0, 0, 2, 9], "texture": "#0"},
				"up": {"uv": [2, 0, 0, 0], "rotation": 90, "texture": "#0"},
				"down": {"uv": [2, 0, 0, 0], "rotation": 270, "texture": "#0"}
			}
		},
		{
			"from": [1, 14, -2],
			"to": [7, 14, 4],
			"rotation": {"angle": -22.5, "axis": "y", "origin": [0, 3, 0]},
			"faces": {
				"north": {"uv": [0, 0, 6, 0], "texture": "#0"},
				"east": {"uv": [0, 0, 6, 0], "texture": "#0"},
				"south": {"uv": [0, 0, 6, 0], "texture": "#0"},
				"west": {"uv": [0, 0, 6, 0], "texture": "#0"},
				"up": {"uv": [2, 0, 9, 7], "rotation": 270, "texture": "#0"},
				"down": {"uv": [2, 0, 9, 7], "rotation": 270, "texture": "#0"}
			}
		},
		{
			"from": [7, 0, 4],
			"to": [7, 11, 6],
			"rotation": {"angle": -45, "axis": "y", "origin": [0, 3, 11]},
			"faces": {
				"north": {"uv": [0, 0, 0, 9], "texture": "#0"},
				"east": {"uv": [0, 0, 2, 9], "texture": "#0"},
				"south": {"uv": [0, 0, 0, 9], "texture": "#0"},
				"west": {"uv": [0, 0, 2, 9], "texture": "#0"},
				"up": {"uv": [2, 0, 0, 0], "rotation": 90, "texture": "#0"},
				"down": {"uv": [2, 0, 0, 0], "rotation": 270, "texture": "#0"}
			}
		},
		{
			"from": [7, 11, 2],
			"to": [13, 11, 8],
			"rotation": {"angle": -45, "axis": "y", "origin": [0, 3, 11]},
			"faces": {
				"north": {"uv": [0, 0, 6, 0], "texture": "#0"},
				"east": {"uv": [0, 0, 6, 0], "texture": "#0"},
				"south": {"uv": [0, 0, 6, 0], "texture": "#0"},
				"west": {"uv": [0, 0, 6, 0], "texture": "#0"},
				"up": {"uv": [2, 0, 9, 7], "rotation": 270, "texture": "#0"},
				"down": {"uv": [2, 0, 9, 7], "rotation": 270, "texture": "#0"}
			}
		},
		{
			"from": [3, 0, 16],
			"to": [5, 12, 16],
			"rotation": {"angle": 0, "axis": "y", "origin": [0, 3, 0]},
			"faces": {
				"north": {"uv": [0, 0, 2, 9], "texture": "#0"},
				"east": {"uv": [0, 0, 0, 9], "texture": "#0"},
				"south": {"uv": [0, 0, 2, 9], "texture": "#0"},
				"west": {"uv": [0, 0, 0, 9], "texture": "#0"},
				"up": {"uv": [2, 0, 0, 0], "texture": "#0"},
				"down": {"uv": [2, 0, 0, 0], "texture": "#0"}
			}
		},
		{
			"from": [1, 12, 10],
			"to": [7, 12, 16],
			"rotation": {"angle": 0, "axis": "y", "origin": [0, 3, 0]},
			"faces": {
				"north": {"uv": [0, 0, 6, 0], "texture": "#0"},
				"east": {"uv": [0, 0, 6, 0], "texture": "#0"},
				"south": {"uv": [0, 0, 6, 0], "texture": "#0"},
				"west": {"uv": [0, 0, 6, 0], "texture": "#0"},
				"up": {"uv": [2, 0, 9, 7], "rotation": 180, "texture": "#0"},
				"down": {"uv": [2, 0, 9, 7], "texture": "#0"}
			}
		},
		{
			"from": [7, 0, 14],
			"to": [9, 9, 14],
			"rotation": {"angle": 0, "axis": "y", "origin": [0, 3, 0]},
			"faces": {
				"north": {"uv": [0, 0, 2, 9], "texture": "#0"},
				"east": {"uv": [0, 0, 0, 9], "texture": "#0"},
				"south": {"uv": [0, 0, 2, 9], "texture": "#0"},
				"west": {"uv": [0, 0, 0, 9], "texture": "#0"},
				"up": {"uv": [2, 0, 0, 0], "texture": "#0"},
				"down": {"uv": [2, 0, 0, 0], "texture": "#0"}
			}
		},
		{
			"from": [5, 9, 8],
			"to": [11, 9, 14],
			"rotation": {"angle": 0, "axis": "y", "origin": [0, 3, 0]},
			"faces": {
				"north": {"uv": [0, 0, 6, 0], "texture": "#0"},
				"east": {"uv": [0, 0, 6, 0], "texture": "#0"},
				"south": {"uv": [0, 0, 6, 0], "texture": "#0"},
				"west": {"uv": [0, 0, 6, 0], "texture": "#0"},
				"up": {"uv": [2, 0, 9, 7], "rotation": 180, "texture": "#0"},
				"down": {"uv": [2, 0, 9, 7], "texture": "#0"}
			}
		},
		{
			"from": [13, 0, 1],
			"to": [13, 8, 3],
			"rotation": {"angle": -22.5, "axis": "y", "origin": [0, 3, 0]},
			"faces": {
				"north": {"uv": [0, 0, 0, 9], "texture": "#0"},
				"east": {"uv": [0, 0, 2, 9], "texture": "#0"},
				"south": {"uv": [0, 0, 0, 9], "texture": "#0"},
				"west": {"uv": [0, 0, 2, 9], "texture": "#0"},
				"up": {"uv": [2, 0, 0, 0], "rotation": 90, "texture": "#0"},
				"down": {"uv": [2, 0, 0, 0], "rotation": 270, "texture": "#0"}
			}
		},
		{
			"from": [13, 8, -1],
			"to": [19, 8, 5],
			"rotation": {"angle": -22.5, "axis": "y", "origin": [0, 3, 0]},
			"faces": {
				"north": {"uv": [0, 0, 6, 0], "texture": "#0"},
				"east": {"uv": [0, 0, 6, 0], "texture": "#0"},
				"south": {"uv": [0, 0, 6, 0], "texture": "#0"},
				"west": {"uv": [0, 0, 6, 0], "texture": "#0"},
				"up": {"uv": [2, 0, 9, 7], "rotation": 270, "texture": "#0"},
				"down": {"uv": [2, 0, 9, 7], "rotation": 270, "texture": "#0"}
			}
		},
		{
			"from": [11, 0, -2],
			"to": [13, 12, -2],
			"rotation": {"angle": 0, "axis": "y", "origin": [0, 3, 0]},
			"faces": {
				"north": {"uv": [0, 0, 2, 9], "texture": "#0"},
				"east": {"uv": [0, 0, 0, 9], "texture": "#0"},
				"south": {"uv": [0, 0, 2, 9], "texture": "#0"},
				"west": {"uv": [0, 0, 0, 9], "texture": "#0"},
				"up": {"uv": [2, 0, 0, 0], "rotation": 180, "texture": "#0"},
				"down": {"uv": [2, 0, 0, 0], "rotation": 180, "texture": "#0"}
			}
		},
		{
			"from": [9, 12, -2],
			"to": [15, 12, 4],
			"rotation": {"angle": 0, "axis": "y", "origin": [0, 3, 0]},
			"faces": {
				"north": {"uv": [0, 0, 6, 0], "texture": "#0"},
				"east": {"uv": [0, 0, 6, 0], "texture": "#0"},
				"south": {"uv": [0, 0, 6, 0], "texture": "#0"},
				"west": {"uv": [0, 0, 6, 0], "texture": "#0"},
				"up": {"uv": [2, 0, 9, 7], "texture": "#0"},
				"down": {"uv": [2, 0, 9, 7], "rotation": 180, "texture": "#0"}
			}
		},
		{
			"from": [1, 0, 12],
			"to": [3, 11, 12],
			"rotation": {"angle": 45, "axis": "y", "origin": [0, 3, 0]},
			"faces": {
				"north": {"uv": [0, 0, 2, 9], "texture": "#0"},
				"east": {"uv": [0, 0, 0, 9], "texture": "#0"},
				"south": {"uv": [0, 0, 2, 9], "texture": "#0"},
				"west": {"uv": [0, 0, 0, 9], "texture": "#0"},
				"up": {"uv": [2, 0, 0, 0], "texture": "#0"},
				"down": {"uv": [2, 0, 0, 0], "texture": "#0"}
			}
		},
		{
			"from": [-1, 11, 6],
			"to": [5, 11, 12],
			"rotation": {"angle": 45, "axis": "y", "origin": [0, 3, 0]},
			"faces": {
				"north": {"uv": [0, 0, 6, 0], "texture": "#0"},
				"east": {"uv": [0, 0, 6, 0], "texture": "#0"},
				"south": {"uv": [0, 0, 6, 0], "texture": "#0"},
				"west": {"uv": [0, 0, 6, 0], "texture": "#0"},
				"up": {"uv": [2, 0, 9, 7], "rotation": 180, "texture": "#0"},
				"down": {"uv": [2, 0, 9, 7], "texture": "#0"}
			}
		},
		{
			"from": [13, 8, -1],
			"to": [19, 8, 5],
			"rotation": {"angle": -22.5, "axis": "y", "origin": [0, 3, 0]},
			"faces": {
				"north": {"uv": [0, 0, 6, 0], "texture": "#0"},
				"east": {"uv": [0, 0, 6, 0], "texture": "#0"},
				"south": {"uv": [0, 0, 6, 0], "texture": "#0"},
				"west": {"uv": [0, 0, 6, 0], "texture": "#0"},
				"up": {"uv": [2, 0, 9, 7], "rotation": 90, "texture": "#0"},
				"down": {"uv": [2, 0, 8, 6], "rotation": 270, "texture": "#0"}
			}
		}
	],
	"display": {
		"thirdperson_righthand": {
			"scale": [0.3, 0.3, 0.3]
		},
		"thirdperson_lefthand": {
			"scale": [0.3, 0.3, 0.3]
		},
		"firstperson_righthand": {
			"scale": [0.3, 0.3, 0.3]
		},
		"firstperson_lefthand": {
			"scale": [0.3, 0.3, 0.3]
		},
		"ground": {
			"scale": [0.3, 0.3, 0.3]
		},
		"gui": {
			"rotation": [45, 45, 0],
			"translation": [1.75, 1, 0],
			"scale": [0.8, 0.8, 0.8]
		},
		"head": {
			"scale": [1.5, 1.5, 1.5]
		}
	},
	"groups": [
		{
			"name": "group",
			"origin": [8, 8, 8],
			"color": 0,
			"children": [0, 1]
		},
		{
			"name": "group",
			"origin": [8, 8, 8],
			"color": 0,
			"children": [2, 3]
		},
		{
			"name": "group",
			"origin": [8, 8, 8],
			"color": 0,
			"children": [4, 5]
		},
		{
			"name": "group",
			"origin": [8, 8, 8],
			"color": 0,
			"children": [6, 7]
		},
		{
			"name": "group",
			"origin": [8, 8, 8],
			"color": 0,
			"children": [8, 9]
		},
		{
			"name": "group",
			"origin": [8, 8, 8],
			"color": 0,
			"children": [10, 11]
		},
		{
			"name": "group",
			"origin": [8, 8, 8],
			"color": 0,
			"children": [12, 13, 14]
		}
	]
}