{
	"credit": "Made with Blockbench",
	"textures": {
		"0": "block/dead_tube_coral",
		"particle": "block/dead_tube_coral"
	},
	"elements": [
		{
			"from": [0, 0, 2],
			"to": [3, 7, 2],
			"rotation": {"angle": 45, "axis": "y", "origin": [0, 0, 2]},
			"faces": {
				"north": {"uv": [0, 0, 6, 12], "texture": "#0"},
				"east": {"uv": [0, 0, 6, 12], "texture": "#0"},
				"south": {"uv": [0, 0, 6, 12], "texture": "#0"},
				"west": {"uv": [0, 0, 6, 12], "texture": "#0"},
				"up": {"uv": [0, 0, 6, 12], "texture": "#0"},
				"down": {"uv": [0, 0, 6, 12], "texture": "#0"}
			}
		},
		{
			"from": [5, 0, 1],
			"to": [8, 6, 1],
			"rotation": {"angle": -22.5, "axis": "x", "origin": [5, 0, 1]},
			"faces": {
				"north": {"uv": [0, 0, 6, 12], "texture": "#0"},
				"east": {"uv": [0, 0, 6, 12], "texture": "#0"},
				"south": {"uv": [0, 0, 6, 12], "texture": "#0"},
				"west": {"uv": [0, 0, 6, 12], "texture": "#0"},
				"up": {"uv": [0, 0, 6, 12], "texture": "#0"},
				"down": {"uv": [0, 0, 6, 12], "texture": "#0"}
			}
		},
		{
			"from": [11, 0, 3],
			"to": [14, 7, 3],
			"rotation": {"angle": -45, "axis": "y", "origin": [12, 0, 3]},
			"faces": {
				"north": {"uv": [0, 0, 6, 12], "texture": "#0"},
				"east": {"uv": [0, 0, 6, 12], "texture": "#0"},
				"south": {"uv": [0, 0, 6, 12], "texture": "#0"},
				"west": {"uv": [0, 0, 6, 12], "texture": "#0"},
				"up": {"uv": [0, 0, 6, 12], "texture": "#0"},
				"down": {"uv": [0, 0, 6, 12], "texture": "#0"}
			}
		},
		{
			"from": [12, 0, 6],
			"to": [12, 9, 9],
			"rotation": {"angle": 22.5, "axis": "z", "origin": [12, 0, 6]},
			"faces": {
				"north": {"uv": [0, 0, 6, 12], "texture": "#0"},
				"east": {"uv": [0, 0, 6, 12], "texture": "#0"},
				"south": {"uv": [0, 0, 6, 12], "texture": "#0"},
				"west": {"uv": [0, 0, 6, 12], "texture": "#0"},
				"up": {"uv": [0, 0, 6, 12], "texture": "#0"},
				"down": {"uv": [0, 0, 6, 12], "texture": "#0"}
			}
		},
		{
			"from": [13, 0, 8],
			"to": [16, 9, 8],
			"rotation": {"angle": -22.5, "axis": "x", "origin": [12, 0, 6]},
			"faces": {
				"north": {"uv": [0, 0, 6, 12], "texture": "#0"},
				"east": {"uv": [0, 0, 6, 12], "texture": "#0"},
				"south": {"uv": [0, 0, 6, 12], "texture": "#0"},
				"west": {"uv": [0, 0, 6, 12], "texture": "#0"},
				"up": {"uv": [0, 0, 6, 12], "texture": "#0"},
				"down": {"uv": [0, 0, 6, 12], "texture": "#0"}
			}
		},
		{
			"from": [5, 0, 5],
			"to": [8, 11, 5],
			"rotation": {"angle": 22.5, "axis": "x", "origin": [6, 0, 5]},
			"faces": {
				"north": {"uv": [0, 0, 6, 12], "texture": "#0"},
				"east": {"uv": [0, 0, 6, 12], "texture": "#0"},
				"south": {"uv": [0, 0, 6, 12], "texture": "#0"},
				"west": {"uv": [0, 0, 6, 12], "texture": "#0"},
				"up": {"uv": [0, 0, 6, 12], "texture": "#0"},
				"down": {"uv": [0, 0, 6, 12], "texture": "#0"}
			}
		},
		{
			"from": [1, 0, 5],
			"to": [1, 10, 8],
			"rotation": {"angle": 22.5, "axis": "z", "origin": [1, 0, 8]},
			"faces": {
				"north": {"uv": [0, 0, 6, 12], "texture": "#0"},
				"east": {"uv": [0, 0, 6, 12], "texture": "#0"},
				"south": {"uv": [0, 0, 6, 12], "texture": "#0"},
				"west": {"uv": [0, 0, 6, 12], "texture": "#0"},
				"up": {"uv": [0, 0, 6, 12], "texture": "#0"},
				"down": {"uv": [0, 0, 6, 12], "texture": "#0"}
			}
		},
		{
			"from": [4, 0, 12],
			"to": [7, 5, 12],
			"rotation": {"angle": 22.5, "axis": "x", "origin": [6, 0, 12]},
			"faces": {
				"north": {"uv": [0, 0, 6, 12], "texture": "#0"},
				"east": {"uv": [0, 0, 6, 12], "texture": "#0"},
				"south": {"uv": [0, 0, 6, 12], "texture": "#0"},
				"west": {"uv": [0, 0, 6, 12], "texture": "#0"},
				"up": {"uv": [0, 0, 6, 12], "texture": "#0"},
				"down": {"uv": [0, 0, 6, 12], "texture": "#0"}
			}
		},
		{
			"from": [7, 0, 6],
			"to": [7, 7, 9],
			"rotation": {"angle": 0, "axis": "y", "origin": [7, 0, 9]},
			"faces": {
				"north": {"uv": [0, 0, 6, 12], "texture": "#0"},
				"east": {"uv": [0, 0, 6, 12], "texture": "#0"},
				"south": {"uv": [0, 0, 6, 12], "texture": "#0"},
				"west": {"uv": [0, 0, 6, 12], "texture": "#0"},
				"up": {"uv": [0, 0, 6, 12], "texture": "#0"},
				"down": {"uv": [0, 0, 6, 12], "texture": "#0"}
			}
		},
		{
			"from": [10, 0, 14],
			"to": [13, 8, 14],
			"rotation": {"angle": 45, "axis": "y", "origin": [11, 0, 14]},
			"faces": {
				"north": {"uv": [0, 0, 6, 12], "texture": "#0"},
				"east": {"uv": [0, 0, 6, 12], "texture": "#0"},
				"south": {"uv": [0, 0, 6, 12], "texture": "#0"},
				"west": {"uv": [0, 0, 6, 12], "texture": "#0"},
				"up": {"uv": [0, 0, 6, 12], "texture": "#0"},
				"down": {"uv": [0, 0, 6, 12], "texture": "#0"}
			}
		},
		{
			"from": [11, 0, 11],
			"to": [14, 7, 11],
			"rotation": {"angle": 22.5, "axis": "x", "origin": [12, 0, 11]},
			"faces": {
				"north": {"uv": [0, 0, 6, 12], "texture": "#0"},
				"east": {"uv": [0, 0, 6, 12], "texture": "#0"},
				"south": {"uv": [0, 0, 6, 12], "texture": "#0"},
				"west": {"uv": [0, 0, 6, 12], "texture": "#0"},
				"up": {"uv": [0, 0, 6, 12], "texture": "#0"},
				"down": {"uv": [0, 0, 6, 12], "texture": "#0"}
			}
		},
		{
			"from": [1, 0, 15],
			"to": [4, 8, 15],
			"rotation": {"angle": -45, "axis": "y", "origin": [2, 0, 15]},
			"faces": {
				"north": {"uv": [0, 0, 6, 12], "texture": "#0"},
				"east": {"uv": [0, 0, 6, 12], "texture": "#0"},
				"south": {"uv": [0, 0, 6, 12], "texture": "#0"},
				"west": {"uv": [0, 0, 6, 12], "texture": "#0"},
				"up": {"uv": [0, 0, 6, 12], "texture": "#0"},
				"down": {"uv": [0, 0, 6, 12], "texture": "#0"}
			}
		}
	],
	"display": {
		"thirdperson_righthand": {
			"scale": [0.3, 0.3, 0.3]
		},
		"thirdperson_lefthand": {
			"scale": [0.3, 0.3, 0.3]
		},
		"firstperson_righthand": {
			"scale": [0.3, 0.3, 0.3]
		},
		"firstperson_lefthand": {
			"scale": [0.3, 0.3, 0.3]
		},
		"ground": {
			"scale": [0.3, 0.3, 0.3]
		},
		"gui": {
			"rotation": [45, 45, 0],
			"translation": [0, 2.5, 0],
			"scale": [0.8, 0.8, 0.8]
		},
		"head": {
			"scale": [2, 2, 2]
		}
	}
}