{
	"credit": "Made with Blockbench",
	"textures": {
		"0": "block/custom/rocks",
		"particle": "block/custom/stone"
	},
	"elements": [
		{
			"from": [8, -1.5, 6],
			"to": [10, 0.5, 8],
			"rotation": {"angle": 22.5, "axis": "z", "origin": [8, 0, 7]},
			"faces": {
				"north": {"uv": [2, 2, 4, 4], "rotation": 270, "texture": "#0"},
				"east": {"uv": [0, 0, 2, 2], "texture": "#0"},
				"south": {"uv": [0, 0, 2, 2], "rotation": 90, "texture": "#0"},
				"west": {"uv": [4, 0, 6, 2], "rotation": 180, "texture": "#0"},
				"up": {"uv": [0, 0, 2, 2], "rotation": 90, "texture": "#0"},
				"down": {"uv": [0, 0, 2, 2], "rotation": 90, "texture": "#0"}
			}
		},
		{
			"from": [8.5, -1.2, 7],
			"to": [10.5, 0.8, 9],
			"rotation": {"angle": 22.5, "axis": "x", "origin": [8, 0, 7]},
			"faces": {
				"north": {"uv": [0, 0, 2, 2], "rotation": 270, "texture": "#0"},
				"east": {"uv": [2, 2, 4, 4], "texture": "#0"},
				"south": {"uv": [0, 0, 2, 2], "rotation": 90, "texture": "#0"},
				"west": {"uv": [0, 0, 2, 2], "rotation": 180, "texture": "#0"},
				"up": {"uv": [0, 0, 2, 2], "rotation": 90, "texture": "#0"},
				"down": {"uv": [0, 0, 2, 2], "rotation": 90, "texture": "#0"}
			}
		},
		{
			"from": [2.5, -1.4, 7],
			"to": [4.5, 0.6, 9],
			"rotation": {"angle": 0, "axis": "z", "origin": [8, 0, 7]},
			"faces": {
				"north": {"uv": [0, 0, 2, 2], "rotation": 270, "texture": "#0"},
				"east": {"uv": [2, 2, 4, 4], "texture": "#0"},
				"south": {"uv": [2, 2, 4, 4], "rotation": 90, "texture": "#0"},
				"west": {"uv": [2, 2, 4, 4], "rotation": 180, "texture": "#0"},
				"up": {"uv": [0, 0, 2, 2], "rotation": 90, "texture": "#0"},
				"down": {"uv": [0, 0, 2, 2], "rotation": 90, "texture": "#0"}
			}
		},
		{
			"from": [5, -0.15, 11.5],
			"to": [6.25, 1.1, 13],
			"rotation": {"angle": 22.5, "axis": "z", "origin": [8, 0, 7]},
			"faces": {
				"north": {"uv": [2, 2, 3.25, 3.25], "rotation": 270, "texture": "#0"},
				"east": {"uv": [2, 2, 3.5, 3.25], "texture": "#0"},
				"south": {"uv": [2, 2, 3.25, 3.25], "rotation": 90, "texture": "#0"},
				"west": {"uv": [0, 0, 1.5, 1.25], "rotation": 180, "texture": "#0"},
				"up": {"uv": [0, 0, 1.5, 1.25], "rotation": 90, "texture": "#0"},
				"down": {"uv": [0, 0, 1.5, 1.25], "rotation": 90, "texture": "#0"}
			}
		},
		{
			"from": [10, 1.6, 11.5],
			"to": [11.25, 2.1, 12.25],
			"rotation": {"angle": 22.5, "axis": "x", "origin": [8, 0, 7]},
			"faces": {
				"north": {"uv": [0, 0, 0.5, 1.25], "rotation": 270, "texture": "#0"},
				"east": {"uv": [2, 2, 2.75, 2.5], "texture": "#0"},
				"south": {"uv": [0, 0, 0.5, 1.25], "rotation": 90, "texture": "#0"},
				"west": {"uv": [0, 0, 0.75, 0.5], "rotation": 180, "texture": "#0"},
				"up": {"uv": [0, 0, 0.75, 1.25], "rotation": 90, "texture": "#0"},
				"down": {"uv": [0, 0, 0.75, 1.25], "rotation": 90, "texture": "#0"}
			}
		},
		{
			"from": [10, -0.3, 9.5],
			"to": [11.25, 0.2, 10.25],
			"rotation": {"angle": -45, "axis": "y", "origin": [8, 0, 7]},
			"faces": {
				"north": {"uv": [0, 0, 0.5, 1.25], "rotation": 270, "texture": "#0"},
				"east": {"uv": [0, 0, 0.75, 0.5], "texture": "#0"},
				"south": {"uv": [0, 0, 0.5, 1.25], "rotation": 90, "texture": "#0"},
				"west": {"uv": [0, 0, 0.75, 0.5], "rotation": 180, "texture": "#0"},
				"up": {"uv": [0, 0, 0.75, 1.25], "rotation": 90, "texture": "#0"},
				"down": {"uv": [0, 0, 0.75, 1.25], "rotation": 90, "texture": "#0"}
			}
		},
		{
			"from": [12, 0.5, 4.1],
			"to": [13.25, 1, 5.35],
			"rotation": {"angle": -22.5, "axis": "x", "origin": [8, 0, 7]},
			"faces": {
				"north": {"uv": [0, 0, 0.5, 1.25], "rotation": 270, "texture": "#0"},
				"east": {"uv": [0, 0, 1.25, 0.5], "texture": "#0"},
				"south": {"uv": [0, 0, 0.5, 1.25], "rotation": 90, "texture": "#0"},
				"west": {"uv": [0, 0, 1.25, 0.5], "rotation": 180, "texture": "#0"},
				"up": {"uv": [0, 0, 2.25, 2.25], "rotation": 90, "texture": "#0"},
				"down": {"uv": [0, 0, 1.25, 1.25], "rotation": 90, "texture": "#0"}
			}
		},
		{
			"from": [8.8, -0.2, 5.1],
			"to": [10.05, 0.3, 6.35],
			"rotation": {"angle": -22.5, "axis": "x", "origin": [8, 0, 7]},
			"faces": {
				"north": {"uv": [0, 0, 0.5, 1.25], "rotation": 270, "texture": "#0"},
				"east": {"uv": [0, 0, 1.25, 0.5], "texture": "#0"},
				"south": {"uv": [0, 0, 0.5, 1.25], "rotation": 90, "texture": "#0"},
				"west": {"uv": [2, 2, 3.25, 2.5], "rotation": 180, "texture": "#0"},
				"up": {"uv": [0, 0, 1.25, 1.25], "rotation": 90, "texture": "#0"},
				"down": {"uv": [0, 0, 1.25, 1.25], "rotation": 90, "texture": "#0"}
			}
		},
		{
			"from": [9.8, -0.2, 1.1],
			"to": [11.05, 0.3, 2.35],
			"rotation": {"angle": 22.5, "axis": "y", "origin": [8, 0, 7]},
			"faces": {
				"north": {"uv": [0, 0, 0.5, 1.25], "rotation": 270, "texture": "#0"},
				"east": {"uv": [0, 2, 1.25, 2.5], "texture": "#0"},
				"south": {"uv": [0, 0, 0.5, 1.25], "rotation": 90, "texture": "#0"},
				"west": {"uv": [0, 0, 1.25, 0.5], "rotation": 180, "texture": "#0"},
				"up": {"uv": [2, 2, 3.25, 3.25], "rotation": 90, "texture": "#0"},
				"down": {"uv": [0, 0, 1.25, 1.25], "rotation": 90, "texture": "#0"}
			}
		},
		{
			"from": [7.8, -0.45, 2.1],
			"to": [8.3, 0.05, 2.6],
			"rotation": {"angle": -22.5, "axis": "z", "origin": [8, 0, 7]},
			"faces": {
				"north": {"uv": [0, 0, 0.5, 0.5], "rotation": 270, "texture": "#0"},
				"east": {"uv": [0, 0, 0.5, 0.5], "texture": "#0"},
				"south": {"uv": [0, 0, 0.5, 0.5], "rotation": 90, "texture": "#0"},
				"west": {"uv": [0, 0, 0.5, 0.5], "rotation": 180, "texture": "#0"},
				"up": {"uv": [0, 0, 0.5, 0.5], "rotation": 90, "texture": "#0"},
				"down": {"uv": [0, 0, 0.5, 0.5], "rotation": 90, "texture": "#0"}
			}
		},
		{
			"from": [5.05, -1.45, 3.35],
			"to": [5.55, -0.95, 3.85],
			"rotation": {"angle": -22.5, "axis": "z", "origin": [8, 0, 7]},
			"faces": {
				"north": {"uv": [0, 0, 0.5, 0.5], "rotation": 270, "texture": "#0"},
				"east": {"uv": [0, 0, 0.5, 0.5], "texture": "#0"},
				"south": {"uv": [0, 0, 0.5, 0.5], "rotation": 90, "texture": "#0"},
				"west": {"uv": [0, 0, 0.5, 0.5], "rotation": 180, "texture": "#0"},
				"up": {"uv": [0, 0, 0.5, 0.5], "rotation": 90, "texture": "#0"},
				"down": {"uv": [0, 0, 0.5, 0.5], "rotation": 90, "texture": "#0"}
			}
		},
		{
			"from": [12, -0.3, 4.1],
			"to": [13.25, 0.2, 5.35],
			"rotation": {"angle": -22.5, "axis": "y", "origin": [8, 0, 7]},
			"faces": {
				"north": {"uv": [2, 2, 2.5, 3.25], "rotation": 270, "texture": "#0"},
				"east": {"uv": [2, 2, 3.25, 2.5], "texture": "#0"},
				"south": {"uv": [2, 2, 2.5, 3.25], "rotation": 90, "texture": "#0"},
				"west": {"uv": [2, 2, 3.25, 3.5], "rotation": 180, "texture": "#0"},
				"up": {"uv": [0, 0, 1.25, 1.25], "rotation": 90, "texture": "#0"},
				"down": {"uv": [0, 0, 1.25, 1.25], "rotation": 90, "texture": "#0"}
			}
		},
		{
			"from": [2.5, -1.5, 5.3],
			"to": [4.5, 0.5, 7.3],
			"rotation": {"angle": -22.5, "axis": "x", "origin": [8, 0, 7]},
			"faces": {
				"north": {"uv": [0, 0, 2, 2], "rotation": 270, "texture": "#0"},
				"east": {"uv": [4, 0, 6, 2], "texture": "#0"},
				"south": {"uv": [0, 0, 2, 2], "rotation": 90, "texture": "#0"},
				"west": {"uv": [2, 2, 4, 4], "rotation": 180, "texture": "#0"},
				"up": {"uv": [2, 0, 4, 2], "rotation": 90, "texture": "#0"},
				"down": {"uv": [0, 0, 2, 2], "rotation": 90, "texture": "#0"}
			}
		},
		{
			"from": [0.5, -3.7, 13.3],
			"to": [1.5, -2.7, 14.8],
			"rotation": {"angle": -22.5, "axis": "x", "origin": [8, 0, 7]},
			"faces": {
				"north": {"uv": [0, 0, 1, 1], "rotation": 270, "texture": "#0"},
				"east": {"uv": [2, 2, 3.5, 3], "texture": "#0"},
				"south": {"uv": [2, 2, 3, 3], "rotation": 90, "texture": "#0"},
				"west": {"uv": [2, 2, 3, 3.5], "rotation": 270, "texture": "#0"},
				"up": {"uv": [0, 0, 1.5, 1], "rotation": 90, "texture": "#0"},
				"down": {"uv": [0, 0, 1.5, 1], "rotation": 90, "texture": "#0"}
			}
		}
	],
	"display": {
		"thirdperson_righthand": {
			"scale": [0.3, 0.3, 0.3]
		},
		"thirdperson_lefthand": {
			"scale": [0.3, 0.3, 0.3]
		},
		"firstperson_righthand": {
			"scale": [0.3, 0.3, 0.3]
		},
		"firstperson_lefthand": {
			"scale": [0.3, 0.3, 0.3]
		},
		"ground": {
			"scale": [0.3, 0.3, 0.3]
		},
		"gui": {
			"rotation": [45, 45, 0],
			"translation": [1.75, 5, 0],
			"scale": [0.8, 0.8, 0.8]
		},
		"head": {
			"scale": [1.5, 1.5, 1.5]
		}
	}
}