{
	"credit": "Made with Blockbench",
	"texture_size": [32, 32],
	"textures": {
		"0": "block/custom/spike_flower",
		"particle": "block/custom/spike_flower"
	},
	"elements": [
		{
			"from": [4, 0, 8],
			"to": [12, 20, 8],
			"rotation": {"angle": 0, "axis": "y", "origin": [8, 0, 8]},
			"faces": {
				"north": {"uv": [0, 0, 4, 10], "texture": "#0"},
				"east": {"uv": [0, 0, 0, 10], "texture": "#0"},
				"south": {"uv": [0, 0, 4, 10], "texture": "#0"},
				"west": {"uv": [0, 0, 0, 10], "texture": "#0"},
				"up": {"uv": [0, 0, 4, 0], "texture": "#0"},
				"down": {"uv": [0, 0, 4, 0], "texture": "#0"}
			}
		},
		{
			"from": [8, 0, 4],
			"to": [8, 20, 12],
			"rotation": {"angle": -45, "axis": "y", "origin": [8, 0, 8]},
			"faces": {
				"north": {"uv": [0, 0, 0, 10], "texture": "#0"},
				"east": {"uv": [0, 0, 4, 10], "texture": "#0"},
				"south": {"uv": [0, 0, 0, 10], "texture": "#0"},
				"west": {"uv": [0, 0, 4, 10], "texture": "#0"},
				"up": {"uv": [0, 0, 4, 0], "rotation": 270, "texture": "#0"},
				"down": {"uv": [0, 0, 4, 0], "rotation": 90, "texture": "#0"}
			}
		},
		{
			"from": [8, 0, 4],
			"to": [8, 20, 12],
			"rotation": {"angle": 0, "axis": "y", "origin": [8, 0, 8]},
			"faces": {
				"north": {"uv": [0, 0, 0, 10], "texture": "#0"},
				"east": {"uv": [0, 0, 4, 10], "texture": "#0"},
				"south": {"uv": [0, 0, 0, 10], "texture": "#0"},
				"west": {"uv": [0, 0, 4, 10], "texture": "#0"},
				"up": {"uv": [0, 0, 4, 0], "rotation": 270, "texture": "#0"},
				"down": {"uv": [0, 0, 4, 0], "rotation": 90, "texture": "#0"}
			}
		},
		{
			"from": [3, 1, 8],
			"to": [13, 1, 23],
			"rotation": {"angle": -22.5, "axis": "x", "origin": [8, 0, 8]},
			"faces": {
				"north": {"uv": [0, 0, 5, 0], "texture": "#0"},
				"east": {"uv": [0, 0, 7.5, 0], "texture": "#0"},
				"south": {"uv": [0, 0, 5, 0], "texture": "#0"},
				"west": {"uv": [0, 0, 7.5, 0], "texture": "#0"},
				"up": {"uv": [5.5, 11, 13, 16], "rotation": 270, "texture": "#0"},
				"down": {"uv": [5.5, 11, 13, 16], "rotation": 90, "texture": "#0"}
			}
		},
		{
			"from": [-11, 1, 3],
			"to": [8, 1, 13],
			"rotation": {"angle": -22.5, "axis": "x", "origin": [8, 0, 8]},
			"rotated": [0, 0, -22.5],
			"faces": {
				"north": {"uv": [0, 0, 9.5, 0], "texture": "#0"},
				"east": {"uv": [0, 0, 5, 0], "texture": "#0"},
				"south": {"uv": [0, 0, 9.5, 0], "texture": "#0"},
				"west": {"uv": [0, 0, 5, 0], "texture": "#0"},
				"up": {"uv": [4.5, 11, 14, 16], "texture": "#0"},
				"down": {"uv": [3.5, 11, 13, 16], "texture": "#0"}
			}
		},
		{
			"from": [3, 1, -7],
			"to": [13, 1, 8],
			"rotation": {"angle": 45, "axis": "x", "origin": [8, 0, 8]},
			"faces": {
				"north": {"uv": [0, 0, 5, 0], "texture": "#0"},
				"east": {"uv": [0, 0, 7.5, 0], "texture": "#0"},
				"south": {"uv": [0, 0, 5, 0], "texture": "#0"},
				"west": {"uv": [0, 0, 7.5, 0], "texture": "#0"},
				"up": {"uv": [7.5, 11, 15, 16], "rotation": 90, "texture": "#0"},
				"down": {"uv": [7.5, 11, 15, 16], "rotation": 270, "texture": "#0"}
			}
		},
		{
			"from": [3, 11.29289, -8.05076],
			"to": [13, 11.29289, -2.05076],
			"rotation": {"angle": 22.5, "axis": "x", "origin": [8, 11, -2]},
			"faces": {
				"north": {"uv": [0, 0, 5, 0], "texture": "#0"},
				"east": {"uv": [0, 0, 3, 0], "texture": "#0"},
				"south": {"uv": [0, 0, 5, 0], "texture": "#0"},
				"west": {"uv": [0, 0, 3, 0], "texture": "#0"},
				"up": {"uv": [5, 11, 8, 16], "rotation": 90, "texture": "#0"},
				"down": {"uv": [4.5, 11, 7.5, 16], "rotation": 270, "texture": "#0"}
			}
		},
		{
			"from": [3, 1, 8],
			"to": [13, 1, 23],
			"rotation": {"angle": 22.5, "axis": "y", "origin": [8, 0, 8]},
			"faces": {
				"north": {"uv": [0, 0, 5, 0], "texture": "#0"},
				"east": {"uv": [0, 0, 7.5, 0], "texture": "#0"},
				"south": {"uv": [0, 0, 5, 0], "texture": "#0"},
				"west": {"uv": [0, 0, 7.5, 0], "texture": "#0"},
				"up": {"uv": [5.5, 11, 13, 16], "rotation": 270, "texture": "#0"},
				"down": {"uv": [5.5, 10.5, 13, 15.5], "rotation": 90, "texture": "#0"}
			}
		},
		{
			"from": [3, 1, 8],
			"to": [13, 1, 23],
			"rotation": {"angle": -45, "axis": "y", "origin": [8, 0, 8]},
			"faces": {
				"north": {"uv": [0, 0, 5, 0], "texture": "#0"},
				"east": {"uv": [0, 0, 7.5, 0], "texture": "#0"},
				"south": {"uv": [0, 0, 5, 0], "texture": "#0"},
				"west": {"uv": [0, 0, 7.5, 0], "texture": "#0"},
				"up": {"uv": [6, 11, 13.5, 16], "rotation": 270, "texture": "#0"},
				"down": {"uv": [5.5, 11, 13, 16], "rotation": 90, "texture": "#0"}
			}
		},
		{
			"from": [8, 1, 3],
			"to": [23, 1, 13],
			"rotation": {"angle": 22.5, "axis": "z", "origin": [8, 0, 8]},
			"faces": {
				"north": {"uv": [0, 0, 7.5, 0], "texture": "#0"},
				"east": {"uv": [0, 0, 5, 0], "texture": "#0"},
				"south": {"uv": [0, 0, 7.5, 0], "texture": "#0"},
				"west": {"uv": [0, 0, 5, 0], "texture": "#0"},
				"up": {"uv": [5.5, 11, 13, 16], "rotation": 180, "texture": "#0"},
				"down": {"uv": [5.5, 11, 13, 16], "rotation": 180, "texture": "#0"}
			}
		},
		{
			"from": [3, 1, -7],
			"to": [13, 1, 8],
			"rotation": {"angle": 45, "axis": "y", "origin": [8, 0, 8]},
			"faces": {
				"north": {"uv": [0, 0, 5, 0], "texture": "#0"},
				"east": {"uv": [0, 0, 7.5, 0], "texture": "#0"},
				"south": {"uv": [0, 0, 5, 0], "texture": "#0"},
				"west": {"uv": [0, 0, 7.5, 0], "texture": "#0"},
				"up": {"uv": [6.5, 11, 14, 16], "rotation": 90, "texture": "#0"},
				"down": {"uv": [5.5, 11, 13, 16], "rotation": 270, "texture": "#0"}
			}
		},
		{
			"from": [8, 1, 3],
			"to": [23, 1, 13],
			"rotation": {"angle": 22.5, "axis": "y", "origin": [8, 0, 8]},
			"faces": {
				"north": {"uv": [0, 0, 7.5, 0], "texture": "#0"},
				"east": {"uv": [0, 0, 5, 0], "texture": "#0"},
				"south": {"uv": [0, 0, 7.5, 0], "texture": "#0"},
				"west": {"uv": [0, 0, 5, 0], "texture": "#0"},
				"up": {"uv": [6, 11, 13.5, 16], "rotation": 180, "texture": "#0"},
				"down": {"uv": [5.5, 11, 13, 16], "rotation": 180, "texture": "#0"}
			}
		},
		{
			"from": [8, 0, 4],
			"to": [8, 20, 12],
			"rotation": {"angle": 45, "axis": "y", "origin": [8, 0, 8]},
			"faces": {
				"north": {"uv": [0, 0, 0, 10], "texture": "#0"},
				"east": {"uv": [0, 0, 4, 10], "texture": "#0"},
				"south": {"uv": [0, 0, 0, 10], "texture": "#0"},
				"west": {"uv": [0, 0, 4, 10], "texture": "#0"},
				"up": {"uv": [0, 0, 4, 0], "rotation": 270, "texture": "#0"},
				"down": {"uv": [0, 0, 4, 0], "rotation": 90, "texture": "#0"}
			}
		}
	],
	"display": {
		"thirdperson_righthand": {
			"rotation": [75, 45, 0],
			"translation": [0, 5, 0],
			"scale": [0.5, 0.5, 0.5]
		},
		"thirdperson_lefthand": {
			"rotation": [75, 45, 0],
			"translation": [0, 2.5, 0],
			"scale": [0.375, 0.375, 0.375]
		},
		"firstperson_righthand": {
			"rotation": [0, 45, 0],
			"translation": [0, -2, 0],
			"scale": [0.5, 0.5, 0.5]
		},
		"firstperson_lefthand": {
			"rotation": [0, 225, 0],
			"translation": [0, -2, 0],
			"scale": [0.5, 0.5, 0.5]
		},
		"ground": {
			"translation": [0, 3, 0],
			"scale": [0.25, 0.25, 0.25]
		},
		"gui": {
			"rotation": [30, 225, 0],
			"translation": [0, 0, 0],
			"scale": [0.65, 0.65, 0.65]
		},
		"head": {
			"translation": [0, 11.25, 0]
		},
		"fixed": {
			"scale": [0.5, 0.5, 0.5]
		}
	},
	"parent": "jak_and_daxter:block/folieage/mace_flower"
}