{
	"credit": "Made with Blockbench",
	"textures": {
		"0": "block/stripped_spruce_log",
		"1": "block/spruce_planks",
		"2": "block/spruce_trapdoor",
		"3": "block/oak_trapdoor",
		"particle": "block/stripped_spruce_log"
	},
	"elements": [
		{
			"from": [0, 7.5, 7.5],
			"to": [1, 8.5, 8.5],
			"faces": {
				"north": {"uv": [0, 0, 16, 16], "rotation": 270, "texture": "#0"},
				"east": {"uv": [0, 0, 16, 16], "rotation": 180, "texture": "#0"},
				"south": {"uv": [0, 0, 16, 16], "rotation": 90, "texture": "#0"},
				"west": {"uv": [0, 0, 16, 16], "texture": "#0"},
				"up": {"uv": [0, 0, 16, 16], "rotation": 90, "texture": "#0"},
				"down": {"uv": [0, 0, 16, 16], "rotation": 90, "texture": "#0"}
			}
		},
		{
			"from": [0, 4, 4],
			"to": [1, 4.5, 5],
			"faces": {
				"north": {"uv": [0, 0, 16, 8], "texture": "#1"},
				"east": {"uv": [0, 0, 16, 8], "texture": "#1"},
				"south": {"uv": [0, 0, 16, 8], "texture": "#1"},
				"west": {"uv": [0, 0, 16, 8], "texture": "#1"},
				"up": {"uv": [0, 0, 16, 16], "texture": "#1"},
				"down": {"uv": [0, 0, 16, 16], "texture": "#1"}
			}
		},
		{
			"from": [0, 3.5, 3.5],
			"to": [1, 4, 4.5],
			"shade": false,
			"faces": {
				"north": {"uv": [0, 0, 16, 8], "texture": "#1"},
				"east": {"uv": [0, 0, 16, 8], "texture": "#1"},
				"south": {"uv": [0, 0, 16, 8], "texture": "#1"},
				"west": {"uv": [0, 0, 16, 8], "texture": "#1"},
				"up": {"uv": [0, 0, 16, 16], "texture": "#1"},
				"down": {"uv": [0, 0, 16, 16], "texture": "#1"}
			}
		},
		{
			"from": [0, 3.5, 11.5],
			"to": [1, 4, 12.5],
			"faces": {
				"north": {"uv": [0, 0, 16, 8], "texture": "#1"},
				"east": {"uv": [0, 0, 16, 8], "texture": "#1"},
				"south": {"uv": [0, 0, 16, 8], "texture": "#1"},
				"west": {"uv": [0, 0, 16, 8], "texture": "#1"},
				"up": {"uv": [0, 0, 16, 16], "texture": "#1"},
				"down": {"uv": [0, 0, 16, 16], "texture": "#1"}
			}
		},
		{
			"from": [0, 4.5, 4],
			"to": [1, 5, 5],
			"faces": {
				"north": {"uv": [0, 8, 16, 16], "texture": "#1"},
				"east": {"uv": [0, 8, 16, 16], "texture": "#1"},
				"south": {"uv": [0, 8, 16, 16], "texture": "#1"},
				"west": {"uv": [0, 8, 16, 16], "texture": "#1"},
				"up": {"uv": [0, 0, 16, 16], "texture": "#1"}
			}
		},
		{
			"from": [0, 5, 4.5],
			"to": [1, 5.5, 5],
			"faces": {
				"north": {"uv": [0, 0, 16, 8], "texture": "#1"},
				"east": {"uv": [0, 0, 8, 8], "texture": "#1"},
				"south": {"uv": [0, 0, 16, 8], "texture": "#1"},
				"west": {"uv": [8, 0, 16, 8], "texture": "#1"},
				"up": {"uv": [0, 8, 16, 16], "texture": "#1"}
			}
		},
		{
			"from": [0, 4, 3.5],
			"to": [1, 4.5, 4],
			"shade": false,
			"faces": {
				"north": {"uv": [0, 0, 16, 8], "texture": "#1"},
				"east": {"uv": [0, 0, 8, 8], "texture": "#1"},
				"south": {"uv": [0, 0, 16, 8], "texture": "#1"},
				"west": {"uv": [8, 0, 16, 8], "texture": "#1"},
				"up": {"uv": [0, 8, 16, 16], "texture": "#1"}
			}
		},
		{
			"from": [0, 5, 5],
			"to": [1, 5.5, 6],
			"faces": {
				"north": {"uv": [0, 0, 16, 8], "texture": "#1"},
				"east": {"uv": [0, 0, 16, 8], "texture": "#1"},
				"south": {"uv": [0, 0, 16, 8], "texture": "#1"},
				"west": {"uv": [0, 0, 16, 8], "texture": "#1"},
				"up": {"uv": [0, 0, 16, 16], "texture": "#1"},
				"down": {"uv": [0, 0, 16, 16], "texture": "#1"}
			}
		},
		{
			"from": [0, 4.5, 5],
			"to": [1, 5, 5.5],
			"faces": {
				"north": {"uv": [0, 8, 16, 16], "texture": "#1"},
				"east": {"uv": [8, 8, 16, 16], "texture": "#1"},
				"south": {"uv": [0, 8, 16, 16], "texture": "#1"},
				"west": {"uv": [0, 8, 8, 16], "texture": "#1"},
				"down": {"uv": [0, 8, 16, 16], "texture": "#1"}
			}
		},
		{
			"from": [0, 4.5, 10.5],
			"to": [1, 5, 11.5],
			"faces": {
				"north": {"uv": [0, 0, 16, 8], "texture": "#1"},
				"east": {"uv": [0, 0, 16, 8], "texture": "#1"},
				"south": {"uv": [0, 0, 16, 8], "texture": "#1"},
				"west": {"uv": [0, 0, 16, 8], "texture": "#1"},
				"up": {"uv": [0, 0, 16, 16], "texture": "#1"},
				"down": {"uv": [0, 0, 16, 16], "texture": "#1"}
			}
		},
		{
			"from": [0, 4, 11],
			"to": [1, 4.5, 11.5],
			"faces": {
				"north": {"uv": [0, 8, 16, 16], "texture": "#1"},
				"east": {"uv": [0, 8, 8, 16], "texture": "#1"},
				"south": {"uv": [0, 8, 16, 16], "texture": "#1"},
				"west": {"uv": [8, 8, 16, 16], "texture": "#1"},
				"down": {"uv": [0, 0, 16, 8], "texture": "#1"}
			}
		},
		{
			"from": [0, 4, 11.5],
			"to": [1, 4.5, 12.5],
			"faces": {
				"north": {"uv": [0, 8, 16, 16], "texture": "#1"},
				"east": {"uv": [0, 8, 16, 16], "texture": "#1"},
				"south": {"uv": [0, 8, 16, 16], "texture": "#1"},
				"west": {"uv": [0, 8, 16, 16], "texture": "#1"},
				"up": {"uv": [0, 0, 16, 16], "texture": "#1"}
			}
		},
		{
			"from": [0, 4.5, 11.5],
			"to": [1, 5, 12],
			"faces": {
				"north": {"uv": [0, 0, 16, 8], "texture": "#1"},
				"east": {"uv": [8, 0, 16, 8], "texture": "#1"},
				"south": {"uv": [0, 0, 16, 8], "texture": "#1"},
				"west": {"uv": [0, 0, 8, 8], "texture": "#1"},
				"up": {"uv": [0, 0, 16, 8], "texture": "#1"}
			}
		},
		{
			"from": [0, 5.5, 5],
			"to": [1, 6, 6],
			"faces": {
				"north": {"uv": [0, 8, 16, 16], "texture": "#1"},
				"east": {"uv": [0, 8, 16, 16], "texture": "#1"},
				"south": {"uv": [0, 8, 16, 16], "texture": "#1"},
				"west": {"uv": [0, 8, 16, 16], "texture": "#1"},
				"up": {"uv": [0, 0, 16, 16], "texture": "#1"},
				"down": {"uv": [0, 0, 16, 16], "texture": "#1"}
			}
		},
		{
			"from": [0, 6, 5.5],
			"to": [1, 6.5, 6],
			"faces": {
				"north": {"uv": [0, 0, 16, 8], "texture": "#1"},
				"east": {"uv": [0, 0, 8, 8], "texture": "#1"},
				"south": {"uv": [0, 0, 16, 8], "texture": "#1"},
				"west": {"uv": [8, 0, 16, 8], "texture": "#1"},
				"up": {"uv": [0, 8, 16, 16], "texture": "#1"}
			}
		},
		{
			"from": [0, 6, 6],
			"to": [1, 6.5, 7],
			"faces": {
				"north": {"uv": [0, 0, 16, 8], "texture": "#1"},
				"east": {"uv": [0, 0, 16, 8], "texture": "#1"},
				"south": {"uv": [0, 0, 16, 8], "texture": "#1"},
				"west": {"uv": [0, 0, 16, 8], "texture": "#1"},
				"up": {"uv": [0, 0, 16, 16], "texture": "#1"},
				"down": {"uv": [0, 0, 16, 16], "texture": "#1"}
			}
		},
		{
			"from": [0, 5.5, 6],
			"to": [1, 6, 6.5],
			"faces": {
				"north": {"uv": [0, 8, 16, 16], "texture": "#1"},
				"east": {"uv": [8, 8, 16, 16], "texture": "#1"},
				"south": {"uv": [0, 8, 16, 16], "texture": "#1"},
				"west": {"uv": [0, 8, 8, 16], "texture": "#1"},
				"down": {"uv": [0, 8, 16, 16], "texture": "#1"}
			}
		},
		{
			"from": [0, 5.5, 9.5],
			"to": [1, 6, 10.5],
			"faces": {
				"north": {"uv": [0, 0, 16, 8], "texture": "#1"},
				"east": {"uv": [0, 0, 16, 8], "texture": "#1"},
				"south": {"uv": [0, 0, 16, 8], "texture": "#1"},
				"west": {"uv": [0, 0, 16, 8], "texture": "#1"},
				"up": {"uv": [0, 0, 16, 16], "texture": "#1"},
				"down": {"uv": [0, 0, 16, 16], "texture": "#1"}
			}
		},
		{
			"from": [0, 5, 10],
			"to": [1, 5.5, 10.5],
			"faces": {
				"north": {"uv": [0, 8, 16, 16], "texture": "#1"},
				"east": {"uv": [0, 8, 8, 16], "texture": "#1"},
				"south": {"uv": [0, 8, 16, 16], "texture": "#1"},
				"west": {"uv": [8, 8, 16, 16], "texture": "#1"},
				"down": {"uv": [0, 0, 16, 8], "texture": "#1"}
			}
		},
		{
			"from": [0, 5, 10.5],
			"to": [1, 5.5, 11.5],
			"faces": {
				"north": {"uv": [0, 8, 16, 16], "texture": "#1"},
				"east": {"uv": [0, 8, 16, 16], "texture": "#1"},
				"south": {"uv": [0, 8, 16, 16], "texture": "#1"},
				"west": {"uv": [0, 8, 16, 16], "texture": "#1"},
				"up": {"uv": [0, 0, 16, 16], "texture": "#1"},
				"down": {"uv": [0, 0, 16, 16], "texture": "#1"}
			}
		},
		{
			"from": [0, 5.5, 10.5],
			"to": [1, 6, 11],
			"faces": {
				"north": {"uv": [0, 0, 16, 8], "texture": "#1"},
				"east": {"uv": [8, 0, 16, 8], "texture": "#1"},
				"south": {"uv": [0, 0, 16, 8], "texture": "#1"},
				"west": {"uv": [0, 0, 8, 8], "texture": "#1"},
				"up": {"uv": [0, 0, 16, 8], "texture": "#1"}
			}
		},
		{
			"from": [0, 6.5, 6],
			"to": [1, 7, 7],
			"faces": {
				"north": {"uv": [0, 8, 16, 16], "texture": "#1"},
				"east": {"uv": [0, 8, 16, 16], "texture": "#1"},
				"south": {"uv": [0, 8, 16, 16], "texture": "#1"},
				"west": {"uv": [0, 8, 16, 16], "texture": "#1"},
				"up": {"uv": [0, 0, 16, 16], "texture": "#1"},
				"down": {"uv": [0, 0, 16, 16], "texture": "#1"}
			}
		},
		{
			"from": [0, 7, 6.5],
			"to": [1, 7.5, 7],
			"faces": {
				"north": {"uv": [0, 0, 16, 8], "texture": "#1"},
				"east": {"uv": [0, 0, 8, 8], "texture": "#1"},
				"south": {"uv": [0, 0, 16, 8], "texture": "#1"},
				"west": {"uv": [8, 0, 16, 8], "texture": "#1"},
				"up": {"uv": [0, 8, 16, 16], "texture": "#1"}
			}
		},
		{
			"from": [0, 7, 7],
			"to": [1, 7.5, 8],
			"faces": {
				"north": {"uv": [0, 0, 16, 8], "texture": "#1"},
				"east": {"uv": [0, 0, 16, 8], "texture": "#1"},
				"south": {"uv": [0, 0, 16, 8], "texture": "#1"},
				"west": {"uv": [0, 0, 16, 8], "texture": "#1"},
				"down": {"uv": [0, 0, 16, 16], "texture": "#1"}
			}
		},
		{
			"from": [0, 6.5, 7],
			"to": [1, 7, 7.5],
			"faces": {
				"north": {"uv": [0, 8, 16, 16], "texture": "#1"},
				"east": {"uv": [8, 8, 16, 16], "texture": "#1"},
				"south": {"uv": [0, 8, 16, 16], "texture": "#1"},
				"west": {"uv": [0, 8, 8, 16], "texture": "#1"},
				"down": {"uv": [0, 8, 16, 16], "texture": "#1"}
			}
		},
		{
			"from": [0, 6.5, 8.5],
			"to": [1, 7, 9.5],
			"faces": {
				"north": {"uv": [0, 0, 16, 8], "texture": "#1"},
				"east": {"uv": [0, 0, 16, 8], "texture": "#1"},
				"south": {"uv": [0, 0, 16, 8], "texture": "#1"},
				"west": {"uv": [0, 0, 16, 8], "texture": "#1"},
				"up": {"uv": [0, 0, 16, 16], "texture": "#1"},
				"down": {"uv": [0, 0, 16, 16], "texture": "#1"}
			}
		},
		{
			"from": [0, 6, 9],
			"to": [1, 6.5, 9.5],
			"faces": {
				"north": {"uv": [0, 8, 16, 16], "texture": "#1"},
				"east": {"uv": [0, 8, 8, 16], "texture": "#1"},
				"south": {"uv": [0, 8, 16, 16], "texture": "#1"},
				"west": {"uv": [8, 8, 16, 16], "texture": "#1"},
				"down": {"uv": [0, 0, 16, 8], "texture": "#1"}
			}
		},
		{
			"from": [0, 6, 9.5],
			"to": [1, 6.5, 10.5],
			"faces": {
				"north": {"uv": [0, 8, 16, 16], "texture": "#1"},
				"east": {"uv": [0, 8, 16, 16], "texture": "#1"},
				"south": {"uv": [0, 8, 16, 16], "texture": "#1"},
				"west": {"uv": [0, 8, 16, 16], "texture": "#1"},
				"up": {"uv": [0, 0, 16, 16], "texture": "#1"},
				"down": {"uv": [0, 0, 16, 16], "texture": "#1"}
			}
		},
		{
			"from": [0, 6.5, 9.5],
			"to": [1, 7, 10],
			"faces": {
				"north": {"uv": [0, 0, 16, 8], "texture": "#1"},
				"east": {"uv": [8, 0, 16, 8], "texture": "#1"},
				"south": {"uv": [0, 0, 16, 8], "texture": "#1"},
				"west": {"uv": [0, 0, 8, 8], "texture": "#1"},
				"up": {"uv": [0, 0, 16, 8], "texture": "#1"}
			}
		},
		{
			"from": [0, 8.5, 6.5],
			"to": [1, 9, 7.5],
			"faces": {
				"north": {"uv": [0, 0, 16, 8], "texture": "#1"},
				"east": {"uv": [0, 0, 16, 8], "texture": "#1"},
				"west": {"uv": [0, 0, 16, 8], "texture": "#1"},
				"up": {"uv": [0, 0, 16, 16], "texture": "#1"},
				"down": {"uv": [0, 0, 16, 16], "texture": "#1"}
			}
		},
		{
			"from": [0, 7.5, 7],
			"to": [1, 8, 7.5],
			"faces": {
				"north": {"uv": [0, 8, 16, 16], "texture": "#1"},
				"east": {"uv": [0, 8, 8, 16], "texture": "#1"},
				"west": {"uv": [8, 8, 16, 16], "texture": "#1"},
				"down": {"uv": [0, 0, 16, 8], "texture": "#1"}
			}
		},
		{
			"from": [0, 8, 7],
			"to": [1, 8.5, 7.5],
			"shade": false,
			"faces": {
				"north": {"uv": [0, 8, 16, 16], "texture": "#1"},
				"east": {"uv": [0, 8, 8, 16], "texture": "#1"},
				"west": {"uv": [8, 8, 16, 16], "texture": "#1"},
				"down": {"uv": [0, 0, 16, 8], "texture": "#1"}
			}
		},
		{
			"from": [0, 8.5, 7.5],
			"to": [1, 9, 8],
			"shade": false,
			"faces": {
				"north": {"uv": [0, 8, 16, 16], "texture": "#1"},
				"east": {"uv": [0, 8, 8, 16], "texture": "#1"},
				"west": {"uv": [8, 8, 16, 16], "texture": "#1"},
				"up": {"uv": [0, 0, 16, 8], "texture": "#1"},
				"down": {"uv": [0, 0, 16, 8], "texture": "#1"}
			}
		},
		{
			"from": [0, 7, 8.5],
			"to": [1, 7.5, 9.5],
			"faces": {
				"east": {"uv": [0, 8, 16, 16], "texture": "#1"},
				"south": {"uv": [0, 8, 16, 16], "texture": "#1"},
				"west": {"uv": [0, 8, 16, 16], "texture": "#1"},
				"up": {"uv": [0, 0, 16, 16], "texture": "#1"},
				"down": {"uv": [0, 0, 16, 16], "texture": "#1"}
			}
		},
		{
			"from": [0, 8, 8.5],
			"to": [1, 8.5, 9],
			"faces": {
				"east": {"uv": [8, 0, 16, 8], "texture": "#1"},
				"south": {"uv": [0, 0, 16, 8], "texture": "#1"},
				"west": {"uv": [0, 0, 8, 8], "texture": "#1"},
				"up": {"uv": [0, 0, 16, 8], "texture": "#1"}
			}
		},
		{
			"from": [0, 7.5, 8.5],
			"to": [1, 8, 9],
			"shade": false,
			"faces": {
				"east": {"uv": [8, 0, 16, 8], "texture": "#1"},
				"south": {"uv": [0, 0, 16, 8], "texture": "#1"},
				"west": {"uv": [0, 0, 8, 8], "texture": "#1"},
				"up": {"uv": [0, 0, 16, 8], "texture": "#1"}
			}
		},
		{
			"from": [0, 7, 8],
			"to": [1, 7.5, 8.5],
			"shade": false,
			"faces": {
				"east": {"uv": [8, 0, 16, 8], "texture": "#1"},
				"south": {"uv": [0, 0, 16, 8], "texture": "#1"},
				"west": {"uv": [0, 0, 8, 8], "texture": "#1"},
				"up": {"uv": [0, 0, 16, 8], "texture": "#1"},
				"down": {"uv": [0, 0, 16, 8], "texture": "#1"}
			}
		},
		{
			"from": [0, 9.5, 5.5],
			"to": [1, 10, 6.5],
			"faces": {
				"north": {"uv": [0, 0, 16, 8], "texture": "#1"},
				"east": {"uv": [0, 0, 16, 8], "texture": "#1"},
				"south": {"uv": [0, 0, 16, 8], "texture": "#1"},
				"west": {"uv": [0, 0, 16, 8], "texture": "#1"},
				"up": {"uv": [0, 0, 16, 16], "texture": "#1"},
				"down": {"uv": [0, 0, 16, 16], "texture": "#1"}
			}
		},
		{
			"from": [0, 9, 6],
			"to": [1, 9.5, 6.5],
			"faces": {
				"north": {"uv": [0, 8, 16, 16], "texture": "#1"},
				"east": {"uv": [0, 8, 8, 16], "texture": "#1"},
				"south": {"uv": [0, 8, 16, 16], "texture": "#1"},
				"west": {"uv": [8, 8, 16, 16], "texture": "#1"},
				"down": {"uv": [0, 0, 16, 8], "texture": "#1"}
			}
		},
		{
			"from": [0, 9, 6.5],
			"to": [1, 9.5, 7.5],
			"faces": {
				"north": {"uv": [0, 8, 16, 16], "texture": "#1"},
				"east": {"uv": [0, 8, 16, 16], "texture": "#1"},
				"south": {"uv": [0, 8, 16, 16], "texture": "#1"},
				"west": {"uv": [0, 8, 16, 16], "texture": "#1"},
				"up": {"uv": [0, 0, 16, 16], "texture": "#1"},
				"down": {"uv": [0, 0, 16, 16], "texture": "#1"}
			}
		},
		{
			"from": [0, 9.5, 6.5],
			"to": [1, 10, 7],
			"faces": {
				"north": {"uv": [0, 0, 16, 8], "texture": "#1"},
				"east": {"uv": [8, 0, 16, 8], "texture": "#1"},
				"south": {"uv": [0, 0, 16, 8], "texture": "#1"},
				"west": {"uv": [0, 0, 8, 8], "texture": "#1"},
				"up": {"uv": [0, 0, 16, 8], "texture": "#1"}
			}
		},
		{
			"from": [0, 8.5, 8],
			"to": [1, 9, 9],
			"faces": {
				"north": {"uv": [0, 8, 16, 16], "texture": "#1"},
				"east": {"uv": [0, 8, 16, 16], "texture": "#1"},
				"south": {"uv": [0, 8, 16, 16], "texture": "#1"},
				"west": {"uv": [0, 8, 16, 16], "texture": "#1"},
				"up": {"uv": [0, 0, 16, 16], "texture": "#1"}
			}
		},
		{
			"from": [0, 9, 8.5],
			"to": [1, 9.5, 9],
			"faces": {
				"north": {"uv": [0, 0, 16, 8], "texture": "#1"},
				"east": {"uv": [0, 0, 8, 8], "texture": "#1"},
				"south": {"uv": [0, 0, 16, 8], "texture": "#1"},
				"west": {"uv": [8, 0, 16, 8], "texture": "#1"},
				"up": {"uv": [0, 8, 16, 16], "texture": "#1"}
			}
		},
		{
			"from": [0, 9, 9],
			"to": [1, 9.5, 10],
			"faces": {
				"north": {"uv": [0, 0, 16, 8], "texture": "#1"},
				"east": {"uv": [0, 0, 16, 8], "texture": "#1"},
				"south": {"uv": [0, 0, 16, 8], "texture": "#1"},
				"west": {"uv": [0, 0, 16, 8], "texture": "#1"},
				"up": {"uv": [0, 0, 16, 16], "texture": "#1"},
				"down": {"uv": [0, 0, 16, 16], "texture": "#1"}
			}
		},
		{
			"from": [0, 8.5, 9],
			"to": [1, 9, 9.5],
			"faces": {
				"north": {"uv": [0, 8, 16, 16], "texture": "#1"},
				"east": {"uv": [8, 8, 16, 16], "texture": "#1"},
				"south": {"uv": [0, 8, 16, 16], "texture": "#1"},
				"west": {"uv": [0, 8, 8, 16], "texture": "#1"},
				"down": {"uv": [0, 8, 16, 16], "texture": "#1"}
			}
		},
		{
			"from": [0, 10.5, 4.5],
			"to": [1, 11, 5.5],
			"faces": {
				"north": {"uv": [0, 0, 16, 8], "texture": "#1"},
				"east": {"uv": [0, 0, 16, 8], "texture": "#1"},
				"south": {"uv": [0, 0, 16, 8], "texture": "#1"},
				"west": {"uv": [0, 0, 16, 8], "texture": "#1"},
				"up": {"uv": [0, 0, 16, 16], "texture": "#1"},
				"down": {"uv": [0, 0, 16, 16], "texture": "#1"}
			}
		},
		{
			"from": [0, 10, 5],
			"to": [1, 10.5, 5.5],
			"faces": {
				"north": {"uv": [0, 8, 16, 16], "texture": "#1"},
				"east": {"uv": [0, 8, 8, 16], "texture": "#1"},
				"south": {"uv": [0, 8, 16, 16], "texture": "#1"},
				"west": {"uv": [8, 8, 16, 16], "texture": "#1"},
				"down": {"uv": [0, 0, 16, 8], "texture": "#1"}
			}
		},
		{
			"from": [0, 10, 5.5],
			"to": [1, 10.5, 6.5],
			"faces": {
				"north": {"uv": [0, 8, 16, 16], "texture": "#1"},
				"east": {"uv": [0, 8, 16, 16], "texture": "#1"},
				"south": {"uv": [0, 8, 16, 16], "texture": "#1"},
				"west": {"uv": [0, 8, 16, 16], "texture": "#1"},
				"up": {"uv": [0, 0, 16, 16], "texture": "#1"},
				"down": {"uv": [0, 0, 16, 16], "texture": "#1"}
			}
		},
		{
			"from": [0, 10.5, 5.5],
			"to": [1, 11, 6],
			"faces": {
				"north": {"uv": [0, 0, 16, 8], "texture": "#1"},
				"east": {"uv": [8, 0, 16, 8], "texture": "#1"},
				"south": {"uv": [0, 0, 16, 8], "texture": "#1"},
				"west": {"uv": [0, 0, 8, 8], "texture": "#1"},
				"up": {"uv": [0, 0, 16, 8], "texture": "#1"}
			}
		},
		{
			"from": [0, 9.5, 9],
			"to": [1, 10, 10],
			"faces": {
				"north": {"uv": [0, 8, 16, 16], "texture": "#1"},
				"east": {"uv": [0, 8, 16, 16], "texture": "#1"},
				"south": {"uv": [0, 8, 16, 16], "texture": "#1"},
				"west": {"uv": [0, 8, 16, 16], "texture": "#1"},
				"up": {"uv": [0, 0, 16, 16], "texture": "#1"},
				"down": {"uv": [0, 0, 16, 16], "texture": "#1"}
			}
		},
		{
			"from": [0, 10, 9.5],
			"to": [1, 10.5, 10],
			"faces": {
				"north": {"uv": [0, 0, 16, 8], "texture": "#1"},
				"east": {"uv": [0, 0, 8, 8], "texture": "#1"},
				"south": {"uv": [0, 0, 16, 8], "texture": "#1"},
				"west": {"uv": [8, 0, 16, 8], "texture": "#1"},
				"up": {"uv": [0, 8, 16, 16], "texture": "#1"}
			}
		},
		{
			"from": [0, 10, 10],
			"to": [1, 10.5, 11],
			"faces": {
				"north": {"uv": [0, 0, 16, 8], "texture": "#1"},
				"east": {"uv": [0, 0, 16, 8], "texture": "#1"},
				"south": {"uv": [0, 0, 16, 8], "texture": "#1"},
				"west": {"uv": [0, 0, 16, 8], "texture": "#1"},
				"up": {"uv": [0, 0, 16, 16], "texture": "#1"},
				"down": {"uv": [0, 0, 16, 16], "texture": "#1"}
			}
		},
		{
			"from": [0, 9.5, 10],
			"to": [1, 10, 10.5],
			"faces": {
				"north": {"uv": [0, 8, 16, 16], "texture": "#1"},
				"east": {"uv": [8, 8, 16, 16], "texture": "#1"},
				"south": {"uv": [0, 8, 16, 16], "texture": "#1"},
				"west": {"uv": [0, 8, 8, 16], "texture": "#1"},
				"down": {"uv": [0, 8, 16, 16], "texture": "#1"}
			}
		},
		{
			"from": [0, 11.5, 3.5],
			"to": [1, 12, 4.5],
			"faces": {
				"north": {"uv": [0, 0, 16, 8], "texture": "#1"},
				"east": {"uv": [0, 0, 16, 8], "texture": "#1"},
				"south": {"uv": [0, 0, 16, 8], "texture": "#1"},
				"west": {"uv": [0, 0, 16, 8], "texture": "#1"},
				"down": {"uv": [0, 0, 16, 16], "texture": "#1"}
			}
		},
		{
			"from": [0, 11, 4],
			"to": [1, 11.5, 4.5],
			"faces": {
				"north": {"uv": [0, 8, 16, 16], "texture": "#1"},
				"east": {"uv": [0, 8, 8, 16], "texture": "#1"},
				"south": {"uv": [0, 8, 16, 16], "texture": "#1"},
				"west": {"uv": [8, 8, 16, 16], "texture": "#1"},
				"down": {"uv": [0, 0, 16, 8], "texture": "#1"}
			}
		},
		{
			"from": [0, 11, 4.5],
			"to": [1, 11.5, 5.5],
			"faces": {
				"north": {"uv": [0, 8, 16, 16], "texture": "#1"},
				"east": {"uv": [0, 8, 16, 16], "texture": "#1"},
				"south": {"uv": [0, 8, 16, 16], "texture": "#1"},
				"west": {"uv": [0, 8, 16, 16], "texture": "#1"},
				"up": {"uv": [0, 0, 16, 16], "texture": "#1"},
				"down": {"uv": [0, 0, 16, 16], "texture": "#1"}
			}
		},
		{
			"from": [0, 11.5, 4.5],
			"to": [1, 12, 5],
			"faces": {
				"north": {"uv": [0, 0, 16, 8], "texture": "#1"},
				"east": {"uv": [8, 0, 16, 8], "texture": "#1"},
				"south": {"uv": [0, 0, 16, 8], "texture": "#1"},
				"west": {"uv": [0, 0, 8, 8], "texture": "#1"},
				"up": {"uv": [0, 0, 16, 8], "texture": "#1"}
			}
		},
		{
			"from": [0, 10.5, 10],
			"to": [1, 11, 11],
			"faces": {
				"north": {"uv": [0, 8, 16, 16], "texture": "#1"},
				"east": {"uv": [0, 8, 16, 16], "texture": "#1"},
				"south": {"uv": [0, 8, 16, 16], "texture": "#1"},
				"west": {"uv": [0, 8, 16, 16], "texture": "#1"},
				"up": {"uv": [0, 0, 16, 16], "texture": "#1"},
				"down": {"uv": [0, 0, 16, 16], "texture": "#1"}
			}
		},
		{
			"from": [0, 11, 10.5],
			"to": [1, 11.5, 11],
			"faces": {
				"north": {"uv": [0, 0, 16, 8], "texture": "#1"},
				"east": {"uv": [0, 0, 8, 8], "texture": "#1"},
				"south": {"uv": [0, 0, 16, 8], "texture": "#1"},
				"west": {"uv": [8, 0, 16, 8], "texture": "#1"},
				"up": {"uv": [0, 8, 16, 16], "texture": "#1"}
			}
		},
		{
			"from": [0, 11, 11],
			"to": [1, 11.5, 12],
			"faces": {
				"north": {"uv": [0, 0, 16, 8], "texture": "#1"},
				"east": {"uv": [0, 0, 16, 8], "texture": "#1"},
				"south": {"uv": [0, 0, 16, 8], "texture": "#1"},
				"west": {"uv": [0, 0, 16, 8], "texture": "#1"},
				"down": {"uv": [0, 0, 16, 16], "texture": "#1"}
			}
		},
		{
			"from": [0, 10.5, 11],
			"to": [1, 11, 11.5],
			"faces": {
				"north": {"uv": [0, 8, 16, 16], "texture": "#1"},
				"east": {"uv": [8, 8, 16, 16], "texture": "#1"},
				"south": {"uv": [0, 8, 16, 16], "texture": "#1"},
				"west": {"uv": [0, 8, 8, 16], "texture": "#1"},
				"down": {"uv": [0, 8, 16, 16], "texture": "#1"}
			}
		},
		{
			"from": [0, 11.5, 12],
			"to": [1, 12, 12.5],
			"shade": false,
			"faces": {
				"north": {"uv": [0, 8, 16, 16], "texture": "#1"},
				"east": {"uv": [8, 8, 16, 16], "texture": "#1"},
				"south": {"uv": [0, 8, 16, 16], "texture": "#1"},
				"west": {"uv": [0, 8, 8, 16], "texture": "#1"},
				"down": {"uv": [0, 8, 16, 16], "texture": "#1"}
			}
		},
		{
			"from": [0, 12, 3.5],
			"to": [1, 12.5, 4.5],
			"faces": {
				"north": {"uv": [0, 8, 16, 16], "texture": "#1"},
				"east": {"uv": [0, 8, 16, 16], "texture": "#1"},
				"south": {"uv": [0, 8, 16, 16], "texture": "#1"},
				"west": {"uv": [0, 8, 16, 16], "texture": "#1"},
				"up": {"uv": [0, 0, 16, 16], "texture": "#1"},
				"down": {"uv": [0, 0, 16, 16], "texture": "#1"}
			}
		},
		{
			"from": [0, 11.5, 11],
			"to": [1, 12, 12],
			"faces": {
				"north": {"uv": [0, 8, 16, 16], "texture": "#1"},
				"east": {"uv": [0, 8, 16, 16], "texture": "#1"},
				"south": {"uv": [0, 8, 16, 16], "texture": "#1"},
				"west": {"uv": [0, 8, 16, 16], "texture": "#1"},
				"up": {"uv": [0, 0, 16, 16], "texture": "#1"},
				"down": {"uv": [0, 0, 16, 16], "texture": "#1"}
			}
		},
		{
			"from": [0, 12, 11.5],
			"to": [1, 12.5, 12.5],
			"shade": false,
			"faces": {
				"north": {"uv": [0, 8, 16, 16], "texture": "#1"},
				"east": {"uv": [0, 8, 16, 16], "texture": "#1"},
				"south": {"uv": [0, 8, 16, 16], "texture": "#1"},
				"west": {"uv": [0, 8, 16, 16], "texture": "#1"},
				"up": {"uv": [0, 0, 16, 16], "texture": "#1"},
				"down": {"uv": [0, 0, 16, 16], "texture": "#1"}
			}
		},
		{
			"from": [1, 7.5, 7.5],
			"to": [1.1875, 8.5, 8.5],
			"shade": false,
			"rotation": {"angle": 0, "axis": "y", "origin": [0, 8, 8]},
			"faces": {
				"north": {"uv": [0, 3, 16, 0], "rotation": 270, "texture": "#2"},
				"east": {"uv": [0, 16, 16, 0], "rotation": 180, "texture": "#2"},
				"south": {"uv": [0, 0, 16, 3], "rotation": 270, "texture": "#2"},
				"west": {"uv": [0, 16, 16, 0], "texture": "#2"},
				"up": {"uv": [0, 3, 16, 0], "rotation": 90, "texture": "#2"},
				"down": {"uv": [0, 0, 16, 3], "rotation": 270, "texture": "#2"}
			}
		},
		{
			"from": [-0.25, 7.25129, 4.724],
			"to": [1.25, 8.75129, 4.9115],
			"shade": false,
			"rotation": {"angle": 45, "axis": "x", "origin": [0, 8, 8]},
			"faces": {
				"north": {"uv": [0, 0, 16, 16], "texture": "#3"},
				"east": {"uv": [13, 0, 16, 16], "texture": "#3"},
				"south": {"uv": [0, 0, 16, 16], "texture": "#3"},
				"west": {"uv": [16, 0, 13, 16], "texture": "#3"},
				"up": {"uv": [0, 16, 16, 13], "texture": "#3"},
				"down": {"uv": [0, 13, 16, 16], "texture": "#3"}
			}
		},
		{
			"from": [-0.5, 7.00129, 4.017],
			"to": [1.5, 9.00129, 4.2045],
			"shade": false,
			"rotation": {"angle": 45, "axis": "x", "origin": [0, 8, 8]},
			"faces": {
				"north": {"uv": [0, 0, 16, 16], "texture": "#3"},
				"east": {"uv": [13, 0, 16, 16], "texture": "#3"},
				"south": {"uv": [0, 0, 16, 16], "texture": "#3"},
				"west": {"uv": [16, 0, 13, 16], "texture": "#3"},
				"up": {"uv": [0, 16, 16, 13], "texture": "#3"},
				"down": {"uv": [0, 13, 16, 16], "texture": "#3"}
			}
		},
		{
			"from": [-0.75, 6.75129, 3.31],
			"to": [1.75, 9.25129, 3.4975],
			"rotation": {"angle": 45, "axis": "x", "origin": [0, 8, 8]},
			"faces": {
				"north": {"uv": [0, 0, 16, 16], "texture": "#3"},
				"east": {"uv": [13, 0, 16, 16], "texture": "#3"},
				"south": {"uv": [0, 0, 16, 16], "texture": "#3"},
				"west": {"uv": [16, 0, 13, 16], "texture": "#3"},
				"up": {"uv": [0, 16, 16, 13], "texture": "#3"},
				"down": {"uv": [0, 13, 16, 16], "texture": "#3"}
			}
		},
		{
			"from": [-1, 6.50129, 2.603],
			"to": [2, 9.50129, 2.7905],
			"shade": false,
			"rotation": {"angle": 45, "axis": "x", "origin": [0, 8, 8]},
			"faces": {
				"north": {"uv": [0, 0, 16, 16], "texture": "#3"},
				"east": {"uv": [13, 0, 16, 16], "texture": "#3"},
				"south": {"uv": [0, 0, 16, 16], "texture": "#3"},
				"west": {"uv": [16, 0, 13, 16], "texture": "#3"},
				"up": {"uv": [0, 16, 16, 13], "texture": "#3"},
				"down": {"uv": [0, 13, 16, 16], "texture": "#3"}
			}
		},
		{
			"from": [-0.25, 11.0885, 7.25129],
			"to": [1.25, 11.276, 8.75129],
			"shade": false,
			"rotation": {"angle": 45, "axis": "x", "origin": [0, 8, 8]},
			"faces": {
				"north": {"uv": [0, 13, 16, 16], "rotation": 180, "texture": "#3"},
				"east": {"uv": [13, 0, 16, 16], "rotation": 270, "texture": "#3"},
				"south": {"uv": [0, 16, 16, 13], "texture": "#3"},
				"west": {"uv": [16, 0, 13, 16], "rotation": 90, "texture": "#3"},
				"up": {"uv": [0, 0, 16, 16], "rotation": 180, "texture": "#3"},
				"down": {"uv": [0, 0, 16, 16], "texture": "#3"}
			}
		},
		{
			"from": [-0.5, 11.7955, 7.00129],
			"to": [1.5, 11.983, 9.00129],
			"shade": false,
			"rotation": {"angle": 45, "axis": "x", "origin": [0, 8, 8]},
			"faces": {
				"north": {"uv": [0, 13, 16, 16], "rotation": 180, "texture": "#3"},
				"east": {"uv": [13, 0, 16, 16], "rotation": 270, "texture": "#3"},
				"south": {"uv": [0, 16, 16, 13], "texture": "#3"},
				"west": {"uv": [16, 0, 13, 16], "rotation": 90, "texture": "#3"},
				"up": {"uv": [0, 0, 16, 16], "rotation": 180, "texture": "#3"},
				"down": {"uv": [0, 0, 16, 16], "texture": "#3"}
			}
		},
		{
			"from": [-0.75, 12.5025, 6.75129],
			"to": [1.75, 12.69, 9.25129],
			"rotation": {"angle": 45, "axis": "x", "origin": [0, 8, 8]},
			"faces": {
				"north": {"uv": [0, 13, 16, 16], "rotation": 180, "texture": "#3"},
				"east": {"uv": [13, 0, 16, 16], "rotation": 270, "texture": "#3"},
				"south": {"uv": [0, 16, 16, 13], "texture": "#3"},
				"west": {"uv": [16, 0, 13, 16], "rotation": 90, "texture": "#3"},
				"up": {"uv": [0, 0, 16, 16], "rotation": 180, "texture": "#3"},
				"down": {"uv": [0, 0, 16, 16], "texture": "#3"}
			}
		},
		{
			"from": [-1, 13.2095, 6.50129],
			"to": [2, 13.397, 9.50129],
			"shade": false,
			"rotation": {"angle": 45, "axis": "x", "origin": [0, 8, 8]},
			"faces": {
				"north": {"uv": [0, 13, 16, 16], "rotation": 180, "texture": "#3"},
				"east": {"uv": [13, 0, 16, 16], "rotation": 270, "texture": "#3"},
				"south": {"uv": [0, 16, 16, 13], "texture": "#3"},
				"west": {"uv": [16, 0, 13, 16], "rotation": 90, "texture": "#3"},
				"up": {"uv": [0, 0, 16, 16], "rotation": 180, "texture": "#3"},
				"down": {"uv": [0, 0, 16, 16], "texture": "#3"}
			}
		},
		{
			"from": [-0.25, 7.24871, 11.0885],
			"to": [1.25, 8.74871, 11.276],
			"shade": false,
			"rotation": {"angle": 45, "axis": "x", "origin": [0, 8, 8]},
			"faces": {
				"north": {"uv": [0, 0, 16, 16], "rotation": 180, "texture": "#3"},
				"east": {"uv": [13, 0, 16, 16], "rotation": 180, "texture": "#3"},
				"south": {"uv": [0, 0, 16, 16], "rotation": 180, "texture": "#3"},
				"west": {"uv": [16, 0, 13, 16], "rotation": 180, "texture": "#3"},
				"up": {"uv": [0, 13, 16, 16], "texture": "#3"},
				"down": {"uv": [0, 16, 16, 13], "texture": "#3"}
			}
		},
		{
			"from": [-0.5, 6.99871, 11.7955],
			"to": [1.5, 8.99871, 11.983],
			"shade": false,
			"rotation": {"angle": 45, "axis": "x", "origin": [0, 8, 8]},
			"faces": {
				"north": {"uv": [0, 0, 16, 16], "rotation": 180, "texture": "#3"},
				"east": {"uv": [13, 0, 16, 16], "rotation": 180, "texture": "#3"},
				"south": {"uv": [0, 0, 16, 16], "rotation": 180, "texture": "#3"},
				"west": {"uv": [16, 0, 13, 16], "rotation": 180, "texture": "#3"},
				"up": {"uv": [0, 13, 16, 16], "texture": "#3"},
				"down": {"uv": [0, 16, 16, 13], "texture": "#3"}
			}
		},
		{
			"from": [-0.75, 6.74871, 12.5025],
			"to": [1.75, 9.24871, 12.69],
			"rotation": {"angle": 45, "axis": "x", "origin": [0, 8, 8]},
			"faces": {
				"north": {"uv": [0, 0, 16, 16], "rotation": 180, "texture": "#3"},
				"east": {"uv": [13, 0, 16, 16], "rotation": 180, "texture": "#3"},
				"south": {"uv": [0, 0, 16, 16], "rotation": 180, "texture": "#3"},
				"west": {"uv": [16, 0, 13, 16], "rotation": 180, "texture": "#3"},
				"up": {"uv": [0, 13, 16, 16], "texture": "#3"},
				"down": {"uv": [0, 16, 16, 13], "texture": "#3"}
			}
		},
		{
			"from": [-1, 6.49871, 13.2095],
			"to": [2, 9.49871, 13.397],
			"shade": false,
			"rotation": {"angle": 45, "axis": "x", "origin": [0, 8, 8]},
			"faces": {
				"north": {"uv": [0, 0, 16, 16], "rotation": 180, "texture": "#3"},
				"east": {"uv": [13, 0, 16, 16], "rotation": 180, "texture": "#3"},
				"south": {"uv": [0, 0, 16, 16], "rotation": 180, "texture": "#3"},
				"west": {"uv": [16, 0, 13, 16], "rotation": 180, "texture": "#3"},
				"up": {"uv": [0, 13, 16, 16], "texture": "#3"},
				"down": {"uv": [0, 16, 16, 13], "texture": "#3"}
			}
		},
		{
			"from": [-0.25, 4.724, 7.24871],
			"to": [1.25, 4.9115, 8.74871],
			"shade": false,
			"rotation": {"angle": 45, "axis": "x", "origin": [0, 8, 8]},
			"faces": {
				"north": {"uv": [0, 16, 16, 13], "rotation": 180, "texture": "#3"},
				"east": {"uv": [13, 0, 16, 16], "rotation": 90, "texture": "#3"},
				"south": {"uv": [0, 13, 16, 16], "texture": "#3"},
				"west": {"uv": [16, 0, 13, 16], "rotation": 270, "texture": "#3"},
				"up": {"uv": [0, 0, 16, 16], "texture": "#3"},
				"down": {"uv": [0, 0, 16, 16], "rotation": 180, "texture": "#3"}
			}
		},
		{
			"from": [-0.5, 4.017, 6.99871],
			"to": [1.5, 4.2045, 8.99871],
			"shade": false,
			"rotation": {"angle": 45, "axis": "x", "origin": [0, 8, 8]},
			"faces": {
				"north": {"uv": [0, 16, 16, 13], "rotation": 180, "texture": "#3"},
				"east": {"uv": [13, 0, 16, 16], "rotation": 90, "texture": "#3"},
				"south": {"uv": [0, 13, 16, 16], "texture": "#3"},
				"west": {"uv": [16, 0, 13, 16], "rotation": 270, "texture": "#3"},
				"up": {"uv": [0, 0, 16, 16], "texture": "#3"},
				"down": {"uv": [0, 0, 16, 16], "rotation": 180, "texture": "#3"}
			}
		},
		{
			"from": [-0.75, 3.31, 6.74871],
			"to": [1.75, 3.4975, 9.24871],
			"rotation": {"angle": 45, "axis": "x", "origin": [0, 8, 8]},
			"faces": {
				"north": {"uv": [0, 16, 16, 13], "rotation": 180, "texture": "#3"},
				"east": {"uv": [13, 0, 16, 16], "rotation": 90, "texture": "#3"},
				"south": {"uv": [0, 13, 16, 16], "texture": "#3"},
				"west": {"uv": [16, 0, 13, 16], "rotation": 270, "texture": "#3"},
				"up": {"uv": [0, 0, 16, 16], "texture": "#3"},
				"down": {"uv": [0, 0, 16, 16], "rotation": 180, "texture": "#3"}
			}
		},
		{
			"from": [-1, 2.603, 6.49871],
			"to": [2, 2.7905, 9.49871],
			"shade": false,
			"rotation": {"angle": 45, "axis": "x", "origin": [0, 8, 8]},
			"faces": {
				"north": {"uv": [0, 16, 16, 13], "rotation": 180, "texture": "#3"},
				"east": {"uv": [13, 0, 16, 16], "rotation": 90, "texture": "#3"},
				"south": {"uv": [0, 13, 16, 16], "texture": "#3"},
				"west": {"uv": [16, 0, 13, 16], "rotation": 270, "texture": "#3"},
				"up": {"uv": [0, 0, 16, 16], "texture": "#3"},
				"down": {"uv": [0, 0, 16, 16], "rotation": 180, "texture": "#3"}
			}
		}
	],
	"groups": [
		{
			"name": "structure",
			"origin": [8, 8, 8],
			"color": 0,
			"nbt": "{}",
			"children": []
		},
		{
			"name": "structure",
			"origin": [8, 8, 8],
			"color": 0,
			"nbt": "{}",
			"children": [
				0,
				1,
				2,
				3,
				4,
				5,
				6,
				7,
				8,
				9,
				10,
				11,
				12,
				13,
				14,
				15,
				16,
				17,
				18,
				19,
				20,
				21,
				22,
				23,
				24,
				25,
				26,
				27,
				28,
				29,
				30,
				31,
				32,
				33,
				34,
				35,
				36,
				37,
				38,
				39,
				40,
				41,
				42,
				43,
				44,
				45,
				46,
				47,
				48,
				49,
				50,
				51,
				52,
				53,
				54,
				55,
				56,
				57,
				58,
				59,
				60,
				61,
				62,
				63,
				64,
				65
			]
		},
		{
			"name": "structure",
			"origin": [8, 8, 8],
			"color": 0,
			"nbt": "{}",
			"children": [66, 67, 68, 69]
		},
		{
			"name": "structure",
			"origin": [8, 8, 8],
			"color": 0,
			"nbt": "{}",
			"children": [70, 71, 72, 73]
		},
		{
			"name": "structure",
			"origin": [8, 8, 8],
			"color": 0,
			"nbt": "{}",
			"children": [74, 75, 76, 77]
		},
		{
			"name": "structure",
			"origin": [8, 8, 8],
			"color": 0,
			"nbt": "{}",
			"children": [78, 79, 80, 81]
		}
	]
}