{
	"credit": "Made with Blockbench",
	"textures": {
		"0": "block/stripped_oak_log",
		"1": "block/stripped_oak_log_top",
		"2": "block/jungle_planks",
		"3": "block/iron_trapdoor",
		"4": "block/end_stone_bricks"
	},
	"elements": [
		{
			"from": [8.5, 4.5, 1],
			"to": [9.5, 5.5, 2],
			"rotation": {"angle": 0, "axis": "y", "origin": [12.5, 4.5, 0]},
			"faces": {
				"north": {"uv": [0, 0, 16, 16], "rotation": 270, "texture": "#0"},
				"east": {"uv": [0, 0, 16, 16], "rotation": 180, "texture": "#0"},
				"south": {"uv": [0, 0, 16, 16], "rotation": 90, "texture": "#0"},
				"up": {"uv": [0, 0, 16, 16], "rotation": 90, "texture": "#0"},
				"down": {"uv": [0, 0, 16, 16], "rotation": 90, "texture": "#0"}
			}
		},
		{
			"from": [7.5, 4.5, 1],
			"to": [8.5, 5.5, 2],
			"rotation": {"angle": 0, "axis": "y", "origin": [12.5, 4.5, 0]},
			"faces": {
				"north": {"uv": [0, 0, 16, 16], "rotation": 270, "texture": "#0"},
				"south": {"uv": [0, 0, 16, 16], "rotation": 90, "texture": "#0"},
				"down": {"uv": [0, 0, 16, 16], "rotation": 90, "texture": "#0"}
			}
		},
		{
			"from": [6.5, 4.5, 1],
			"to": [7.5, 5.5, 2],
			"rotation": {"angle": 0, "axis": "y", "origin": [12.5, 4.5, 0]},
			"faces": {
				"north": {"uv": [0, 0, 16, 16], "rotation": 270, "texture": "#0"},
				"south": {"uv": [0, 0, 16, 16], "rotation": 90, "texture": "#0"},
				"west": {"uv": [0, 0, 16, 16], "texture": "#0"},
				"up": {"uv": [0, 0, 16, 16], "rotation": 90, "texture": "#0"},
				"down": {"uv": [0, 0, 16, 16], "rotation": 90, "texture": "#0"}
			}
		},
		{
			"from": [7.5, 5.5, 1],
			"to": [8.5, 6.5, 2],
			"rotation": {"angle": 0, "axis": "y", "origin": [12.5, 4.5, 0]},
			"faces": {
				"north": {"uv": [0, 0, 16, 16], "texture": "#2"},
				"east": {"uv": [0, 0, 16, 16], "texture": "#2"},
				"south": {"uv": [0, 0, 16, 16], "texture": "#2"},
				"west": {"uv": [0, 0, 16, 16], "texture": "#2"}
			}
		},
		{
			"from": [10.5, 6.5, 1],
			"to": [11.5, 7.5, 2],
			"rotation": {"angle": 0, "axis": "y", "origin": [12.5, 4.5, 0]},
			"faces": {
				"north": {"uv": [0, 0, 16, 16], "texture": "#0"},
				"east": {"uv": [0, 0, 16, 16], "texture": "#0"},
				"south": {"uv": [0, 0, 16, 16], "texture": "#0"},
				"west": {"uv": [0, 0, 16, 16], "texture": "#0"},
				"down": {"uv": [0, 0, 16, 16], "rotation": 270, "texture": "#0"}
			}
		},
		{
			"from": [4.5, 6.5, 1],
			"to": [5.5, 7.5, 2],
			"rotation": {"angle": 0, "axis": "y", "origin": [12.5, 4.5, 0]},
			"faces": {
				"north": {"uv": [0, 0, 16, 16], "texture": "#0"},
				"east": {"uv": [0, 0, 16, 16], "texture": "#0"},
				"south": {"uv": [0, 0, 16, 16], "texture": "#0"},
				"west": {"uv": [0, 0, 16, 16], "texture": "#0"},
				"down": {"uv": [0, 0, 16, 16], "rotation": 270, "texture": "#0"}
			}
		},
		{
			"from": [10.5, 7.5, 1],
			"to": [11.5, 8.5, 2],
			"rotation": {"angle": 0, "axis": "y", "origin": [12.5, 4.5, 0]},
			"faces": {
				"north": {"uv": [0, 0, 16, 16], "texture": "#0"},
				"east": {"uv": [0, 0, 16, 16], "texture": "#0"},
				"south": {"uv": [0, 0, 16, 16], "texture": "#0"}
			}
		},
		{
			"from": [9.5, 7.5, 1],
			"to": [10.5, 8.5, 2],
			"rotation": {"angle": 0, "axis": "y", "origin": [12.5, 4.5, 0]},
			"faces": {
				"north": {"uv": [0, 0, 16, 16], "texture": "#2"},
				"south": {"uv": [0, 0, 16, 16], "texture": "#2"},
				"up": {"uv": [0, 0, 16, 16], "rotation": 90, "texture": "#2"},
				"down": {"uv": [0, 0, 16, 16], "rotation": 270, "texture": "#2"}
			}
		},
		{
			"from": [8.5, 7.5, 1],
			"to": [9.5, 8.5, 2],
			"rotation": {"angle": 0, "axis": "y", "origin": [12.5, 4.5, 0]},
			"faces": {
				"north": {"uv": [0, 0, 16, 16], "texture": "#2"},
				"south": {"uv": [0, 0, 16, 16], "texture": "#2"},
				"west": {"uv": [0, 0, 16, 16], "texture": "#2"},
				"up": {"uv": [0, 0, 16, 16], "rotation": 90, "texture": "#2"},
				"down": {"uv": [0, 0, 16, 16], "rotation": 270, "texture": "#2"}
			}
		},
		{
			"from": [7.5, 7.5, 1],
			"to": [8.5, 8.5, 2],
			"rotation": {"angle": 0, "axis": "y", "origin": [12.5, 4.5, 0]},
			"faces": {
				"north": {"uv": [0, 0, 16, 16], "texture": "#1"},
				"south": {"uv": [0, 0, 16, 16], "texture": "#1"}
			}
		},
		{
			"from": [7.5, 7.5, 2],
			"to": [8.5, 8.5, 3],
			"rotation": {"angle": 0, "axis": "y", "origin": [12.5, 4.5, 0]},
			"faces": {
				"north": {"uv": [0, 0, 16, 16], "texture": "#1"},
				"east": {"uv": [0, 0, 16, 16], "rotation": 90, "texture": "#0"},
				"south": {"uv": [0, 0, 16, 16], "texture": "#1"},
				"west": {"uv": [0, 0, 16, 16], "rotation": 90, "texture": "#0"},
				"up": {"uv": [0, 0, 16, 16], "texture": "#0"},
				"down": {"uv": [0, 0, 16, 16], "texture": "#0"}
			}
		},
		{
			"from": [7.5, 7.5, 3],
			"to": [8.5, 8.5, 4],
			"rotation": {"angle": 0, "axis": "y", "origin": [12.5, 4.5, 0]},
			"faces": {
				"north": {"uv": [0, 0, 16, 16], "texture": "#1"},
				"east": {"uv": [0, 0, 16, 16], "rotation": 90, "texture": "#0"},
				"south": {"uv": [0, 0, 16, 16], "texture": "#1"},
				"west": {"uv": [0, 0, 16, 16], "rotation": 90, "texture": "#0"},
				"up": {"uv": [0, 0, 16, 16], "texture": "#0"},
				"down": {"uv": [0, 0, 16, 16], "texture": "#0"}
			}
		},
		{
			"from": [6.5, 7.5, 1],
			"to": [7.5, 8.5, 2],
			"rotation": {"angle": 0, "axis": "y", "origin": [12.5, 4.5, 0]},
			"faces": {
				"north": {"uv": [0, 0, 16, 16], "texture": "#2"},
				"south": {"uv": [0, 0, 16, 16], "texture": "#2"},
				"up": {"uv": [0, 0, 16, 16], "rotation": 90, "texture": "#2"},
				"down": {"uv": [0, 0, 16, 16], "rotation": 270, "texture": "#2"}
			}
		},
		{
			"from": [7.5, 6.5, 1],
			"to": [8.5, 7.5, 2],
			"shade": false,
			"rotation": {"angle": 0, "axis": "y", "origin": [12.5, 4.5, 0]},
			"faces": {
				"north": {"uv": [0, 0, 16, 16], "texture": "#2"},
				"east": {"uv": [0, 0, 16, 16], "texture": "#2"},
				"south": {"uv": [0, 0, 16, 16], "texture": "#2"},
				"west": {"uv": [0, 0, 16, 16], "texture": "#2"}
			}
		},
		{
			"from": [5.5, 7.5, 1],
			"to": [6.5, 8.5, 2],
			"rotation": {"angle": 0, "axis": "y", "origin": [12.5, 4.5, 0]},
			"faces": {
				"north": {"uv": [0, 0, 16, 16], "texture": "#2"},
				"south": {"uv": [0, 0, 16, 16], "texture": "#2"},
				"up": {"uv": [0, 0, 16, 16], "rotation": 90, "texture": "#2"},
				"down": {"uv": [0, 0, 16, 16], "rotation": 270, "texture": "#2"}
			}
		},
		{
			"from": [4.5, 7.5, 1],
			"to": [5.5, 8.5, 2],
			"rotation": {"angle": 0, "axis": "y", "origin": [12.5, 4.5, 0]},
			"faces": {
				"north": {"uv": [0, 0, 16, 16], "texture": "#0"},
				"south": {"uv": [0, 0, 16, 16], "texture": "#0"},
				"west": {"uv": [0, 0, 16, 16], "texture": "#0"}
			}
		},
		{
			"from": [10.5, 8.5, 1],
			"to": [11.5, 9.5, 2],
			"rotation": {"angle": 0, "axis": "y", "origin": [12.5, 4.5, 0]},
			"faces": {
				"north": {"uv": [0, 0, 16, 16], "texture": "#0"},
				"east": {"uv": [0, 0, 16, 16], "texture": "#0"},
				"south": {"uv": [0, 0, 16, 16], "texture": "#0"},
				"west": {"uv": [0, 0, 16, 16], "texture": "#0"},
				"up": {"uv": [0, 0, 16, 16], "rotation": 90, "texture": "#0"}
			}
		},
		{
			"from": [7.5, 8.5, 1],
			"to": [8.5, 9.5, 2],
			"rotation": {"angle": 0, "axis": "y", "origin": [12.5, 4.5, 0]},
			"faces": {
				"north": {"uv": [0, 0, 16, 16], "texture": "#2"},
				"east": {"uv": [0, 0, 16, 16], "texture": "#2"},
				"south": {"uv": [0, 0, 16, 16], "texture": "#2"},
				"west": {"uv": [0, 0, 16, 16], "texture": "#2"}
			}
		},
		{
			"from": [4.5, 8.5, 1],
			"to": [5.5, 9.5, 2],
			"rotation": {"angle": 0, "axis": "y", "origin": [12.5, 4.5, 0]},
			"faces": {
				"north": {"uv": [0, 0, 16, 16], "texture": "#0"},
				"east": {"uv": [0, 0, 16, 16], "texture": "#0"},
				"south": {"uv": [0, 0, 16, 16], "texture": "#0"},
				"west": {"uv": [0, 0, 16, 16], "texture": "#0"},
				"up": {"uv": [0, 0, 16, 16], "rotation": 90, "texture": "#0"}
			}
		},
		{
			"from": [7.5, 9.5, 1],
			"to": [8.5, 10.5, 2],
			"rotation": {"angle": 0, "axis": "y", "origin": [12.5, 4.5, 0]},
			"faces": {
				"north": {"uv": [0, 0, 16, 16], "texture": "#2"},
				"east": {"uv": [0, 0, 16, 16], "texture": "#2"},
				"south": {"uv": [0, 0, 16, 16], "texture": "#2"},
				"west": {"uv": [0, 0, 16, 16], "texture": "#2"}
			}
		},
		{
			"from": [8.5, 10.5, 1],
			"to": [9.5, 11.5, 2],
			"rotation": {"angle": 0, "axis": "y", "origin": [12.5, 4.5, 0]},
			"faces": {
				"north": {"uv": [0, 0, 16, 16], "rotation": 270, "texture": "#0"},
				"east": {"uv": [0, 0, 16, 16], "rotation": 180, "texture": "#0"},
				"south": {"uv": [0, 0, 16, 16], "rotation": 90, "texture": "#0"},
				"up": {"uv": [0, 0, 16, 16], "rotation": 90, "texture": "#0"},
				"down": {"uv": [0, 0, 16, 16], "rotation": 90, "texture": "#0"}
			}
		},
		{
			"from": [7.5, 10.5, 1],
			"to": [8.5, 11.5, 2],
			"rotation": {"angle": 0, "axis": "y", "origin": [12.5, 4.5, 0]},
			"faces": {
				"north": {"uv": [0, 0, 16, 16], "rotation": 270, "texture": "#0"},
				"south": {"uv": [0, 0, 16, 16], "rotation": 90, "texture": "#0"},
				"up": {"uv": [0, 0, 16, 16], "rotation": 90, "texture": "#0"}
			}
		},
		{
			"from": [6.5, 10.5, 1],
			"to": [7.5, 11.5, 2],
			"rotation": {"angle": 0, "axis": "y", "origin": [12.5, 4.5, 0]},
			"faces": {
				"north": {"uv": [0, 0, 16, 16], "rotation": 270, "texture": "#0"},
				"south": {"uv": [0, 0, 16, 16], "rotation": 90, "texture": "#0"},
				"west": {"uv": [0, 0, 16, 16], "texture": "#0"},
				"up": {"uv": [0, 0, 16, 16], "rotation": 90, "texture": "#0"},
				"down": {"uv": [0, 0, 16, 16], "rotation": 90, "texture": "#0"}
			}
		},
		{
			"from": [8.5, 4.5, 0.8125],
			"to": [9.5, 5.5, 1],
			"rotation": {"angle": 0, "axis": "y", "origin": [12.5, 4.5, 0]},
			"faces": {
				"north": {"uv": [0, 0, 16, 16], "texture": "#3"},
				"east": {"uv": [13, 0, 16, 16], "texture": "#3"},
				"west": {"uv": [0, 0, 1, 1], "texture": "#3"},
				"up": {"uv": [0, 16, 16, 13], "texture": "#3"},
				"down": {"uv": [0, 13, 16, 16], "texture": "#3"}
			}
		},
		{
			"from": [7.5, 4.5, 0.8125],
			"to": [8.5, 5.5, 1],
			"rotation": {"angle": 0, "axis": "y", "origin": [12.5, 4.5, 0]},
			"faces": {
				"north": {"uv": [0, 0, 16, 16], "rotation": 270, "texture": "#3"},
				"east": {"uv": [0, 0, 16, 16], "texture": "#3"},
				"west": {"uv": [0, 0, 1, 1], "texture": "#3"},
				"up": {"uv": [0, 16, 16, 13], "texture": "#3"},
				"down": {"uv": [0, 13, 16, 16], "texture": "#3"}
			}
		},
		{
			"from": [6.5, 4.5, 0.8125],
			"to": [7.5, 5.5, 1],
			"rotation": {"angle": 0, "axis": "y", "origin": [12.5, 4.5, 0]},
			"faces": {
				"north": {"uv": [0, 0, 16, 16], "rotation": 270, "texture": "#3"},
				"east": {"uv": [16, 0, 13, 16], "texture": "#3"},
				"west": {"uv": [0, 0, 1, 1], "texture": "#3"},
				"up": {"uv": [0, 16, 16, 13], "texture": "#3"},
				"down": {"uv": [0, 13, 16, 16], "texture": "#3"}
			}
		},
		{
			"from": [10.5, 6.5, 2],
			"to": [11.5, 7.5, 2.1875],
			"shade": false,
			"rotation": {"angle": 0, "axis": "y", "origin": [8, 4.5, 1.5]},
			"faces": {
				"east": {"uv": [16, 0, 13, 16], "texture": "#3"},
				"south": {"uv": [0, 0, 16, 16], "texture": "#3"},
				"west": {"uv": [13, 0, 16, 16], "texture": "#3"},
				"up": {"uv": [0, 16, 16, 13], "rotation": 180, "texture": "#3"},
				"down": {"uv": [0, 13, 16, 16], "rotation": 180, "texture": "#3"}
			}
		},
		{
			"from": [10.5, 7.5, 2],
			"to": [11.5, 8.5, 2.1875],
			"shade": false,
			"rotation": {"angle": 0, "axis": "y", "origin": [8, 4.5, 1.5]},
			"faces": {
				"east": {"uv": [16, 0, 13, 16], "texture": "#3"},
				"south": {"uv": [0, 0, 16, 16], "texture": "#3"},
				"west": {"uv": [13, 0, 16, 16], "texture": "#3"},
				"up": {"uv": [0, 16, 16, 13], "rotation": 180, "texture": "#3"},
				"down": {"uv": [0, 13, 16, 16], "rotation": 180, "texture": "#3"}
			}
		},
		{
			"from": [10.5, 8.5, 2],
			"to": [11.5, 9.5, 2.1875],
			"shade": false,
			"rotation": {"angle": 0, "axis": "y", "origin": [8, 4.5, 1.5]},
			"faces": {
				"east": {"uv": [16, 0, 13, 16], "texture": "#3"},
				"south": {"uv": [0, 0, 16, 16], "texture": "#3"},
				"west": {"uv": [13, 0, 16, 16], "texture": "#3"},
				"up": {"uv": [0, 16, 16, 13], "rotation": 180, "texture": "#3"},
				"down": {"uv": [0, 13, 16, 16], "rotation": 180, "texture": "#3"}
			}
		},
		{
			"from": [8.5, 10.5, 2],
			"to": [9.5, 11.5, 2.1875],
			"shade": false,
			"rotation": {"angle": 0, "axis": "y", "origin": [8, 4.5, 1.5]},
			"faces": {
				"east": {"uv": [16, 0, 13, 16], "texture": "#3"},
				"south": {"uv": [0, 0, 16, 16], "texture": "#3"},
				"west": {"uv": [13, 0, 16, 16], "texture": "#3"},
				"up": {"uv": [0, 16, 16, 13], "rotation": 180, "texture": "#3"},
				"down": {"uv": [0, 13, 16, 16], "rotation": 180, "texture": "#3"}
			}
		},
		{
			"from": [7.5, 10.5, 2],
			"to": [8.5, 11.5, 2.1875],
			"shade": false,
			"rotation": {"angle": 0, "axis": "y", "origin": [8, 4.5, 1.5]},
			"faces": {
				"east": {"uv": [16, 0, 13, 16], "texture": "#3"},
				"south": {"uv": [0, 0, 16, 16], "texture": "#3"},
				"west": {"uv": [13, 0, 16, 16], "texture": "#3"},
				"up": {"uv": [0, 16, 16, 13], "rotation": 180, "texture": "#3"},
				"down": {"uv": [0, 13, 16, 16], "rotation": 180, "texture": "#3"}
			}
		},
		{
			"from": [6.5, 10.5, 2],
			"to": [7.5, 11.5, 2.1875],
			"shade": false,
			"rotation": {"angle": 0, "axis": "y", "origin": [8, 4.5, 1.5]},
			"faces": {
				"east": {"uv": [16, 0, 13, 16], "texture": "#3"},
				"south": {"uv": [0, 0, 16, 16], "texture": "#3"},
				"west": {"uv": [13, 0, 16, 16], "texture": "#3"},
				"up": {"uv": [0, 16, 16, 13], "rotation": 180, "texture": "#3"},
				"down": {"uv": [0, 13, 16, 16], "rotation": 180, "texture": "#3"}
			}
		},
		{
			"from": [4.5, 8.5, 2],
			"to": [5.5, 9.5, 2.1875],
			"shade": false,
			"rotation": {"angle": 0, "axis": "y", "origin": [8, 4.5, 1.5]},
			"faces": {
				"east": {"uv": [16, 0, 13, 16], "texture": "#3"},
				"south": {"uv": [0, 0, 16, 16], "texture": "#3"},
				"west": {"uv": [13, 0, 16, 16], "texture": "#3"},
				"up": {"uv": [0, 16, 16, 13], "rotation": 180, "texture": "#3"},
				"down": {"uv": [0, 13, 16, 16], "rotation": 180, "texture": "#3"}
			}
		},
		{
			"from": [4.5, 7.5, 2],
			"to": [5.5, 8.5, 2.1875],
			"shade": false,
			"rotation": {"angle": 0, "axis": "y", "origin": [8, 4.5, 1.5]},
			"faces": {
				"east": {"uv": [16, 0, 13, 16], "texture": "#3"},
				"south": {"uv": [0, 0, 16, 16], "texture": "#3"},
				"west": {"uv": [13, 0, 16, 16], "texture": "#3"},
				"up": {"uv": [0, 16, 16, 13], "rotation": 180, "texture": "#3"},
				"down": {"uv": [0, 13, 16, 16], "rotation": 180, "texture": "#3"}
			}
		},
		{
			"from": [4.5, 6.5, 2],
			"to": [5.5, 7.5, 2.1875],
			"shade": false,
			"rotation": {"angle": 0, "axis": "y", "origin": [8, 4.5, 1.5]},
			"faces": {
				"east": {"uv": [16, 0, 13, 16], "texture": "#3"},
				"south": {"uv": [0, 0, 16, 16], "texture": "#3"},
				"west": {"uv": [13, 0, 16, 16], "texture": "#3"},
				"up": {"uv": [0, 16, 16, 13], "rotation": 180, "texture": "#3"},
				"down": {"uv": [0, 13, 16, 16], "rotation": 180, "texture": "#3"}
			}
		},
		{
			"from": [6.5, 4.5, 2],
			"to": [7.5, 5.5, 2.1875],
			"shade": false,
			"rotation": {"angle": 0, "axis": "y", "origin": [8, 4.5, 1.5]},
			"faces": {
				"east": {"uv": [16, 0, 13, 16], "texture": "#3"},
				"south": {"uv": [0, 0, 16, 16], "texture": "#3"},
				"west": {"uv": [13, 0, 16, 16], "texture": "#3"},
				"up": {"uv": [0, 16, 16, 13], "rotation": 180, "texture": "#3"},
				"down": {"uv": [0, 13, 16, 16], "rotation": 180, "texture": "#3"}
			}
		},
		{
			"from": [7.5, 4.5, 2],
			"to": [8.5, 5.5, 2.1875],
			"shade": false,
			"rotation": {"angle": 0, "axis": "y", "origin": [8, 4.5, 1.5]},
			"faces": {
				"east": {"uv": [16, 0, 13, 16], "texture": "#3"},
				"south": {"uv": [0, 0, 16, 16], "texture": "#3"},
				"west": {"uv": [13, 0, 16, 16], "texture": "#3"},
				"up": {"uv": [0, 16, 16, 13], "rotation": 180, "texture": "#3"},
				"down": {"uv": [0, 13, 16, 16], "rotation": 180, "texture": "#3"}
			}
		},
		{
			"from": [8.5, 4.5, 2],
			"to": [9.5, 5.5, 2.1875],
			"shade": false,
			"rotation": {"angle": 0, "axis": "y", "origin": [8, 4.5, 1.5]},
			"faces": {
				"east": {"uv": [16, 0, 13, 16], "texture": "#3"},
				"south": {"uv": [0, 0, 16, 16], "texture": "#3"},
				"west": {"uv": [13, 0, 16, 16], "texture": "#3"},
				"up": {"uv": [0, 16, 16, 13], "rotation": 180, "texture": "#3"},
				"down": {"uv": [0, 13, 16, 16], "rotation": 180, "texture": "#3"}
			}
		},
		{
			"from": [10.5, 6.5, 0.8125],
			"to": [11.5, 7.5, 1],
			"rotation": {"angle": 0, "axis": "y", "origin": [12.5, 4.5, 0]},
			"faces": {
				"north": {"uv": [0, 0, 16, 16], "rotation": 270, "texture": "#3"},
				"east": {"uv": [0, 0, 1, 1], "texture": "#3"},
				"west": {"uv": [0, 0, 1, 1], "texture": "#3"},
				"up": {"uv": [0, 16, 16, 13], "texture": "#3"},
				"down": {"uv": [0, 13, 16, 16], "texture": "#3"}
			}
		},
		{
			"from": [4.5, 6.5, 0.8125],
			"to": [5.5, 7.5, 1],
			"rotation": {"angle": 0, "axis": "y", "origin": [12.5, 4.5, 0]},
			"faces": {
				"north": {"uv": [0, 0, 16, 16], "rotation": 270, "texture": "#3"},
				"east": {"uv": [0, 0, 1, 1], "texture": "#3"},
				"west": {"uv": [0, 0, 1, 1], "texture": "#3"},
				"up": {"uv": [0, 16, 16, 13], "texture": "#3"},
				"down": {"uv": [0, 13, 16, 16], "texture": "#3"}
			}
		},
		{
			"from": [10.5, 7.5, 0.8125],
			"to": [11.5, 8.5, 1],
			"rotation": {"angle": 0, "axis": "y", "origin": [12.5, 4.5, 0]},
			"faces": {
				"north": {"uv": [0, 0, 16, 16], "rotation": 270, "texture": "#3"},
				"east": {"uv": [0, 0, 1, 1], "texture": "#3"},
				"west": {"uv": [0, 0, 1, 1], "texture": "#3"},
				"up": {"uv": [0, 16, 16, 13], "texture": "#3"},
				"down": {"uv": [0, 13, 16, 16], "texture": "#3"}
			}
		},
		{
			"from": [4.5, 7.5, 0.8125],
			"to": [5.5, 8.5, 1],
			"rotation": {"angle": 0, "axis": "y", "origin": [12.5, 4.5, 0]},
			"faces": {
				"north": {"uv": [0, 0, 16, 16], "rotation": 270, "texture": "#3"},
				"east": {"uv": [0, 0, 1, 1], "texture": "#3"},
				"west": {"uv": [0, 0, 1, 1], "texture": "#3"},
				"up": {"uv": [0, 16, 16, 13], "texture": "#3"},
				"down": {"uv": [0, 13, 16, 16], "texture": "#3"}
			}
		},
		{
			"from": [10.5, 8.5, 0.8125],
			"to": [11.5, 9.5, 1],
			"rotation": {"angle": 0, "axis": "y", "origin": [12.5, 4.5, 0]},
			"faces": {
				"north": {"uv": [0, 0, 16, 16], "rotation": 270, "texture": "#3"},
				"east": {"uv": [0, 0, 1, 1], "texture": "#3"},
				"west": {"uv": [0, 0, 1, 1], "texture": "#3"},
				"up": {"uv": [0, 16, 16, 13], "texture": "#3"},
				"down": {"uv": [0, 13, 16, 16], "texture": "#3"}
			}
		},
		{
			"from": [4.5, 8.5, 0.8125],
			"to": [5.5, 9.5, 1],
			"rotation": {"angle": 0, "axis": "y", "origin": [12.5, 4.5, 0]},
			"faces": {
				"north": {"uv": [0, 0, 16, 16], "rotation": 270, "texture": "#3"},
				"east": {"uv": [0, 0, 1, 1], "texture": "#3"},
				"west": {"uv": [0, 0, 1, 1], "texture": "#3"},
				"up": {"uv": [0, 16, 16, 13], "texture": "#3"},
				"down": {"uv": [0, 13, 16, 16], "texture": "#3"}
			}
		},
		{
			"from": [8.5, 10.5, 0.8125],
			"to": [9.5, 11.5, 1],
			"rotation": {"angle": 0, "axis": "y", "origin": [12.5, 4.5, 0]},
			"faces": {
				"north": {"uv": [0, 0, 16, 16], "rotation": 270, "texture": "#3"},
				"east": {"uv": [0, 0, 1, 1], "texture": "#3"},
				"west": {"uv": [0, 0, 1, 1], "texture": "#3"},
				"up": {"uv": [0, 16, 16, 13], "texture": "#3"},
				"down": {"uv": [0, 13, 16, 16], "texture": "#3"}
			}
		},
		{
			"from": [7.5, 10.5, 0.8125],
			"to": [8.5, 11.5, 1],
			"rotation": {"angle": 0, "axis": "y", "origin": [12.5, 4.5, 0]},
			"faces": {
				"north": {"uv": [0, 0, 16, 16], "rotation": 270, "texture": "#3"},
				"east": {"uv": [0, 0, 1, 1], "texture": "#3"},
				"west": {"uv": [0, 0, 1, 1], "texture": "#3"},
				"up": {"uv": [0, 16, 16, 13], "texture": "#3"},
				"down": {"uv": [0, 13, 16, 16], "texture": "#3"}
			}
		},
		{
			"from": [6.5, 10.5, 0.8125],
			"to": [7.5, 11.5, 1],
			"rotation": {"angle": 0, "axis": "y", "origin": [12.5, 4.5, 0]},
			"faces": {
				"north": {"uv": [0, 0, 16, 16], "rotation": 270, "texture": "#3"},
				"east": {"uv": [0, 0, 1, 1], "texture": "#3"},
				"west": {"uv": [0, 0, 1, 1], "texture": "#3"},
				"up": {"uv": [0, 16, 16, 13], "texture": "#3"},
				"down": {"uv": [0, 13, 16, 16], "texture": "#3"}
			}
		},
		{
			"from": [7.75, 11.5, 1.25],
			"to": [8.25, 12.5, 1.75],
			"rotation": {"angle": 0, "axis": "x", "origin": [8, 8, 0]},
			"faces": {
				"north": {"uv": [4, 0, 12, 16], "texture": "#4"},
				"east": {"uv": [4, 0, 12, 16], "texture": "#4"},
				"south": {"uv": [4, 0, 12, 16], "texture": "#4"},
				"west": {"uv": [4, 0, 12, 16], "texture": "#4"},
				"up": {"uv": [4, 4, 12, 12], "rotation": 90, "texture": "#4"}
			}
		},
		{
			"from": [7.8125, 11.5, 1.5],
			"to": [8.1875, 12.375, 2],
			"rotation": {"angle": 0, "axis": "x", "origin": [8, 8, 0]},
			"faces": {
				"east": {"uv": [0, 2, 8, 16], "texture": "#4"},
				"south": {"uv": [5, 2, 11, 16], "texture": "#4"},
				"west": {"uv": [8, 2, 16, 16], "texture": "#4"},
				"up": {"uv": [8, 5, 16, 11], "rotation": 90, "texture": "#4"}
			}
		},
		{
			"from": [7.8125, 11.5, 1],
			"to": [8.1875, 12.375, 1.5],
			"rotation": {"angle": 0, "axis": "x", "origin": [8, 8, 0]},
			"faces": {
				"north": {"uv": [5, 2, 11, 16], "texture": "#4"},
				"east": {"uv": [8, 2, 16, 16], "texture": "#4"},
				"west": {"uv": [0, 2, 8, 16], "texture": "#4"},
				"up": {"uv": [0, 5, 8, 11], "rotation": 90, "texture": "#4"}
			}
		},
		{
			"from": [7.75, 11.5, 1.25],
			"to": [8.25, 12.5, 1.75],
			"shade": false,
			"rotation": {"angle": 22.5, "axis": "z", "origin": [8, 8, 0]},
			"faces": {
				"north": {"uv": [4, 0, 12, 16], "texture": "#4"},
				"east": {"uv": [4, 0, 12, 16], "texture": "#4"},
				"south": {"uv": [4, 0, 12, 16], "texture": "#4"},
				"west": {"uv": [4, 0, 12, 16], "texture": "#4"},
				"up": {"uv": [4, 4, 12, 12], "rotation": 90, "texture": "#4"}
			}
		},
		{
			"from": [7.8125, 11.5, 1.5],
			"to": [8.1875, 12.375, 2],
			"shade": false,
			"rotation": {"angle": 22.5, "axis": "z", "origin": [8, 8, 0]},
			"faces": {
				"east": {"uv": [0, 2, 8, 16], "texture": "#4"},
				"south": {"uv": [5, 2, 11, 16], "texture": "#4"},
				"west": {"uv": [8, 2, 16, 16], "texture": "#4"},
				"up": {"uv": [8, 5, 16, 11], "rotation": 90, "texture": "#4"}
			}
		},
		{
			"from": [7.8125, 11.5, 1],
			"to": [8.1875, 12.375, 1.5],
			"shade": false,
			"rotation": {"angle": 22.5, "axis": "z", "origin": [8, 8, 0]},
			"faces": {
				"north": {"uv": [5, 2, 11, 16], "texture": "#4"},
				"east": {"uv": [8, 2, 16, 16], "texture": "#4"},
				"west": {"uv": [0, 2, 8, 16], "texture": "#4"},
				"up": {"uv": [0, 5, 8, 11], "rotation": 90, "texture": "#4"}
			}
		},
		{
			"from": [7.75, 11.5, 1.25],
			"to": [8.25, 12.5, 1.75],
			"shade": false,
			"rotation": {"angle": 45, "axis": "z", "origin": [8, 8, 0]},
			"faces": {
				"north": {"uv": [4, 0, 12, 16], "texture": "#4"},
				"east": {"uv": [4, 0, 12, 16], "texture": "#4"},
				"south": {"uv": [4, 0, 12, 16], "texture": "#4"},
				"west": {"uv": [4, 0, 12, 16], "texture": "#4"},
				"up": {"uv": [4, 4, 12, 12], "rotation": 90, "texture": "#4"}
			}
		},
		{
			"from": [7.8125, 11.5, 1.5],
			"to": [8.1875, 12.375, 2],
			"shade": false,
			"rotation": {"angle": 45, "axis": "z", "origin": [8, 8, 0]},
			"faces": {
				"east": {"uv": [0, 2, 8, 16], "texture": "#4"},
				"south": {"uv": [5, 2, 11, 16], "texture": "#4"},
				"west": {"uv": [8, 2, 16, 16], "texture": "#4"},
				"up": {"uv": [8, 5, 16, 11], "rotation": 90, "texture": "#4"}
			}
		},
		{
			"from": [7.8125, 11.5, 1],
			"to": [8.1875, 12.375, 1.5],
			"shade": false,
			"rotation": {"angle": 45, "axis": "z", "origin": [8, 8, 0]},
			"faces": {
				"north": {"uv": [5, 2, 11, 16], "texture": "#4"},
				"east": {"uv": [8, 2, 16, 16], "texture": "#4"},
				"west": {"uv": [0, 2, 8, 16], "texture": "#4"},
				"up": {"uv": [0, 5, 8, 11], "rotation": 90, "texture": "#4"}
			}
		},
		{
			"from": [3.5, 7.75, 1.25],
			"to": [4.5, 8.25, 1.75],
			"shade": false,
			"rotation": {"angle": -22.5, "axis": "z", "origin": [8, 8, 0]},
			"faces": {
				"north": {"uv": [4, 0, 12, 16], "rotation": 90, "texture": "#4"},
				"south": {"uv": [4, 0, 12, 16], "rotation": 270, "texture": "#4"},
				"west": {"uv": [4, 4, 12, 12], "texture": "#4"},
				"up": {"uv": [4, 0, 12, 16], "rotation": 270, "texture": "#4"},
				"down": {"uv": [4, 0, 12, 16], "rotation": 270, "texture": "#4"}
			}
		},
		{
			"from": [3.625, 7.8125, 1.5],
			"to": [4.5, 8.1875, 2],
			"shade": false,
			"rotation": {"angle": -22.5, "axis": "z", "origin": [8, 8, 0]},
			"faces": {
				"south": {"uv": [5, 2, 11, 16], "rotation": 270, "texture": "#4"},
				"west": {"uv": [8, 5, 16, 11], "texture": "#4"},
				"up": {"uv": [0, 2, 8, 16], "rotation": 270, "texture": "#4"},
				"down": {"uv": [8, 2, 16, 16], "rotation": 270, "texture": "#4"}
			}
		},
		{
			"from": [3.625, 7.8125, 1],
			"to": [4.5, 8.1875, 1.5],
			"shade": false,
			"rotation": {"angle": -22.5, "axis": "z", "origin": [8, 8, 0]},
			"faces": {
				"north": {"uv": [5, 2, 11, 16], "rotation": 90, "texture": "#4"},
				"west": {"uv": [0, 5, 8, 11], "texture": "#4"},
				"up": {"uv": [8, 2, 16, 16], "rotation": 270, "texture": "#4"},
				"down": {"uv": [0, 2, 8, 16], "rotation": 270, "texture": "#4"}
			}
		},
		{
			"from": [3.5, 7.75, 1.25],
			"to": [4.5, 8.25, 1.75],
			"shade": false,
			"rotation": {"angle": 0, "axis": "x", "origin": [8, 8, 0]},
			"faces": {
				"north": {"uv": [4, 0, 12, 16], "rotation": 90, "texture": "#4"},
				"south": {"uv": [4, 0, 12, 16], "rotation": 270, "texture": "#4"},
				"west": {"uv": [4, 4, 12, 12], "texture": "#4"},
				"up": {"uv": [4, 0, 12, 16], "rotation": 270, "texture": "#4"},
				"down": {"uv": [4, 0, 12, 16], "rotation": 270, "texture": "#4"}
			}
		},
		{
			"from": [3.625, 7.8125, 1.5],
			"to": [4.5, 8.1875, 2],
			"shade": false,
			"rotation": {"angle": 0, "axis": "x", "origin": [8, 8, 0]},
			"faces": {
				"south": {"uv": [5, 2, 11, 16], "rotation": 270, "texture": "#4"},
				"west": {"uv": [8, 5, 16, 11], "texture": "#4"},
				"up": {"uv": [0, 2, 8, 16], "rotation": 270, "texture": "#4"},
				"down": {"uv": [8, 2, 16, 16], "rotation": 270, "texture": "#4"}
			}
		},
		{
			"from": [3.625, 7.8125, 1],
			"to": [4.5, 8.1875, 1.5],
			"shade": false,
			"rotation": {"angle": 0, "axis": "x", "origin": [8, 8, 0]},
			"faces": {
				"north": {"uv": [5, 2, 11, 16], "rotation": 90, "texture": "#4"},
				"west": {"uv": [0, 5, 8, 11], "texture": "#4"},
				"up": {"uv": [8, 2, 16, 16], "rotation": 270, "texture": "#4"},
				"down": {"uv": [0, 2, 8, 16], "rotation": 270, "texture": "#4"}
			}
		},
		{
			"from": [3.5, 7.75, 1.25],
			"to": [4.5, 8.25, 1.75],
			"shade": false,
			"rotation": {"angle": 22.5, "axis": "z", "origin": [8, 8, 0]},
			"faces": {
				"north": {"uv": [4, 0, 12, 16], "rotation": 90, "texture": "#4"},
				"south": {"uv": [4, 0, 12, 16], "rotation": 270, "texture": "#4"},
				"west": {"uv": [4, 4, 12, 12], "texture": "#4"},
				"up": {"uv": [4, 0, 12, 16], "rotation": 270, "texture": "#4"},
				"down": {"uv": [4, 0, 12, 16], "rotation": 270, "texture": "#4"}
			}
		},
		{
			"from": [3.625, 7.8125, 1.5],
			"to": [4.5, 8.1875, 2],
			"shade": false,
			"rotation": {"angle": 22.5, "axis": "z", "origin": [8, 8, 0]},
			"faces": {
				"south": {"uv": [5, 2, 11, 16], "rotation": 270, "texture": "#4"},
				"west": {"uv": [8, 5, 16, 11], "texture": "#4"},
				"up": {"uv": [0, 2, 8, 16], "rotation": 270, "texture": "#4"},
				"down": {"uv": [8, 2, 16, 16], "rotation": 270, "texture": "#4"}
			}
		},
		{
			"from": [3.625, 7.8125, 1],
			"to": [4.5, 8.1875, 1.5],
			"shade": false,
			"rotation": {"angle": 22.5, "axis": "z", "origin": [8, 8, 0]},
			"faces": {
				"north": {"uv": [5, 2, 11, 16], "rotation": 90, "texture": "#4"},
				"west": {"uv": [0, 5, 8, 11], "texture": "#4"},
				"up": {"uv": [8, 2, 16, 16], "rotation": 270, "texture": "#4"},
				"down": {"uv": [0, 2, 8, 16], "rotation": 270, "texture": "#4"}
			}
		},
		{
			"from": [7.75, 3.5, 1.25],
			"to": [8.25, 4.5, 1.75],
			"shade": false,
			"rotation": {"angle": -45, "axis": "z", "origin": [8, 8, 0]},
			"faces": {
				"north": {"uv": [4, 0, 12, 16], "rotation": 180, "texture": "#4"},
				"east": {"uv": [4, 0, 12, 16], "rotation": 180, "texture": "#4"},
				"south": {"uv": [4, 0, 12, 16], "rotation": 180, "texture": "#4"},
				"west": {"uv": [4, 0, 12, 16], "rotation": 180, "texture": "#4"},
				"down": {"uv": [4, 4, 12, 12], "rotation": 270, "texture": "#4"}
			}
		},
		{
			"from": [7.8125, 3.625, 1.5],
			"to": [8.1875, 4.5, 2],
			"shade": false,
			"rotation": {"angle": -45, "axis": "z", "origin": [8, 8, 0]},
			"faces": {
				"east": {"uv": [8, 2, 16, 16], "rotation": 180, "texture": "#4"},
				"south": {"uv": [5, 2, 11, 16], "rotation": 180, "texture": "#4"},
				"west": {"uv": [0, 2, 8, 16], "rotation": 180, "texture": "#4"},
				"down": {"uv": [8, 5, 16, 11], "rotation": 270, "texture": "#4"}
			}
		},
		{
			"from": [7.8125, 3.625, 1],
			"to": [8.1875, 4.5, 1.5],
			"shade": false,
			"rotation": {"angle": -45, "axis": "z", "origin": [8, 8, 0]},
			"faces": {
				"north": {"uv": [5, 2, 11, 16], "rotation": 180, "texture": "#4"},
				"east": {"uv": [0, 2, 8, 16], "rotation": 180, "texture": "#4"},
				"west": {"uv": [8, 2, 16, 16], "rotation": 180, "texture": "#4"},
				"down": {"uv": [0, 5, 8, 11], "rotation": 270, "texture": "#4"}
			}
		},
		{
			"from": [7.75, 3.5, 1.25],
			"to": [8.25, 4.5, 1.75],
			"shade": false,
			"rotation": {"angle": -22.5, "axis": "z", "origin": [8, 8, 0]},
			"faces": {
				"north": {"uv": [4, 0, 12, 16], "rotation": 180, "texture": "#4"},
				"east": {"uv": [4, 0, 12, 16], "rotation": 180, "texture": "#4"},
				"south": {"uv": [4, 0, 12, 16], "rotation": 180, "texture": "#4"},
				"west": {"uv": [4, 0, 12, 16], "rotation": 180, "texture": "#4"},
				"down": {"uv": [4, 4, 12, 12], "rotation": 270, "texture": "#4"}
			}
		},
		{
			"from": [7.8125, 3.625, 1.5],
			"to": [8.1875, 4.5, 2],
			"shade": false,
			"rotation": {"angle": -22.5, "axis": "z", "origin": [8, 8, 0]},
			"faces": {
				"east": {"uv": [8, 2, 16, 16], "rotation": 180, "texture": "#4"},
				"south": {"uv": [5, 2, 11, 16], "rotation": 180, "texture": "#4"},
				"west": {"uv": [0, 2, 8, 16], "rotation": 180, "texture": "#4"},
				"down": {"uv": [8, 5, 16, 11], "rotation": 270, "texture": "#4"}
			}
		},
		{
			"from": [7.8125, 3.625, 1],
			"to": [8.1875, 4.5, 1.5],
			"shade": false,
			"rotation": {"angle": -22.5, "axis": "z", "origin": [8, 8, 0]},
			"faces": {
				"north": {"uv": [5, 2, 11, 16], "rotation": 180, "texture": "#4"},
				"east": {"uv": [0, 2, 8, 16], "rotation": 180, "texture": "#4"},
				"west": {"uv": [8, 2, 16, 16], "rotation": 180, "texture": "#4"},
				"down": {"uv": [0, 5, 8, 11], "rotation": 270, "texture": "#4"}
			}
		},
		{
			"from": [7.75, 3.5, 1.25],
			"to": [8.25, 4.5, 1.75],
			"shade": false,
			"rotation": {"angle": 0, "axis": "x", "origin": [8, 8, 0]},
			"faces": {
				"north": {"uv": [4, 0, 12, 16], "rotation": 180, "texture": "#4"},
				"east": {"uv": [4, 0, 12, 16], "rotation": 180, "texture": "#4"},
				"south": {"uv": [4, 0, 12, 16], "rotation": 180, "texture": "#4"},
				"west": {"uv": [4, 0, 12, 16], "rotation": 180, "texture": "#4"},
				"down": {"uv": [4, 4, 12, 12], "rotation": 270, "texture": "#4"}
			}
		},
		{
			"from": [7.8125, 3.625, 1.5],
			"to": [8.1875, 4.5, 2],
			"shade": false,
			"rotation": {"angle": 0, "axis": "x", "origin": [8, 8, 0]},
			"faces": {
				"east": {"uv": [8, 2, 16, 16], "rotation": 180, "texture": "#4"},
				"south": {"uv": [5, 2, 11, 16], "rotation": 180, "texture": "#4"},
				"west": {"uv": [0, 2, 8, 16], "rotation": 180, "texture": "#4"},
				"down": {"uv": [8, 5, 16, 11], "rotation": 270, "texture": "#4"}
			}
		},
		{
			"from": [7.8125, 3.625, 1],
			"to": [8.1875, 4.5, 1.5],
			"shade": false,
			"rotation": {"angle": 0, "axis": "x", "origin": [8, 8, 0]},
			"faces": {
				"north": {"uv": [5, 2, 11, 16], "rotation": 180, "texture": "#4"},
				"east": {"uv": [0, 2, 8, 16], "rotation": 180, "texture": "#4"},
				"west": {"uv": [8, 2, 16, 16], "rotation": 180, "texture": "#4"},
				"down": {"uv": [0, 5, 8, 11], "rotation": 270, "texture": "#4"}
			}
		},
		{
			"from": [7.75, 3.5, 1.25],
			"to": [8.25, 4.5, 1.75],
			"shade": false,
			"rotation": {"angle": 22.5, "axis": "z", "origin": [8, 8, 0]},
			"faces": {
				"north": {"uv": [4, 0, 12, 16], "rotation": 180, "texture": "#4"},
				"east": {"uv": [4, 0, 12, 16], "rotation": 180, "texture": "#4"},
				"south": {"uv": [4, 0, 12, 16], "rotation": 180, "texture": "#4"},
				"west": {"uv": [4, 0, 12, 16], "rotation": 180, "texture": "#4"},
				"down": {"uv": [4, 4, 12, 12], "rotation": 270, "texture": "#4"}
			}
		},
		{
			"from": [7.8125, 3.625, 1.5],
			"to": [8.1875, 4.5, 2],
			"shade": false,
			"rotation": {"angle": 22.5, "axis": "z", "origin": [8, 8, 0]},
			"faces": {
				"east": {"uv": [8, 2, 16, 16], "rotation": 180, "texture": "#4"},
				"south": {"uv": [5, 2, 11, 16], "rotation": 180, "texture": "#4"},
				"west": {"uv": [0, 2, 8, 16], "rotation": 180, "texture": "#4"},
				"down": {"uv": [8, 5, 16, 11], "rotation": 270, "texture": "#4"}
			}
		},
		{
			"from": [7.8125, 3.625, 1],
			"to": [8.1875, 4.5, 1.5],
			"shade": false,
			"rotation": {"angle": 22.5, "axis": "z", "origin": [8, 8, 0]},
			"faces": {
				"north": {"uv": [5, 2, 11, 16], "rotation": 180, "texture": "#4"},
				"east": {"uv": [0, 2, 8, 16], "rotation": 180, "texture": "#4"},
				"west": {"uv": [8, 2, 16, 16], "rotation": 180, "texture": "#4"},
				"down": {"uv": [0, 5, 8, 11], "rotation": 270, "texture": "#4"}
			}
		},
		{
			"from": [11.5, 7.75, 1.25],
			"to": [12.5, 8.25, 1.75],
			"shade": false,
			"rotation": {"angle": -45, "axis": "z", "origin": [8, 8, 0]},
			"faces": {
				"north": {"uv": [4, 0, 12, 16], "rotation": 270, "texture": "#4"},
				"east": {"uv": [4, 4, 12, 12], "rotation": 180, "texture": "#4"},
				"south": {"uv": [4, 0, 12, 16], "rotation": 90, "texture": "#4"},
				"up": {"uv": [4, 0, 12, 16], "rotation": 90, "texture": "#4"},
				"down": {"uv": [4, 0, 12, 16], "rotation": 90, "texture": "#4"}
			}
		},
		{
			"from": [11.5, 7.8125, 1.5],
			"to": [12.375, 8.1875, 2],
			"shade": false,
			"rotation": {"angle": -45, "axis": "z", "origin": [8, 8, 0]},
			"faces": {
				"east": {"uv": [8, 5, 16, 11], "rotation": 180, "texture": "#4"},
				"south": {"uv": [5, 2, 11, 16], "rotation": 90, "texture": "#4"},
				"up": {"uv": [8, 2, 16, 16], "rotation": 90, "texture": "#4"},
				"down": {"uv": [0, 2, 8, 16], "rotation": 90, "texture": "#4"}
			}
		},
		{
			"from": [11.5, 7.8125, 1],
			"to": [12.375, 8.1875, 1.5],
			"shade": false,
			"rotation": {"angle": -45, "axis": "z", "origin": [8, 8, 0]},
			"faces": {
				"north": {"uv": [5, 2, 11, 16], "rotation": 270, "texture": "#4"},
				"east": {"uv": [0, 5, 8, 11], "rotation": 180, "texture": "#4"},
				"up": {"uv": [0, 2, 8, 16], "rotation": 90, "texture": "#4"},
				"down": {"uv": [8, 2, 16, 16], "rotation": 90, "texture": "#4"}
			}
		},
		{
			"from": [11.5, 7.75, 1.25],
			"to": [12.5, 8.25, 1.75],
			"shade": false,
			"rotation": {"angle": -22.5, "axis": "z", "origin": [8, 8, 0]},
			"faces": {
				"north": {"uv": [4, 0, 12, 16], "rotation": 270, "texture": "#4"},
				"east": {"uv": [4, 4, 12, 12], "rotation": 180, "texture": "#4"},
				"south": {"uv": [4, 0, 12, 16], "rotation": 90, "texture": "#4"},
				"up": {"uv": [4, 0, 12, 16], "rotation": 90, "texture": "#4"},
				"down": {"uv": [4, 0, 12, 16], "rotation": 90, "texture": "#4"}
			}
		},
		{
			"from": [11.5, 7.8125, 1.5],
			"to": [12.375, 8.1875, 2],
			"shade": false,
			"rotation": {"angle": -22.5, "axis": "z", "origin": [8, 8, 0]},
			"faces": {
				"east": {"uv": [8, 5, 16, 11], "rotation": 180, "texture": "#4"},
				"south": {"uv": [5, 2, 11, 16], "rotation": 90, "texture": "#4"},
				"up": {"uv": [8, 2, 16, 16], "rotation": 90, "texture": "#4"},
				"down": {"uv": [0, 2, 8, 16], "rotation": 90, "texture": "#4"}
			}
		},
		{
			"from": [11.5, 7.8125, 1],
			"to": [12.375, 8.1875, 1.5],
			"shade": false,
			"rotation": {"angle": -22.5, "axis": "z", "origin": [8, 8, 0]},
			"faces": {
				"north": {"uv": [5, 2, 11, 16], "rotation": 270, "texture": "#4"},
				"east": {"uv": [0, 5, 8, 11], "rotation": 180, "texture": "#4"},
				"up": {"uv": [0, 2, 8, 16], "rotation": 90, "texture": "#4"},
				"down": {"uv": [8, 2, 16, 16], "rotation": 90, "texture": "#4"}
			}
		},
		{
			"from": [11.5, 7.75, 1.25],
			"to": [12.5, 8.25, 1.75],
			"shade": false,
			"rotation": {"angle": 0, "axis": "x", "origin": [8, 8, 0]},
			"faces": {
				"north": {"uv": [4, 0, 12, 16], "rotation": 270, "texture": "#4"},
				"east": {"uv": [4, 4, 12, 12], "rotation": 180, "texture": "#4"},
				"south": {"uv": [4, 0, 12, 16], "rotation": 90, "texture": "#4"},
				"up": {"uv": [4, 0, 12, 16], "rotation": 90, "texture": "#4"},
				"down": {"uv": [4, 0, 12, 16], "rotation": 90, "texture": "#4"}
			}
		},
		{
			"from": [11.5, 7.8125, 1.5],
			"to": [12.375, 8.1875, 2],
			"shade": false,
			"rotation": {"angle": 0, "axis": "x", "origin": [8, 8, 0]},
			"faces": {
				"east": {"uv": [8, 5, 16, 11], "rotation": 180, "texture": "#4"},
				"south": {"uv": [5, 2, 11, 16], "rotation": 90, "texture": "#4"},
				"up": {"uv": [8, 2, 16, 16], "rotation": 90, "texture": "#4"},
				"down": {"uv": [0, 2, 8, 16], "rotation": 90, "texture": "#4"}
			}
		},
		{
			"from": [11.5, 7.8125, 1],
			"to": [12.375, 8.1875, 1.5],
			"shade": false,
			"rotation": {"angle": 0, "axis": "x", "origin": [8, 8, 0]},
			"faces": {
				"north": {"uv": [5, 2, 11, 16], "rotation": 270, "texture": "#4"},
				"east": {"uv": [0, 5, 8, 11], "rotation": 180, "texture": "#4"},
				"up": {"uv": [0, 2, 8, 16], "rotation": 90, "texture": "#4"},
				"down": {"uv": [8, 2, 16, 16], "rotation": 90, "texture": "#4"}
			}
		},
		{
			"from": [11.5, 7.75, 1.25],
			"to": [12.5, 8.25, 1.75],
			"shade": false,
			"rotation": {"angle": 22.5, "axis": "z", "origin": [8, 8, 0]},
			"faces": {
				"north": {"uv": [4, 0, 12, 16], "rotation": 270, "texture": "#4"},
				"east": {"uv": [4, 4, 12, 12], "rotation": 180, "texture": "#4"},
				"south": {"uv": [4, 0, 12, 16], "rotation": 90, "texture": "#4"},
				"up": {"uv": [4, 0, 12, 16], "rotation": 90, "texture": "#4"},
				"down": {"uv": [4, 0, 12, 16], "rotation": 90, "texture": "#4"}
			}
		},
		{
			"from": [11.5, 7.8125, 1.5],
			"to": [12.375, 8.1875, 2],
			"shade": false,
			"rotation": {"angle": 22.5, "axis": "z", "origin": [8, 8, 0]},
			"faces": {
				"east": {"uv": [8, 5, 16, 11], "rotation": 180, "texture": "#4"},
				"south": {"uv": [5, 2, 11, 16], "rotation": 90, "texture": "#4"},
				"up": {"uv": [8, 2, 16, 16], "rotation": 90, "texture": "#4"},
				"down": {"uv": [0, 2, 8, 16], "rotation": 90, "texture": "#4"}
			}
		},
		{
			"from": [11.5, 7.8125, 1],
			"to": [12.375, 8.1875, 1.5],
			"shade": false,
			"rotation": {"angle": 22.5, "axis": "z", "origin": [8, 8, 0]},
			"faces": {
				"north": {"uv": [5, 2, 11, 16], "rotation": 270, "texture": "#4"},
				"east": {"uv": [0, 5, 8, 11], "rotation": 180, "texture": "#4"},
				"up": {"uv": [0, 2, 8, 16], "rotation": 90, "texture": "#4"},
				"down": {"uv": [8, 2, 16, 16], "rotation": 90, "texture": "#4"}
			}
		},
		{
			"from": [11.5, 7.75, 1.25],
			"to": [12.5, 8.25, 1.75],
			"shade": false,
			"rotation": {"angle": 45, "axis": "z", "origin": [8, 8, 0]},
			"faces": {
				"north": {"uv": [4, 0, 12, 16], "rotation": 270, "texture": "#4"},
				"east": {"uv": [4, 4, 12, 12], "rotation": 180, "texture": "#4"},
				"south": {"uv": [4, 0, 12, 16], "rotation": 90, "texture": "#4"},
				"up": {"uv": [4, 0, 12, 16], "rotation": 90, "texture": "#4"},
				"down": {"uv": [4, 0, 12, 16], "rotation": 90, "texture": "#4"}
			}
		},
		{
			"from": [11.5, 7.8125, 1.5],
			"to": [12.375, 8.1875, 2],
			"shade": false,
			"rotation": {"angle": 45, "axis": "z", "origin": [8, 8, 0]},
			"faces": {
				"east": {"uv": [8, 5, 16, 11], "rotation": 180, "texture": "#4"},
				"south": {"uv": [5, 2, 11, 16], "rotation": 90, "texture": "#4"},
				"up": {"uv": [8, 2, 16, 16], "rotation": 90, "texture": "#4"},
				"down": {"uv": [0, 2, 8, 16], "rotation": 90, "texture": "#4"}
			}
		},
		{
			"from": [11.5, 7.8125, 1],
			"to": [12.375, 8.1875, 1.5],
			"shade": false,
			"rotation": {"angle": 45, "axis": "z", "origin": [8, 8, 0]},
			"faces": {
				"north": {"uv": [5, 2, 11, 16], "rotation": 270, "texture": "#4"},
				"east": {"uv": [0, 5, 8, 11], "rotation": 180, "texture": "#4"},
				"up": {"uv": [0, 2, 8, 16], "rotation": 90, "texture": "#4"},
				"down": {"uv": [8, 2, 16, 16], "rotation": 90, "texture": "#4"}
			}
		},
		{
			"from": [7.75, 11.5, 1.25],
			"to": [8.25, 12.5, 1.75],
			"shade": false,
			"rotation": {"angle": -22.5, "axis": "z", "origin": [8, 8, 0]},
			"faces": {
				"north": {"uv": [4, 0, 12, 16], "texture": "#4"},
				"east": {"uv": [4, 0, 12, 16], "texture": "#4"},
				"south": {"uv": [4, 0, 12, 16], "texture": "#4"},
				"west": {"uv": [4, 0, 12, 16], "texture": "#4"},
				"up": {"uv": [4, 4, 12, 12], "rotation": 90, "texture": "#4"}
			}
		},
		{
			"from": [7.8125, 11.5, 1.5],
			"to": [8.1875, 12.375, 2],
			"shade": false,
			"rotation": {"angle": -22.5, "axis": "z", "origin": [8, 8, 0]},
			"faces": {
				"east": {"uv": [0, 2, 8, 16], "texture": "#4"},
				"south": {"uv": [5, 2, 11, 16], "texture": "#4"},
				"west": {"uv": [8, 2, 16, 16], "texture": "#4"},
				"up": {"uv": [8, 5, 16, 11], "rotation": 90, "texture": "#4"}
			}
		},
		{
			"from": [7.8125, 11.5, 1],
			"to": [8.1875, 12.375, 1.5],
			"shade": false,
			"rotation": {"angle": -22.5, "axis": "z", "origin": [8, 8, 0]},
			"faces": {
				"north": {"uv": [5, 2, 11, 16], "texture": "#4"},
				"east": {"uv": [8, 2, 16, 16], "texture": "#4"},
				"west": {"uv": [0, 2, 8, 16], "texture": "#4"},
				"up": {"uv": [0, 5, 8, 11], "rotation": 90, "texture": "#4"}
			}
		},
		{
			"from": [7.5, 10.5, 2],
			"to": [8.5, 11.5, 2.125],
			"shade": false,
			"rotation": {"angle": 45, "axis": "z", "origin": [8, 8, 0]},
			"faces": {
				"east": {"uv": [16, 0, 13, 16], "texture": "#3"},
				"south": {"uv": [0, 0, 16, 16], "texture": "#3"},
				"west": {"uv": [13, 0, 16, 16], "texture": "#3"},
				"up": {"uv": [0, 16, 16, 13], "rotation": 180, "texture": "#3"},
				"down": {"uv": [0, 13, 16, 16], "rotation": 180, "texture": "#3"}
			}
		},
		{
			"from": [6.5, 10.5, 2],
			"to": [7.5, 11.5, 2.125],
			"shade": false,
			"rotation": {"angle": 45, "axis": "z", "origin": [8, 8, 0]},
			"faces": {
				"east": {"uv": [16, 0, 13, 16], "texture": "#3"},
				"south": {"uv": [0, 0, 16, 16], "texture": "#3"},
				"west": {"uv": [13, 0, 16, 16], "texture": "#3"},
				"up": {"uv": [0, 16, 16, 13], "rotation": 180, "texture": "#3"},
				"down": {"uv": [0, 13, 16, 16], "rotation": 180, "texture": "#3"}
			}
		},
		{
			"from": [7.5, 10.5, 0.875],
			"to": [8.5, 11.5, 1],
			"shade": false,
			"rotation": {"angle": 45, "axis": "z", "origin": [8, 8, 0]},
			"faces": {
				"north": {"uv": [0, 0, 16, 16], "texture": "#3"},
				"east": {"uv": [13, 0, 16, 16], "texture": "#3"},
				"west": {"uv": [16, 0, 13, 16], "texture": "#3"},
				"up": {"uv": [0, 16, 16, 13], "texture": "#3"},
				"down": {"uv": [0, 13, 16, 16], "texture": "#3"}
			}
		},
		{
			"from": [8.5, 10.5, 0.875],
			"to": [9.5, 11.5, 1],
			"shade": false,
			"rotation": {"angle": 45, "axis": "z", "origin": [8, 8, 0]},
			"faces": {
				"north": {"uv": [0, 0, 16, 16], "texture": "#3"},
				"east": {"uv": [13, 0, 16, 16], "texture": "#3"},
				"west": {"uv": [16, 0, 13, 16], "texture": "#3"},
				"up": {"uv": [0, 16, 16, 13], "texture": "#3"},
				"down": {"uv": [0, 13, 16, 16], "texture": "#3"}
			}
		},
		{
			"from": [8.5, 10.5, 1],
			"to": [9.5, 11.5, 2],
			"shade": false,
			"rotation": {"angle": 45, "axis": "z", "origin": [8, 8, 0]},
			"faces": {
				"north": {"uv": [0, 0, 16, 16], "rotation": 270, "texture": "#0"},
				"east": {"uv": [0, 0, 16, 16], "rotation": 180, "texture": "#0"},
				"south": {"uv": [0, 0, 16, 16], "rotation": 90, "texture": "#0"},
				"up": {"uv": [0, 0, 16, 16], "rotation": 90, "texture": "#0"},
				"down": {"uv": [0, 0, 16, 16], "rotation": 90, "texture": "#0"}
			}
		},
		{
			"from": [8.5, 10.5, 2],
			"to": [9.5, 11.5, 2.125],
			"shade": false,
			"rotation": {"angle": 45, "axis": "z", "origin": [8, 8, 0]},
			"faces": {
				"east": {"uv": [16, 0, 13, 16], "texture": "#3"},
				"south": {"uv": [0, 0, 16, 16], "texture": "#3"},
				"west": {"uv": [13, 0, 16, 16], "texture": "#3"},
				"up": {"uv": [0, 16, 16, 13], "rotation": 180, "texture": "#3"},
				"down": {"uv": [0, 13, 16, 16], "rotation": 180, "texture": "#3"}
			}
		},
		{
			"from": [7.5, 10.5, 1],
			"to": [8.5, 11.5, 2],
			"shade": false,
			"rotation": {"angle": 45, "axis": "z", "origin": [8, 8, 0]},
			"faces": {
				"north": {"uv": [0, 0, 16, 16], "rotation": 270, "texture": "#0"},
				"south": {"uv": [0, 0, 16, 16], "rotation": 90, "texture": "#0"},
				"up": {"uv": [0, 0, 16, 16], "rotation": 90, "texture": "#0"},
				"down": {"uv": [0, 0, 16, 16], "rotation": 270, "texture": "#0"}
			}
		},
		{
			"from": [6.5, 10.5, 0.875],
			"to": [7.5, 11.5, 1],
			"shade": false,
			"rotation": {"angle": 45, "axis": "z", "origin": [8, 8, 0]},
			"faces": {
				"north": {"uv": [0, 0, 16, 16], "texture": "#3"},
				"east": {"uv": [13, 0, 16, 16], "texture": "#3"},
				"west": {"uv": [16, 0, 13, 16], "texture": "#3"},
				"up": {"uv": [0, 16, 16, 13], "texture": "#3"},
				"down": {"uv": [0, 13, 16, 16], "texture": "#3"}
			}
		},
		{
			"from": [6.5, 10.5, 1],
			"to": [7.5, 11.5, 2],
			"shade": false,
			"rotation": {"angle": 45, "axis": "z", "origin": [8, 8, 0]},
			"faces": {
				"north": {"uv": [0, 0, 16, 16], "rotation": 270, "texture": "#0"},
				"south": {"uv": [0, 0, 16, 16], "rotation": 90, "texture": "#0"},
				"west": {"uv": [0, 0, 16, 16], "texture": "#0"},
				"up": {"uv": [0, 0, 16, 16], "rotation": 90, "texture": "#0"},
				"down": {"uv": [0, 0, 16, 16], "rotation": 90, "texture": "#0"}
			}
		},
		{
			"from": [7.5, 4.5, 2],
			"to": [8.5, 5.5, 2.125],
			"shade": false,
			"rotation": {"angle": -45, "axis": "z", "origin": [8, 8, 0]},
			"faces": {
				"east": {"uv": [13, 0, 16, 16], "rotation": 180, "texture": "#3"},
				"south": {"uv": [0, 0, 16, 16], "rotation": 180, "texture": "#3"},
				"west": {"uv": [16, 0, 13, 16], "rotation": 180, "texture": "#3"},
				"up": {"uv": [0, 13, 16, 16], "texture": "#3"},
				"down": {"uv": [0, 16, 16, 13], "texture": "#3"}
			}
		},
		{
			"from": [8.5, 4.5, 2],
			"to": [9.5, 5.5, 2.125],
			"shade": false,
			"rotation": {"angle": -45, "axis": "z", "origin": [8, 8, 0]},
			"faces": {
				"east": {"uv": [13, 0, 16, 16], "rotation": 180, "texture": "#3"},
				"south": {"uv": [0, 0, 16, 16], "rotation": 180, "texture": "#3"},
				"west": {"uv": [16, 0, 13, 16], "rotation": 180, "texture": "#3"},
				"up": {"uv": [0, 13, 16, 16], "texture": "#3"},
				"down": {"uv": [0, 16, 16, 13], "texture": "#3"}
			}
		},
		{
			"from": [7.5, 4.5, 0.875],
			"to": [8.5, 5.5, 1],
			"shade": false,
			"rotation": {"angle": -45, "axis": "z", "origin": [8, 8, 0]},
			"faces": {
				"north": {"uv": [0, 0, 16, 16], "rotation": 180, "texture": "#3"},
				"east": {"uv": [16, 0, 13, 16], "rotation": 180, "texture": "#3"},
				"west": {"uv": [13, 0, 16, 16], "rotation": 180, "texture": "#3"},
				"up": {"uv": [0, 13, 16, 16], "rotation": 180, "texture": "#3"},
				"down": {"uv": [0, 16, 16, 13], "rotation": 180, "texture": "#3"}
			}
		},
		{
			"from": [6.5, 4.5, 0.875],
			"to": [7.5, 5.5, 1],
			"shade": false,
			"rotation": {"angle": -45, "axis": "z", "origin": [8, 8, 0]},
			"faces": {
				"north": {"uv": [0, 0, 16, 16], "rotation": 180, "texture": "#3"},
				"east": {"uv": [16, 0, 13, 16], "rotation": 180, "texture": "#3"},
				"west": {"uv": [13, 0, 16, 16], "rotation": 180, "texture": "#3"},
				"up": {"uv": [0, 13, 16, 16], "rotation": 180, "texture": "#3"},
				"down": {"uv": [0, 16, 16, 13], "rotation": 180, "texture": "#3"}
			}
		},
		{
			"from": [6.5, 4.5, 1],
			"to": [7.5, 5.5, 2],
			"shade": false,
			"rotation": {"angle": -45, "axis": "z", "origin": [8, 8, 0]},
			"faces": {
				"north": {"uv": [0, 0, 16, 16], "rotation": 90, "texture": "#0"},
				"south": {"uv": [0, 0, 16, 16], "rotation": 270, "texture": "#0"},
				"west": {"uv": [0, 0, 16, 16], "texture": "#0"},
				"up": {"uv": [0, 0, 16, 16], "rotation": 270, "texture": "#0"},
				"down": {"uv": [0, 0, 16, 16], "rotation": 270, "texture": "#0"}
			}
		},
		{
			"from": [6.5, 4.5, 2],
			"to": [7.5, 5.5, 2.125],
			"shade": false,
			"rotation": {"angle": -45, "axis": "z", "origin": [8, 8, 0]},
			"faces": {
				"east": {"uv": [13, 0, 16, 16], "rotation": 180, "texture": "#3"},
				"south": {"uv": [0, 0, 16, 16], "rotation": 180, "texture": "#3"},
				"west": {"uv": [16, 0, 13, 16], "rotation": 180, "texture": "#3"},
				"up": {"uv": [0, 13, 16, 16], "texture": "#3"},
				"down": {"uv": [0, 16, 16, 13], "texture": "#3"}
			}
		},
		{
			"from": [7.5, 4.5, 1],
			"to": [8.5, 5.5, 2],
			"shade": false,
			"rotation": {"angle": -45, "axis": "z", "origin": [8, 8, 0]},
			"faces": {
				"north": {"uv": [0, 0, 16, 16], "rotation": 90, "texture": "#0"},
				"south": {"uv": [0, 0, 16, 16], "rotation": 270, "texture": "#0"},
				"up": {"uv": [0, 0, 16, 16], "rotation": 90, "texture": "#0"},
				"down": {"uv": [0, 0, 16, 16], "rotation": 270, "texture": "#0"}
			}
		},
		{
			"from": [8.5, 4.5, 0.875],
			"to": [9.5, 5.5, 1],
			"shade": false,
			"rotation": {"angle": -45, "axis": "z", "origin": [8, 8, 0]},
			"faces": {
				"north": {"uv": [0, 0, 16, 16], "rotation": 180, "texture": "#3"},
				"east": {"uv": [16, 0, 13, 16], "rotation": 180, "texture": "#3"},
				"west": {"uv": [13, 0, 16, 16], "rotation": 180, "texture": "#3"},
				"up": {"uv": [0, 13, 16, 16], "rotation": 180, "texture": "#3"},
				"down": {"uv": [0, 16, 16, 13], "rotation": 180, "texture": "#3"}
			}
		},
		{
			"from": [8.5, 4.5, 1],
			"to": [9.5, 5.5, 2],
			"shade": false,
			"rotation": {"angle": -45, "axis": "z", "origin": [8, 8, 0]},
			"faces": {
				"north": {"uv": [0, 0, 16, 16], "rotation": 90, "texture": "#0"},
				"east": {"uv": [0, 0, 16, 16], "rotation": 180, "texture": "#0"},
				"south": {"uv": [0, 0, 16, 16], "rotation": 270, "texture": "#0"},
				"up": {"uv": [0, 0, 16, 16], "rotation": 270, "texture": "#0"},
				"down": {"uv": [0, 0, 16, 16], "rotation": 270, "texture": "#0"}
			}
		},
		{
			"from": [10.5, 7.5, 2],
			"to": [11.5, 8.5, 2.125],
			"shade": false,
			"rotation": {"angle": -45, "axis": "z", "origin": [8, 8, 0]},
			"faces": {
				"east": {"uv": [0, 16, 16, 13], "rotation": 270, "texture": "#3"},
				"south": {"uv": [0, 0, 16, 16], "rotation": 90, "texture": "#3"},
				"west": {"uv": [0, 13, 16, 16], "rotation": 270, "texture": "#3"},
				"up": {"uv": [13, 0, 16, 16], "rotation": 90, "texture": "#3"},
				"down": {"uv": [16, 0, 13, 16], "rotation": 90, "texture": "#3"}
			}
		},
		{
			"from": [10.5, 8.5, 2],
			"to": [11.5, 9.5, 2.125],
			"shade": false,
			"rotation": {"angle": -45, "axis": "z", "origin": [8, 8, 0]},
			"faces": {
				"east": {"uv": [0, 16, 16, 13], "rotation": 270, "texture": "#3"},
				"south": {"uv": [0, 0, 16, 16], "rotation": 90, "texture": "#3"},
				"west": {"uv": [0, 13, 16, 16], "rotation": 270, "texture": "#3"},
				"up": {"uv": [13, 0, 16, 16], "rotation": 90, "texture": "#3"},
				"down": {"uv": [16, 0, 13, 16], "rotation": 90, "texture": "#3"}
			}
		},
		{
			"from": [10.5, 7.5, 0.875],
			"to": [11.5, 8.5, 1],
			"shade": false,
			"rotation": {"angle": -45, "axis": "z", "origin": [8, 8, 0]},
			"faces": {
				"north": {"uv": [0, 0, 16, 16], "rotation": 270, "texture": "#3"},
				"east": {"uv": [0, 16, 16, 13], "rotation": 90, "texture": "#3"},
				"west": {"uv": [0, 13, 16, 16], "rotation": 90, "texture": "#3"},
				"up": {"uv": [16, 0, 13, 16], "rotation": 90, "texture": "#3"},
				"down": {"uv": [13, 0, 16, 16], "rotation": 90, "texture": "#3"}
			}
		},
		{
			"from": [10.5, 6.5, 0.875],
			"to": [11.5, 7.5, 1],
			"shade": false,
			"rotation": {"angle": -45, "axis": "z", "origin": [8, 8, 0]},
			"faces": {
				"north": {"uv": [0, 0, 16, 16], "rotation": 270, "texture": "#3"},
				"east": {"uv": [0, 16, 16, 13], "rotation": 90, "texture": "#3"},
				"west": {"uv": [0, 13, 16, 16], "rotation": 90, "texture": "#3"},
				"up": {"uv": [16, 0, 13, 16], "rotation": 90, "texture": "#3"},
				"down": {"uv": [13, 0, 16, 16], "rotation": 90, "texture": "#3"}
			}
		},
		{
			"from": [10.5, 6.5, 1],
			"to": [11.5, 7.5, 2],
			"shade": false,
			"rotation": {"angle": -45, "axis": "z", "origin": [8, 8, 0]},
			"faces": {
				"north": {"uv": [0, 0, 16, 16], "rotation": 180, "texture": "#0"},
				"east": {"uv": [0, 0, 16, 16], "rotation": 180, "texture": "#0"},
				"south": {"uv": [0, 0, 16, 16], "rotation": 180, "texture": "#0"},
				"west": {"uv": [0, 0, 16, 16], "rotation": 180, "texture": "#0"},
				"down": {"uv": [0, 0, 16, 16], "rotation": 270, "texture": "#0"}
			}
		},
		{
			"from": [10.5, 6.5, 2],
			"to": [11.5, 7.5, 2.125],
			"shade": false,
			"rotation": {"angle": -45, "axis": "z", "origin": [8, 8, 0]},
			"faces": {
				"east": {"uv": [0, 16, 16, 13], "rotation": 270, "texture": "#3"},
				"south": {"uv": [0, 0, 16, 16], "rotation": 90, "texture": "#3"},
				"west": {"uv": [0, 13, 16, 16], "rotation": 270, "texture": "#3"},
				"up": {"uv": [13, 0, 16, 16], "rotation": 90, "texture": "#3"},
				"down": {"uv": [16, 0, 13, 16], "rotation": 90, "texture": "#3"}
			}
		},
		{
			"from": [10.5, 7.5, 1],
			"to": [11.5, 8.5, 2],
			"shade": false,
			"rotation": {"angle": -45, "axis": "z", "origin": [8, 8, 0]},
			"faces": {
				"north": {"uv": [0, 0, 16, 16], "rotation": 180, "texture": "#0"},
				"east": {"uv": [0, 0, 16, 16], "rotation": 180, "texture": "#0"},
				"south": {"uv": [0, 0, 16, 16], "rotation": 180, "texture": "#0"},
				"west": {"uv": [0, 0, 16, 16], "texture": "#0"}
			}
		},
		{
			"from": [10.5, 8.5, 0.875],
			"to": [11.5, 9.5, 1],
			"shade": false,
			"rotation": {"angle": -45, "axis": "z", "origin": [8, 8, 0]},
			"faces": {
				"north": {"uv": [0, 0, 16, 16], "rotation": 270, "texture": "#3"},
				"east": {"uv": [0, 16, 16, 13], "rotation": 90, "texture": "#3"},
				"west": {"uv": [0, 13, 16, 16], "rotation": 90, "texture": "#3"},
				"up": {"uv": [16, 0, 13, 16], "rotation": 90, "texture": "#3"},
				"down": {"uv": [13, 0, 16, 16], "rotation": 90, "texture": "#3"}
			}
		},
		{
			"from": [10.5, 8.5, 1],
			"to": [11.5, 9.5, 2],
			"shade": false,
			"rotation": {"angle": -45, "axis": "z", "origin": [8, 8, 0]},
			"faces": {
				"north": {"uv": [0, 0, 16, 16], "rotation": 180, "texture": "#0"},
				"east": {"uv": [0, 0, 16, 16], "rotation": 180, "texture": "#0"},
				"south": {"uv": [0, 0, 16, 16], "rotation": 180, "texture": "#0"},
				"west": {"uv": [0, 0, 16, 16], "rotation": 180, "texture": "#0"},
				"up": {"uv": [0, 0, 16, 16], "rotation": 90, "texture": "#0"}
			}
		},
		{
			"from": [10.5, 7.5, 2],
			"to": [11.5, 8.5, 2.125],
			"shade": false,
			"rotation": {"angle": 45, "axis": "z", "origin": [8, 8, 0]},
			"faces": {
				"east": {"uv": [0, 16, 16, 13], "rotation": 270, "texture": "#3"},
				"south": {"uv": [0, 0, 16, 16], "rotation": 90, "texture": "#3"},
				"west": {"uv": [0, 13, 16, 16], "rotation": 270, "texture": "#3"},
				"up": {"uv": [13, 0, 16, 16], "rotation": 90, "texture": "#3"},
				"down": {"uv": [16, 0, 13, 16], "rotation": 90, "texture": "#3"}
			}
		},
		{
			"from": [10.5, 8.5, 2],
			"to": [11.5, 9.5, 2.125],
			"shade": false,
			"rotation": {"angle": 45, "axis": "z", "origin": [8, 8, 0]},
			"faces": {
				"east": {"uv": [0, 16, 16, 13], "rotation": 270, "texture": "#3"},
				"south": {"uv": [0, 0, 16, 16], "rotation": 90, "texture": "#3"},
				"west": {"uv": [0, 13, 16, 16], "rotation": 270, "texture": "#3"},
				"up": {"uv": [13, 0, 16, 16], "rotation": 90, "texture": "#3"},
				"down": {"uv": [16, 0, 13, 16], "rotation": 90, "texture": "#3"}
			}
		},
		{
			"from": [10.5, 7.5, 0.875],
			"to": [11.5, 8.5, 1],
			"shade": false,
			"rotation": {"angle": 45, "axis": "z", "origin": [8, 8, 0]},
			"faces": {
				"north": {"uv": [0, 0, 16, 16], "rotation": 270, "texture": "#3"},
				"east": {"uv": [0, 16, 16, 13], "rotation": 90, "texture": "#3"},
				"west": {"uv": [0, 13, 16, 16], "rotation": 90, "texture": "#3"},
				"up": {"uv": [16, 0, 13, 16], "rotation": 90, "texture": "#3"},
				"down": {"uv": [13, 0, 16, 16], "rotation": 90, "texture": "#3"}
			}
		},
		{
			"from": [10.5, 6.5, 0.875],
			"to": [11.5, 7.5, 1],
			"shade": false,
			"rotation": {"angle": 45, "axis": "z", "origin": [8, 8, 0]},
			"faces": {
				"north": {"uv": [0, 0, 16, 16], "rotation": 270, "texture": "#3"},
				"east": {"uv": [0, 16, 16, 13], "rotation": 90, "texture": "#3"},
				"west": {"uv": [0, 13, 16, 16], "rotation": 90, "texture": "#3"},
				"up": {"uv": [16, 0, 13, 16], "rotation": 90, "texture": "#3"},
				"down": {"uv": [13, 0, 16, 16], "rotation": 90, "texture": "#3"}
			}
		},
		{
			"from": [10.5, 6.5, 1],
			"to": [11.5, 7.5, 2],
			"shade": false,
			"rotation": {"angle": 45, "axis": "z", "origin": [8, 8, 0]},
			"faces": {
				"north": {"uv": [0, 0, 16, 16], "rotation": 180, "texture": "#0"},
				"east": {"uv": [0, 0, 16, 16], "rotation": 180, "texture": "#0"},
				"south": {"uv": [0, 0, 16, 16], "rotation": 180, "texture": "#0"},
				"west": {"uv": [0, 0, 16, 16], "rotation": 180, "texture": "#0"},
				"down": {"uv": [0, 0, 16, 16], "rotation": 270, "texture": "#0"}
			}
		},
		{
			"from": [10.5, 6.5, 2],
			"to": [11.5, 7.5, 2.125],
			"shade": false,
			"rotation": {"angle": 45, "axis": "z", "origin": [8, 8, 0]},
			"faces": {
				"east": {"uv": [0, 16, 16, 13], "rotation": 270, "texture": "#3"},
				"south": {"uv": [0, 0, 16, 16], "rotation": 90, "texture": "#3"},
				"west": {"uv": [0, 13, 16, 16], "rotation": 270, "texture": "#3"},
				"up": {"uv": [13, 0, 16, 16], "rotation": 90, "texture": "#3"},
				"down": {"uv": [16, 0, 13, 16], "rotation": 90, "texture": "#3"}
			}
		},
		{
			"from": [10.5, 7.5, 1],
			"to": [11.5, 8.5, 2],
			"shade": false,
			"rotation": {"angle": 45, "axis": "z", "origin": [8, 8, 0]},
			"faces": {
				"north": {"uv": [0, 0, 16, 16], "rotation": 180, "texture": "#0"},
				"east": {"uv": [0, 0, 16, 16], "rotation": 180, "texture": "#0"},
				"south": {"uv": [0, 0, 16, 16], "rotation": 180, "texture": "#0"},
				"west": {"uv": [0, 0, 16, 16], "texture": "#0"}
			}
		},
		{
			"from": [10.5, 8.5, 0.875],
			"to": [11.5, 9.5, 1],
			"shade": false,
			"rotation": {"angle": 45, "axis": "z", "origin": [8, 8, 0]},
			"faces": {
				"north": {"uv": [0, 0, 16, 16], "rotation": 270, "texture": "#3"},
				"east": {"uv": [0, 16, 16, 13], "rotation": 90, "texture": "#3"},
				"west": {"uv": [0, 13, 16, 16], "rotation": 90, "texture": "#3"},
				"up": {"uv": [16, 0, 13, 16], "rotation": 90, "texture": "#3"},
				"down": {"uv": [13, 0, 16, 16], "rotation": 90, "texture": "#3"}
			}
		},
		{
			"from": [10.5, 8.5, 1],
			"to": [11.5, 9.5, 2],
			"shade": false,
			"rotation": {"angle": 45, "axis": "z", "origin": [8, 8, 0]},
			"faces": {
				"north": {"uv": [0, 0, 16, 16], "rotation": 180, "texture": "#0"},
				"east": {"uv": [0, 0, 16, 16], "rotation": 180, "texture": "#0"},
				"south": {"uv": [0, 0, 16, 16], "rotation": 180, "texture": "#0"},
				"west": {"uv": [0, 0, 16, 16], "rotation": 180, "texture": "#0"},
				"up": {"uv": [0, 0, 16, 16], "rotation": 90, "texture": "#0"}
			}
		}
	],
	"display": {
		"thirdperson_righthand": {
			"translation": [0, -2, 6]
		},
		"thirdperson_lefthand": {
			"translation": [0, -2, 6]
		},
		"firstperson_righthand": {
			"translation": [0, 0, 6.5]
		},
		"firstperson_lefthand": {
			"translation": [0, 0, 6.5]
		},
		"ground": {
			"translation": [0, 0, 6]
		},
		"gui": {
			"rotation": [30, 225, 0],
			"translation": [-8.5, 4.5, 0],
			"scale": [2, 2, 2]
		},
		"fixed": {
			"translation": [0, 0, 7]
		}
	},
	"groups": [
		{
			"name": "structure",
			"origin": [8, 8, 8],
			"color": 0,
			"nbt": "{}",
			"children": [
				0,
				1,
				2,
				3,
				4,
				5,
				6,
				7,
				8,
				9,
				10,
				11,
				12,
				13,
				14,
				15,
				16,
				17,
				18,
				19,
				20,
				21,
				22,
				23,
				24,
				25,
				26,
				27,
				28,
				29,
				30,
				31,
				32,
				33,
				34,
				35,
				36,
				37,
				38,
				39,
				40,
				41,
				42,
				43,
				44,
				45,
				46
			]
		},
		{
			"name": "group",
			"origin": [0, 0, 0],
			"color": 0,
			"nbt": "{}",
			"children": [47, 48, 49]
		},
		{
			"name": "group",
			"origin": [0, 0, 0],
			"color": 0,
			"nbt": "{}",
			"children": [50, 51, 52]
		},
		{
			"name": "group",
			"origin": [0, 0, 0],
			"color": 0,
			"nbt": "{}",
			"children": [53, 54, 55]
		},
		{
			"name": "group",
			"origin": [0, 0, 0],
			"color": 0,
			"nbt": "{}",
			"children": [56, 57, 58]
		},
		{
			"name": "group",
			"origin": [0, 0, 0],
			"color": 0,
			"nbt": "{}",
			"children": [59, 60, 61]
		},
		{
			"name": "group",
			"origin": [0, 0, 0],
			"color": 0,
			"nbt": "{}",
			"children": [62, 63, 64]
		},
		{
			"name": "group",
			"origin": [0, 0, 0],
			"color": 0,
			"nbt": "{}",
			"children": [65, 66, 67]
		},
		{
			"name": "group",
			"origin": [0, 0, 0],
			"color": 0,
			"nbt": "{}",
			"children": [68, 69, 70]
		},
		{
			"name": "group",
			"origin": [0, 0, 0],
			"color": 0,
			"nbt": "{}",
			"children": [71, 72, 73]
		},
		{
			"name": "group",
			"origin": [0, 0, 0],
			"color": 0,
			"nbt": "{}",
			"children": [74, 75, 76]
		},
		{
			"name": "group",
			"origin": [0, 0, 0],
			"color": 0,
			"nbt": "{}",
			"children": [77, 78, 79]
		},
		{
			"name": "group",
			"origin": [0, 0, 0],
			"color": 0,
			"nbt": "{}",
			"children": [80, 81, 82]
		},
		{
			"name": "group",
			"origin": [0, 0, 0],
			"color": 0,
			"nbt": "{}",
			"children": [83, 84, 85]
		},
		{
			"name": "group",
			"origin": [0, 0, 0],
			"color": 0,
			"nbt": "{}",
			"children": [86, 87, 88]
		},
		{
			"name": "group",
			"origin": [0, 0, 0],
			"color": 0,
			"nbt": "{}",
			"children": [89, 90, 91]
		},
		{
			"name": "group",
			"origin": [0, 0, 0],
			"color": 0,
			"nbt": "{}",
			"children": [92, 93, 94]
		},
		{
			"name": "group",
			"origin": [0, 3.5, 4.5],
			"color": 0,
			"nbt": "{}",
			"children": [95, 96, 97, 98, 99, 100, 101, 102, 103]
		},
		{
			"name": "group",
			"origin": [0, 3.5, 4.5],
			"color": 0,
			"nbt": "{}",
			"children": [104, 105, 106, 107, 108, 109, 110, 111, 112]
		},
		{
			"name": "group",
			"origin": [0, 3.5, 4.5],
			"color": 0,
			"nbt": "{}",
			"children": [113, 114, 115, 116, 117, 118, 119, 120, 121]
		},
		{
			"name": "group",
			"origin": [0, 3.5, 4.5],
			"color": 0,
			"nbt": "{}",
			"children": [122, 123, 124, 125, 126, 127, 128, 129, 130]
		}
	]
}