{
  "parent": "minecraft:block/cube",
  "textures": {
    "particle": "#pattern"
  },
  "elements": [
    {
      "from": [
        1,
        1,
        1
      ],
      "to": [
        15,
        15,
        15
      ],
      "faces": {
        "down": {
          "texture": "#pattern",
          "uv": [
            0,
            0,
            16,
            16
          ],
          "cullface": "down"
        },
        "up": {
          "texture": "#pattern",
          "uv": [
            0,
            0,
            16,
            16
          ],
          "cullface": "up"
        },
        "north": {
          "texture": "#pattern",
          "uv": [
            0,
            0,
            16,
            16
          ],
          "cullface": "north",
          "rotation": 90
        },
        "south": {
          "texture": "#pattern",
          "uv": [
            0,
            0,
            16,
            16
          ],
          "cullface": "south",
          "rotation": 270
        },
        "west": {
          "texture": "#pattern",
          "uv": [
            0,
            0,
            16,
            16
          ],
          "cullface": "west",
          "rotation": 0
        },
        "east": {
          "texture": "#pattern",
          "uv": [
            0,
            0,
            16,
            16
          ],
          "cullface": "east",
          "rotation": 180
        }
      }
    },
    {
      "from": [
        -1,
        -1,
        -1
      ],
      "to": [
        17,
        17,
        17
      ],
      "faces": {
        "down": {
          "texture": "#overlay",
          "uv": [
            0,
            0,
            16,
            16
          ],
          "cullface": "down"
        },
        "up": {
          "texture": "#overlay",
          "uv": [
            0,
            0,
            16,
            16
          ],
          "cullface": "up"
        },
        "north": {
          "texture": "#overlay",
          "uv": [
            0,
            0,
            16,
            16
          ],
          "cullface": "north",
          "rotation": 90
        },
        "south": {
          "texture": "#overlay",
          "uv": [
            0,
            0,
            16,
            16
          ],
          "cullface": "south",
          "rotation": 270
        },
        "west": {
          "texture": "#overlay",
          "uv": [
            0,
            0,
            16,
            16
          ],
          "cullface": "west",
          "rotation": 0
        },
        "east": {
          "texture": "#overlay",
          "uv": [
            0,
            0,
            16,
            16
          ],
          "cullface": "east",
          "rotation": 180
        }
      }
    }
  ],
  "display": {
    "firstperson_righthand": {
      "rotation": [
        0,
        135,
        0
      ],
      "translation": [
        0,
        0,
        0
      ],
      "scale": [
        0.4,
        0.4,
        0.4
      ]
    }
  }
}
