{
	"credit": "Made with Blockbench",
	"textures": {
		"0": "block/grass_block_side_overlay",
		"1": "block/grass_block_top",
		"particle": "block/grass_block_side_overlay"
	},
	"elements": [
		{
			"from": [-0.025, 0, -0.025],
			"to": [16.025, 0.025, 16.025],
			"faces": {
				"north": {"uv": [0, 0, 16, 0.025], "texture": "#1"},
				"east": {"uv": [0, 0, 16, 0.025], "texture": "#1"},
				"south": {"uv": [0, 0, 16, 0.025], "texture": "#1"},
				"west": {"uv": [0, 0, 16, 0.025], "texture": "#1"},
				"up": {"uv": [0, 0, 16, 16], "texture": "#1"},
				"down": {"uv": [0, 0, 16, 16], "texture": "#1"}
			}
		},
		{
			"from": [0, -1, -0.025],
			"to": [16.025, 0, 0],
			"rotation": {"angle": 0, "axis": "y", "origin": [8, 0, 8]},
			"faces": {
				"north": {"uv": [0, 0, 16, 1], "texture": "#0"},
				"east": {"uv": [0, 0, 0.025, 1], "texture": "#0"},
				"south": {"uv": [0, 0, 16, 1], "texture": "#0"},
				"west": {"uv": [0, 0, 0.025, 1], "texture": "#0"},
				"up": {"uv": [0, 0, 16, 0.025], "texture": "#0"},
				"down": {"uv": [0, 0, 16, 0.025], "texture": "#0"}
			}
		},
		{
			"from": [11, -2, -0.025],
			"to": [16.025, -1, 0],
			"rotation": {"angle": 0, "axis": "y", "origin": [8, 0, 8]},
			"faces": {
				"north": {"uv": [0, 1, 5, 2], "texture": "#0"},
				"east": {"uv": [0, 0, 0.025, 1], "texture": "#0"},
				"south": {"uv": [0, 0, 5, 1], "texture": "#0"},
				"west": {"uv": [0, 0, 0.025, 1], "texture": "#0"},
				"up": {"uv": [0, 0, 5, 0.025], "texture": "#0"},
				"down": {"uv": [0, 0, 5, 0.025], "texture": "#0"}
			}
		},
		{
			"from": [0, -2, -0.025],
			"to": [10, -1, 0],
			"rotation": {"angle": 0, "axis": "y", "origin": [8, 0, 8]},
			"faces": {
				"north": {"uv": [6, 1, 16, 2], "texture": "#0"},
				"east": {"uv": [0, 0, 0.025, 1], "texture": "#0"},
				"south": {"uv": [0, 0, 5, 1], "texture": "#0"},
				"west": {"uv": [0, 0, 0.025, 1], "texture": "#0"},
				"up": {"uv": [0, 0, 5, 0.025], "texture": "#0"},
				"down": {"uv": [0, 0, 5, 0.025], "texture": "#0"}
			}
		},
		{
			"from": [1, -3, -0.025],
			"to": [3, -2, 0],
			"rotation": {"angle": 0, "axis": "y", "origin": [8, 0, 8]},
			"faces": {
				"north": {"uv": [13, 2, 15, 3], "texture": "#0"},
				"east": {"uv": [0, 0, 0.025, 1], "texture": "#0"},
				"south": {"uv": [0, 0, 5, 1], "texture": "#0"},
				"west": {"uv": [0, 0, 0.025, 1], "texture": "#0"},
				"up": {"uv": [0, 0, 5, 0.025], "texture": "#0"},
				"down": {"uv": [0, 0, 5, 0.025], "texture": "#0"}
			}
		},
		{
			"from": [4, -3, -0.025],
			"to": [8, -2, 0],
			"rotation": {"angle": 0, "axis": "y", "origin": [8, 0, 8]},
			"faces": {
				"north": {"uv": [8, 2, 12, 3], "texture": "#0"},
				"east": {"uv": [0, 0, 0.025, 1], "texture": "#0"},
				"south": {"uv": [0, 0, 5, 1], "texture": "#0"},
				"west": {"uv": [0, 0, 0.025, 1], "texture": "#0"},
				"up": {"uv": [0, 0, 5, 0.025], "texture": "#0"},
				"down": {"uv": [0, 0, 5, 0.025], "texture": "#0"}
			}
		},
		{
			"from": [15, -3, -0.025],
			"to": [16.025, -2, 0],
			"rotation": {"angle": 0, "axis": "y", "origin": [8, 0, 8]},
			"faces": {
				"north": {"uv": [0, 2, 1, 3], "texture": "#0"},
				"east": {"uv": [0, 0, 0.025, 1], "texture": "#0"},
				"south": {"uv": [0, 0, 5, 1], "texture": "#0"},
				"west": {"uv": [0, 0, 0.025, 1], "texture": "#0"},
				"up": {"uv": [0, 0, 5, 0.025], "texture": "#0"},
				"down": {"uv": [0, 0, 5, 0.025], "texture": "#0"}
			}
		},
		{
			"from": [11, -4, -0.025],
			"to": [12, -3, 0],
			"rotation": {"angle": 0, "axis": "y", "origin": [8, 0, 8]},
			"faces": {
				"north": {"uv": [4, 3, 5, 4], "texture": "#0"},
				"east": {"uv": [0, 0, 0.025, 1], "texture": "#0"},
				"south": {"uv": [0, 0, 5, 1], "texture": "#0"},
				"west": {"uv": [0, 0, 0.025, 1], "texture": "#0"},
				"up": {"uv": [0, 0, 5, 0.025], "texture": "#0"},
				"down": {"uv": [0, 0, 5, 0.025], "texture": "#0"}
			}
		},
		{
			"from": [9, -3, -0.025],
			"to": [10, -2, 0],
			"rotation": {"angle": 0, "axis": "y", "origin": [8, 0, 8]},
			"faces": {
				"north": {"uv": [6, 2, 7, 3], "texture": "#0"},
				"east": {"uv": [0, 0, 0.025, 1], "texture": "#0"},
				"south": {"uv": [0, 0, 5, 1], "texture": "#0"},
				"west": {"uv": [0, 0, 0.025, 1], "texture": "#0"},
				"up": {"uv": [0, 0, 5, 0.025], "texture": "#0"},
				"down": {"uv": [0, 0, 5, 0.025], "texture": "#0"}
			}
		},
		{
			"from": [7, -4, -0.025],
			"to": [8, -3, 0],
			"rotation": {"angle": 0, "axis": "y", "origin": [8, 0, 8]},
			"faces": {
				"north": {"uv": [8, 3, 9, 4], "texture": "#0"},
				"east": {"uv": [0, 0, 0.025, 1], "texture": "#0"},
				"south": {"uv": [0, 0, 5, 1], "texture": "#0"},
				"west": {"uv": [0, 0, 0.025, 1], "texture": "#0"},
				"up": {"uv": [0, 0, 5, 0.025], "texture": "#0"},
				"down": {"uv": [0, 0, 5, 0.025], "texture": "#0"}
			}
		},
		{
			"from": [5, -4, -0.025],
			"to": [6, -3, 0],
			"rotation": {"angle": 0, "axis": "y", "origin": [8, 0, 8]},
			"faces": {
				"north": {"uv": [10, 3, 11, 4], "texture": "#0"},
				"east": {"uv": [0, 0, 0.025, 1], "texture": "#0"},
				"south": {"uv": [0, 0, 5, 1], "texture": "#0"},
				"west": {"uv": [0, 0, 0.025, 1], "texture": "#0"},
				"up": {"uv": [0, 0, 5, 0.025], "texture": "#0"},
				"down": {"uv": [0, 0, 5, 0.025], "texture": "#0"}
			}
		},
		{
			"from": [11, -3, -0.025],
			"to": [14, -2, 0],
			"rotation": {"angle": 0, "axis": "y", "origin": [8, 0, 8]},
			"faces": {
				"north": {"uv": [2, 2, 5, 3], "texture": "#0"},
				"east": {"uv": [0, 0, 0.025, 1], "texture": "#0"},
				"south": {"uv": [0, 0, 5, 1], "texture": "#0"},
				"west": {"uv": [0, 0, 0.025, 1], "texture": "#0"},
				"up": {"uv": [0, 0, 5, 0.025], "texture": "#0"},
				"down": {"uv": [0, 0, 5, 0.025], "texture": "#0"}
			}
		},
		{
			"from": [16, -1, 0],
			"to": [16.025, 0, 16.025],
			"rotation": {"angle": 0, "axis": "y", "origin": [8, 0, 8]},
			"faces": {
				"north": {"uv": [0, 0, 0.025, 1], "texture": "#0"},
				"east": {"uv": [0, 0, 16, 1], "texture": "#0"},
				"south": {"uv": [0, 0, 0.025, 1], "texture": "#0"},
				"west": {"uv": [0, 0, 16, 1], "texture": "#0"},
				"up": {"uv": [0, 0, 16, 0.025], "rotation": 90, "texture": "#0"},
				"down": {"uv": [0, 0, 16, 0.025], "rotation": 270, "texture": "#0"}
			}
		},
		{
			"from": [16, -2, 11],
			"to": [16.025, -1, 16.025],
			"rotation": {"angle": 0, "axis": "y", "origin": [8, 0, 8]},
			"faces": {
				"north": {"uv": [0, 0, 0.025, 1], "texture": "#0"},
				"east": {"uv": [0, 1, 5, 2], "texture": "#0"},
				"south": {"uv": [0, 0, 0.025, 1], "texture": "#0"},
				"west": {"uv": [0, 0, 5, 1], "texture": "#0"},
				"up": {"uv": [0, 0, 5, 0.025], "rotation": 90, "texture": "#0"},
				"down": {"uv": [0, 0, 5, 0.025], "rotation": 270, "texture": "#0"}
			}
		},
		{
			"from": [16, -2, 0],
			"to": [16.025, -1, 10],
			"rotation": {"angle": 0, "axis": "y", "origin": [8, 0, 8]},
			"faces": {
				"north": {"uv": [0, 0, 0.025, 1], "texture": "#0"},
				"east": {"uv": [6, 1, 16, 2], "texture": "#0"},
				"south": {"uv": [0, 0, 0.025, 1], "texture": "#0"},
				"west": {"uv": [0, 0, 5, 1], "texture": "#0"},
				"up": {"uv": [0, 0, 5, 0.025], "rotation": 90, "texture": "#0"},
				"down": {"uv": [0, 0, 5, 0.025], "rotation": 270, "texture": "#0"}
			}
		},
		{
			"from": [16, -3, 1],
			"to": [16.025, -2, 3],
			"rotation": {"angle": 0, "axis": "y", "origin": [8, 0, 8]},
			"faces": {
				"north": {"uv": [0, 0, 0.025, 1], "texture": "#0"},
				"east": {"uv": [13, 2, 15, 3], "texture": "#0"},
				"south": {"uv": [0, 0, 0.025, 1], "texture": "#0"},
				"west": {"uv": [0, 0, 5, 1], "texture": "#0"},
				"up": {"uv": [0, 0, 5, 0.025], "rotation": 90, "texture": "#0"},
				"down": {"uv": [0, 0, 5, 0.025], "rotation": 270, "texture": "#0"}
			}
		},
		{
			"from": [16, -3, 4],
			"to": [16.025, -2, 8],
			"rotation": {"angle": 0, "axis": "y", "origin": [8, 0, 8]},
			"faces": {
				"north": {"uv": [0, 0, 0.025, 1], "texture": "#0"},
				"east": {"uv": [8, 2, 12, 3], "texture": "#0"},
				"south": {"uv": [0, 0, 0.025, 1], "texture": "#0"},
				"west": {"uv": [0, 0, 5, 1], "texture": "#0"},
				"up": {"uv": [0, 0, 5, 0.025], "rotation": 90, "texture": "#0"},
				"down": {"uv": [0, 0, 5, 0.025], "rotation": 270, "texture": "#0"}
			}
		},
		{
			"from": [16, -3, 15],
			"to": [16.025, -2, 16.025],
			"rotation": {"angle": 0, "axis": "y", "origin": [8, 0, 8]},
			"faces": {
				"north": {"uv": [0, 0, 0.025, 1], "texture": "#0"},
				"east": {"uv": [0, 2, 1, 3], "texture": "#0"},
				"south": {"uv": [0, 0, 0.025, 1], "texture": "#0"},
				"west": {"uv": [0, 0, 5, 1], "texture": "#0"},
				"up": {"uv": [0, 0, 5, 0.025], "rotation": 90, "texture": "#0"},
				"down": {"uv": [0, 0, 5, 0.025], "rotation": 270, "texture": "#0"}
			}
		},
		{
			"from": [16, -4, 11],
			"to": [16.025, -3, 12],
			"rotation": {"angle": 0, "axis": "y", "origin": [8, 0, 8]},
			"faces": {
				"north": {"uv": [0, 0, 0.025, 1], "texture": "#0"},
				"east": {"uv": [4, 3, 5, 4], "texture": "#0"},
				"south": {"uv": [0, 0, 0.025, 1], "texture": "#0"},
				"west": {"uv": [0, 0, 5, 1], "texture": "#0"},
				"up": {"uv": [0, 0, 5, 0.025], "rotation": 90, "texture": "#0"},
				"down": {"uv": [0, 0, 5, 0.025], "rotation": 270, "texture": "#0"}
			}
		},
		{
			"from": [16, -3, 9],
			"to": [16.025, -2, 10],
			"rotation": {"angle": 0, "axis": "y", "origin": [8, 0, 8]},
			"faces": {
				"north": {"uv": [0, 0, 0.025, 1], "texture": "#0"},
				"east": {"uv": [6, 2, 7, 3], "texture": "#0"},
				"south": {"uv": [0, 0, 0.025, 1], "texture": "#0"},
				"west": {"uv": [0, 0, 5, 1], "texture": "#0"},
				"up": {"uv": [0, 0, 5, 0.025], "rotation": 90, "texture": "#0"},
				"down": {"uv": [0, 0, 5, 0.025], "rotation": 270, "texture": "#0"}
			}
		},
		{
			"from": [16, -4, 7],
			"to": [16.025, -3, 8],
			"rotation": {"angle": 0, "axis": "y", "origin": [8, 0, 8]},
			"faces": {
				"north": {"uv": [0, 0, 0.025, 1], "texture": "#0"},
				"east": {"uv": [8, 3, 9, 4], "texture": "#0"},
				"south": {"uv": [0, 0, 0.025, 1], "texture": "#0"},
				"west": {"uv": [0, 0, 5, 1], "texture": "#0"},
				"up": {"uv": [0, 0, 5, 0.025], "rotation": 90, "texture": "#0"},
				"down": {"uv": [0, 0, 5, 0.025], "rotation": 270, "texture": "#0"}
			}
		},
		{
			"from": [16, -4, 5],
			"to": [16.025, -3, 6],
			"rotation": {"angle": 0, "axis": "y", "origin": [8, 0, 8]},
			"faces": {
				"north": {"uv": [0, 0, 0.025, 1], "texture": "#0"},
				"east": {"uv": [10, 3, 11, 4], "texture": "#0"},
				"south": {"uv": [0, 0, 0.025, 1], "texture": "#0"},
				"west": {"uv": [0, 0, 5, 1], "texture": "#0"},
				"up": {"uv": [0, 0, 5, 0.025], "rotation": 90, "texture": "#0"},
				"down": {"uv": [0, 0, 5, 0.025], "rotation": 270, "texture": "#0"}
			}
		},
		{
			"from": [16, -3, 11],
			"to": [16.025, -2, 14],
			"rotation": {"angle": 0, "axis": "y", "origin": [8, 0, 8]},
			"faces": {
				"north": {"uv": [0, 0, 0.025, 1], "texture": "#0"},
				"east": {"uv": [2, 2, 5, 3], "texture": "#0"},
				"south": {"uv": [0, 0, 0.025, 1], "texture": "#0"},
				"west": {"uv": [0, 0, 5, 1], "texture": "#0"},
				"up": {"uv": [0, 0, 5, 0.025], "rotation": 90, "texture": "#0"},
				"down": {"uv": [0, 0, 5, 0.025], "rotation": 270, "texture": "#0"}
			}
		},
		{
			"from": [-0.025, -1, 16],
			"to": [16, 0, 16.025],
			"rotation": {"angle": 0, "axis": "y", "origin": [8, 0, 8]},
			"faces": {
				"north": {"uv": [0, 0, 16, 1], "texture": "#0"},
				"east": {"uv": [0, 0, 0.025, 1], "texture": "#0"},
				"south": {"uv": [0, 0, 16, 1], "texture": "#0"},
				"west": {"uv": [0, 0, 0.025, 1], "texture": "#0"},
				"up": {"uv": [0, 0, 16, 0.025], "rotation": 180, "texture": "#0"},
				"down": {"uv": [0, 0, 16, 0.025], "rotation": 180, "texture": "#0"}
			}
		},
		{
			"from": [-0.025, -2, 16],
			"to": [5, -1, 16.025],
			"rotation": {"angle": 0, "axis": "y", "origin": [8, 0, 8]},
			"faces": {
				"north": {"uv": [0, 0, 5, 1], "texture": "#0"},
				"east": {"uv": [0, 0, 0.025, 1], "texture": "#0"},
				"south": {"uv": [0, 1, 5, 2], "texture": "#0"},
				"west": {"uv": [0, 0, 0.025, 1], "texture": "#0"},
				"up": {"uv": [0, 0, 5, 0.025], "rotation": 180, "texture": "#0"},
				"down": {"uv": [0, 0, 5, 0.025], "rotation": 180, "texture": "#0"}
			}
		},
		{
			"from": [6, -2, 16],
			"to": [16, -1, 16.025],
			"rotation": {"angle": 0, "axis": "y", "origin": [8, 0, 8]},
			"faces": {
				"north": {"uv": [0, 0, 5, 1], "texture": "#0"},
				"east": {"uv": [0, 0, 0.025, 1], "texture": "#0"},
				"south": {"uv": [6, 1, 16, 2], "texture": "#0"},
				"west": {"uv": [0, 0, 0.025, 1], "texture": "#0"},
				"up": {"uv": [0, 0, 5, 0.025], "rotation": 180, "texture": "#0"},
				"down": {"uv": [0, 0, 5, 0.025], "rotation": 180, "texture": "#0"}
			}
		},
		{
			"from": [13, -3, 16],
			"to": [15, -2, 16.025],
			"rotation": {"angle": 0, "axis": "y", "origin": [8, 0, 8]},
			"faces": {
				"north": {"uv": [0, 0, 5, 1], "texture": "#0"},
				"east": {"uv": [0, 0, 0.025, 1], "texture": "#0"},
				"south": {"uv": [13, 2, 15, 3], "texture": "#0"},
				"west": {"uv": [0, 0, 0.025, 1], "texture": "#0"},
				"up": {"uv": [0, 0, 5, 0.025], "rotation": 180, "texture": "#0"},
				"down": {"uv": [0, 0, 5, 0.025], "rotation": 180, "texture": "#0"}
			}
		},
		{
			"from": [8, -3, 16],
			"to": [12, -2, 16.025],
			"rotation": {"angle": 0, "axis": "y", "origin": [8, 0, 8]},
			"faces": {
				"north": {"uv": [0, 0, 5, 1], "texture": "#0"},
				"east": {"uv": [0, 0, 0.025, 1], "texture": "#0"},
				"south": {"uv": [8, 2, 12, 3], "texture": "#0"},
				"west": {"uv": [0, 0, 0.025, 1], "texture": "#0"},
				"up": {"uv": [0, 0, 5, 0.025], "rotation": 180, "texture": "#0"},
				"down": {"uv": [0, 0, 5, 0.025], "rotation": 180, "texture": "#0"}
			}
		},
		{
			"from": [-0.025, -3, 16],
			"to": [1, -2, 16.025],
			"rotation": {"angle": 0, "axis": "y", "origin": [8, 0, 8]},
			"faces": {
				"north": {"uv": [0, 0, 5, 1], "texture": "#0"},
				"east": {"uv": [0, 0, 0.025, 1], "texture": "#0"},
				"south": {"uv": [0, 2, 1, 3], "texture": "#0"},
				"west": {"uv": [0, 0, 0.025, 1], "texture": "#0"},
				"up": {"uv": [0, 0, 5, 0.025], "rotation": 180, "texture": "#0"},
				"down": {"uv": [0, 0, 5, 0.025], "rotation": 180, "texture": "#0"}
			}
		},
		{
			"from": [4, -4, 16],
			"to": [5, -3, 16.025],
			"rotation": {"angle": 0, "axis": "y", "origin": [8, 0, 8]},
			"faces": {
				"north": {"uv": [0, 0, 5, 1], "texture": "#0"},
				"east": {"uv": [0, 0, 0.025, 1], "texture": "#0"},
				"south": {"uv": [4, 3, 5, 4], "texture": "#0"},
				"west": {"uv": [0, 0, 0.025, 1], "texture": "#0"},
				"up": {"uv": [0, 0, 5, 0.025], "rotation": 180, "texture": "#0"},
				"down": {"uv": [0, 0, 5, 0.025], "rotation": 180, "texture": "#0"}
			}
		},
		{
			"from": [6, -3, 16],
			"to": [7, -2, 16.025],
			"rotation": {"angle": 0, "axis": "y", "origin": [8, 0, 8]},
			"faces": {
				"north": {"uv": [0, 0, 5, 1], "texture": "#0"},
				"east": {"uv": [0, 0, 0.025, 1], "texture": "#0"},
				"south": {"uv": [6, 2, 7, 3], "texture": "#0"},
				"west": {"uv": [0, 0, 0.025, 1], "texture": "#0"},
				"up": {"uv": [0, 0, 5, 0.025], "rotation": 180, "texture": "#0"},
				"down": {"uv": [0, 0, 5, 0.025], "rotation": 180, "texture": "#0"}
			}
		},
		{
			"from": [8, -4, 16],
			"to": [9, -3, 16.025],
			"rotation": {"angle": 0, "axis": "y", "origin": [8, 0, 8]},
			"faces": {
				"north": {"uv": [0, 0, 5, 1], "texture": "#0"},
				"east": {"uv": [0, 0, 0.025, 1], "texture": "#0"},
				"south": {"uv": [8, 3, 9, 4], "texture": "#0"},
				"west": {"uv": [0, 0, 0.025, 1], "texture": "#0"},
				"up": {"uv": [0, 0, 5, 0.025], "rotation": 180, "texture": "#0"},
				"down": {"uv": [0, 0, 5, 0.025], "rotation": 180, "texture": "#0"}
			}
		},
		{
			"from": [10, -4, 16],
			"to": [11, -3, 16.025],
			"rotation": {"angle": 0, "axis": "y", "origin": [8, 0, 8]},
			"faces": {
				"north": {"uv": [0, 0, 5, 1], "texture": "#0"},
				"east": {"uv": [0, 0, 0.025, 1], "texture": "#0"},
				"south": {"uv": [10, 3, 11, 4], "texture": "#0"},
				"west": {"uv": [0, 0, 0.025, 1], "texture": "#0"},
				"up": {"uv": [0, 0, 5, 0.025], "rotation": 180, "texture": "#0"},
				"down": {"uv": [0, 0, 5, 0.025], "rotation": 180, "texture": "#0"}
			}
		},
		{
			"from": [2, -3, 16],
			"to": [5, -2, 16.025],
			"rotation": {"angle": 0, "axis": "y", "origin": [8, 0, 8]},
			"faces": {
				"north": {"uv": [0, 0, 5, 1], "texture": "#0"},
				"east": {"uv": [0, 0, 0.025, 1], "texture": "#0"},
				"south": {"uv": [2, 2, 5, 3], "texture": "#0"},
				"west": {"uv": [0, 0, 0.025, 1], "texture": "#0"},
				"up": {"uv": [0, 0, 5, 0.025], "rotation": 180, "texture": "#0"},
				"down": {"uv": [0, 0, 5, 0.025], "rotation": 180, "texture": "#0"}
			}
		},
		{
			"from": [-0.025, -1, -0.025],
			"to": [0, 0, 16],
			"rotation": {"angle": 0, "axis": "y", "origin": [8, 0, 8]},
			"faces": {
				"north": {"uv": [0, 0, 0.025, 1], "texture": "#0"},
				"east": {"uv": [0, 0, 16, 1], "texture": "#0"},
				"south": {"uv": [0, 0, 0.025, 1], "texture": "#0"},
				"west": {"uv": [0, 0, 16, 1], "texture": "#0"},
				"up": {"uv": [0, 0, 16, 0.025], "rotation": 270, "texture": "#0"},
				"down": {"uv": [0, 0, 16, 0.025], "rotation": 90, "texture": "#0"}
			}
		},
		{
			"from": [-0.025, -2, -0.025],
			"to": [0, -1, 5],
			"rotation": {"angle": 0, "axis": "y", "origin": [8, 0, 8]},
			"faces": {
				"north": {"uv": [0, 0, 0.025, 1], "texture": "#0"},
				"east": {"uv": [0, 0, 5, 1], "texture": "#0"},
				"south": {"uv": [0, 0, 0.025, 1], "texture": "#0"},
				"west": {"uv": [0, 1, 5, 2], "texture": "#0"},
				"up": {"uv": [0, 0, 5, 0.025], "rotation": 270, "texture": "#0"},
				"down": {"uv": [0, 0, 5, 0.025], "rotation": 90, "texture": "#0"}
			}
		},
		{
			"from": [-0.025, -2, 6],
			"to": [0, -1, 16],
			"rotation": {"angle": 0, "axis": "y", "origin": [8, 0, 8]},
			"faces": {
				"north": {"uv": [0, 0, 0.025, 1], "texture": "#0"},
				"east": {"uv": [0, 1, 5, 2], "texture": "#0"},
				"south": {"uv": [0, 0, 0.025, 1], "texture": "#0"},
				"west": {"uv": [6, 1, 16, 2], "texture": "#0"},
				"up": {"uv": [0, 0, 5, 0.025], "rotation": 270, "texture": "#0"},
				"down": {"uv": [0, 0, 5, 0.025], "rotation": 90, "texture": "#0"}
			}
		},
		{
			"from": [-0.025, -3, 13],
			"to": [0, -2, 15],
			"rotation": {"angle": 0, "axis": "y", "origin": [8, 0, 8]},
			"faces": {
				"north": {"uv": [0, 0, 0.025, 1], "texture": "#0"},
				"east": {"uv": [0, 0, 5, 1], "texture": "#0"},
				"south": {"uv": [0, 0, 0.025, 1], "texture": "#0"},
				"west": {"uv": [13, 2, 15, 3], "texture": "#0"},
				"up": {"uv": [0, 0, 5, 0.025], "rotation": 270, "texture": "#0"},
				"down": {"uv": [0, 0, 5, 0.025], "rotation": 90, "texture": "#0"}
			}
		},
		{
			"from": [-0.025, -3, 8],
			"to": [0, -2, 12],
			"rotation": {"angle": 0, "axis": "y", "origin": [8, 0, 8]},
			"faces": {
				"north": {"uv": [0, 0, 0.025, 1], "texture": "#0"},
				"east": {"uv": [0, 0, 5, 1], "texture": "#0"},
				"south": {"uv": [0, 0, 0.025, 1], "texture": "#0"},
				"west": {"uv": [8, 2, 12, 3], "texture": "#0"},
				"up": {"uv": [0, 0, 5, 0.025], "rotation": 270, "texture": "#0"},
				"down": {"uv": [0, 0, 5, 0.025], "rotation": 90, "texture": "#0"}
			}
		},
		{
			"from": [-0.025, -3, -0.025],
			"to": [0, -2, 1],
			"rotation": {"angle": 0, "axis": "y", "origin": [8, 0, 8]},
			"faces": {
				"north": {"uv": [0, 0, 0.025, 1], "texture": "#0"},
				"east": {"uv": [0, 0, 5, 1], "texture": "#0"},
				"south": {"uv": [0, 0, 0.025, 1], "texture": "#0"},
				"west": {"uv": [0, 2, 1, 3], "texture": "#0"},
				"up": {"uv": [0, 0, 5, 0.025], "rotation": 270, "texture": "#0"},
				"down": {"uv": [0, 0, 5, 0.025], "rotation": 90, "texture": "#0"}
			}
		},
		{
			"from": [-0.025, -4, 4],
			"to": [0, -3, 5],
			"rotation": {"angle": 0, "axis": "y", "origin": [8, 0, 8]},
			"faces": {
				"north": {"uv": [0, 0, 0.025, 1], "texture": "#0"},
				"east": {"uv": [0, 0, 5, 1], "texture": "#0"},
				"south": {"uv": [0, 0, 0.025, 1], "texture": "#0"},
				"west": {"uv": [4, 3, 5, 4], "texture": "#0"},
				"up": {"uv": [0, 0, 5, 0.025], "rotation": 270, "texture": "#0"},
				"down": {"uv": [0, 0, 5, 0.025], "rotation": 90, "texture": "#0"}
			}
		},
		{
			"from": [-0.025, -3, 6],
			"to": [0, -2, 7],
			"rotation": {"angle": 0, "axis": "y", "origin": [8, 0, 8]},
			"faces": {
				"north": {"uv": [0, 0, 0.025, 1], "texture": "#0"},
				"east": {"uv": [0, 0, 5, 1], "texture": "#0"},
				"south": {"uv": [0, 0, 0.025, 1], "texture": "#0"},
				"west": {"uv": [6, 2, 7, 3], "texture": "#0"},
				"up": {"uv": [0, 0, 5, 0.025], "rotation": 270, "texture": "#0"},
				"down": {"uv": [0, 0, 5, 0.025], "rotation": 90, "texture": "#0"}
			}
		},
		{
			"from": [-0.025, -4, 8],
			"to": [0, -3, 9],
			"rotation": {"angle": 0, "axis": "y", "origin": [8, 0, 8]},
			"faces": {
				"north": {"uv": [0, 0, 0.025, 1], "texture": "#0"},
				"east": {"uv": [0, 0, 5, 1], "texture": "#0"},
				"south": {"uv": [0, 0, 0.025, 1], "texture": "#0"},
				"west": {"uv": [8, 3, 9, 4], "texture": "#0"},
				"up": {"uv": [0, 0, 5, 0.025], "rotation": 270, "texture": "#0"},
				"down": {"uv": [0, 0, 5, 0.025], "rotation": 90, "texture": "#0"}
			}
		},
		{
			"from": [-0.025, -4, 10],
			"to": [0, -3, 11],
			"rotation": {"angle": 0, "axis": "y", "origin": [8, 0, 8]},
			"faces": {
				"north": {"uv": [0, 0, 0.025, 1], "texture": "#0"},
				"east": {"uv": [0, 0, 5, 1], "texture": "#0"},
				"south": {"uv": [0, 0, 0.025, 1], "texture": "#0"},
				"west": {"uv": [10, 3, 11, 4], "texture": "#0"},
				"up": {"uv": [0, 0, 5, 0.025], "rotation": 270, "texture": "#0"},
				"down": {"uv": [0, 0, 5, 0.025], "rotation": 90, "texture": "#0"}
			}
		},
		{
			"from": [-0.025, -3, 2],
			"to": [0, -2, 5],
			"rotation": {"angle": 0, "axis": "y", "origin": [8, 0, 8]},
			"faces": {
				"north": {"uv": [0, 0, 0.025, 1], "texture": "#0"},
				"east": {"uv": [0, 0, 5, 1], "texture": "#0"},
				"south": {"uv": [0, 0, 0.025, 1], "texture": "#0"},
				"west": {"uv": [2, 2, 5, 3], "texture": "#0"},
				"up": {"uv": [0, 0, 5, 0.025], "rotation": 270, "texture": "#0"},
				"down": {"uv": [0, 0, 5, 0.025], "rotation": 90, "texture": "#0"}
			}
		}
	],
	"groups": [
		0,
		{
			"name": "N",
			"origin": [0, 0, 0],
			"color": 0,
			"children": [1, 2, 3, 4, 5, 6, 7, 8, 9, 10, 11]
		},
		{
			"name": "E",
			"origin": [0, 0, 0],
			"color": 0,
			"children": [12, 13, 14, 15, 16, 17, 18, 19, 20, 21, 22]
		},
		{
			"name": "S",
			"origin": [0, 0, 0],
			"color": 0,
			"children": [23, 24, 25, 26, 27, 28, 29, 30, 31, 32, 33]
		},
		{
			"name": "W",
			"origin": [0, 0, 0],
			"color": 0,
			"children": [34, 35, 36, 37, 38, 39, 40, 41, 42, 43, 44]
		}
	]
}