{
	"credit": "Made with Blockbench",
	"parent": "minecraft:block/block",
	"textures": {
		"particle": "block/dirt",
		"bottom": "block/dirt",
		"top": "block/grass_block_top",
		"side": "block/grass_block_side",
		"overlay": "block/grass_block_side_overlay"
	},
	"elements": [
		{
			"from": [0, 0, 0],
			"to": [16, 8, 16],
			"faces": {
				"north": {"uv": [0, 0, 16, 8], "texture": "#side", "cullface": "north"},
				"east": {"uv": [0, 0, 16, 8], "texture": "#side", "cullface": "east"},
				"south": {"uv": [0, 0, 16, 8], "texture": "#side", "cullface": "south"},
				"west": {"uv": [0, 0, 16, 8], "texture": "#side", "cullface": "west"},
				"up": {"uv": [0, 0, 16, 16], "texture": "#top", "cullface": "up", "tintindex": 0},
				"down": {"uv": [0, 0, 16, 16], "texture": "#bottom", "cullface": "down"}
			}
		},
		{
			"from": [0, 7, -0.025],
			"to": [16.025, 8, 0],
			"rotation": {"angle": 0, "axis": "y", "origin": [8, 0, 8]},
			"faces": {
				"north": {"uv": [0, 0, 16, 1], "texture": "#overlay"},
				"east": {"uv": [0, 0, 0.025, 1], "texture": "#overlay"},
				"south": {"uv": [0, 0, 16, 1], "texture": "#overlay"},
				"west": {"uv": [0, 0, 0.025, 1], "texture": "#overlay"},
				"up": {"uv": [0, 0, 16, 0.025], "texture": "#overlay"},
				"down": {"uv": [0, 0, 16, 0.025], "texture": "#overlay"}
			}
		},
		{
			"from": [11, 6, -0.025],
			"to": [16.025, 7, 0],
			"rotation": {"angle": 0, "axis": "y", "origin": [8, 0, 8]},
			"faces": {
				"north": {"uv": [0, 1, 5, 2], "texture": "#overlay"},
				"east": {"uv": [0, 0, 0.025, 1], "texture": "#overlay"},
				"south": {"uv": [0, 0, 5, 1], "texture": "#overlay"},
				"west": {"uv": [0, 0, 0.025, 1], "texture": "#overlay"},
				"up": {"uv": [0, 0, 5, 0.025], "texture": "#overlay"},
				"down": {"uv": [0, 0, 5, 0.025], "texture": "#overlay"}
			}
		},
		{
			"from": [0, 6, -0.025],
			"to": [10, 7, 0],
			"rotation": {"angle": 0, "axis": "y", "origin": [8, 0, 8]},
			"faces": {
				"north": {"uv": [6, 1, 16, 2], "texture": "#overlay"},
				"east": {"uv": [0, 0, 0.025, 1], "texture": "#overlay"},
				"south": {"uv": [0, 0, 5, 1], "texture": "#overlay"},
				"west": {"uv": [0, 0, 0.025, 1], "texture": "#overlay"},
				"up": {"uv": [0, 0, 5, 0.025], "texture": "#overlay"},
				"down": {"uv": [0, 0, 5, 0.025], "texture": "#overlay"}
			}
		},
		{
			"from": [1, 5, -0.025],
			"to": [3, 6, 0],
			"rotation": {"angle": 0, "axis": "y", "origin": [8, 0, 8]},
			"faces": {
				"north": {"uv": [13, 2, 15, 3], "texture": "#overlay"},
				"east": {"uv": [0, 0, 0.025, 1], "texture": "#overlay"},
				"south": {"uv": [0, 0, 5, 1], "texture": "#overlay"},
				"west": {"uv": [0, 0, 0.025, 1], "texture": "#overlay"},
				"up": {"uv": [0, 0, 5, 0.025], "texture": "#overlay"},
				"down": {"uv": [0, 0, 5, 0.025], "texture": "#overlay"}
			}
		},
		{
			"from": [4, 5, -0.025],
			"to": [8, 6, 0],
			"rotation": {"angle": 0, "axis": "y", "origin": [8, 0, 8]},
			"faces": {
				"north": {"uv": [8, 2, 12, 3], "texture": "#overlay"},
				"east": {"uv": [0, 0, 0.025, 1], "texture": "#overlay"},
				"south": {"uv": [0, 0, 5, 1], "texture": "#overlay"},
				"west": {"uv": [0, 0, 0.025, 1], "texture": "#overlay"},
				"up": {"uv": [0, 0, 5, 0.025], "texture": "#overlay"},
				"down": {"uv": [0, 0, 5, 0.025], "texture": "#overlay"}
			}
		},
		{
			"from": [15, 5, -0.025],
			"to": [16.025, 6, 0],
			"rotation": {"angle": 0, "axis": "y", "origin": [8, 0, 8]},
			"faces": {
				"north": {"uv": [0, 2, 1, 3], "texture": "#overlay"},
				"east": {"uv": [0, 0, 0.025, 1], "texture": "#overlay"},
				"south": {"uv": [0, 0, 5, 1], "texture": "#overlay"},
				"west": {"uv": [0, 0, 0.025, 1], "texture": "#overlay"},
				"up": {"uv": [0, 0, 5, 0.025], "texture": "#overlay"},
				"down": {"uv": [0, 0, 5, 0.025], "texture": "#overlay"}
			}
		},
		{
			"from": [11, 4, -0.025],
			"to": [12, 5, 0],
			"rotation": {"angle": 0, "axis": "y", "origin": [8, 0, 8]},
			"faces": {
				"north": {"uv": [4, 3, 5, 4], "texture": "#overlay"},
				"east": {"uv": [0, 0, 0.025, 1], "texture": "#overlay"},
				"south": {"uv": [0, 0, 5, 1], "texture": "#overlay"},
				"west": {"uv": [0, 0, 0.025, 1], "texture": "#overlay"},
				"up": {"uv": [0, 0, 5, 0.025], "texture": "#overlay"},
				"down": {"uv": [0, 0, 5, 0.025], "texture": "#overlay"}
			}
		},
		{
			"from": [9, 5, -0.025],
			"to": [10, 6, 0],
			"rotation": {"angle": 0, "axis": "y", "origin": [8, 0, 8]},
			"faces": {
				"north": {"uv": [6, 2, 7, 3], "texture": "#overlay"},
				"east": {"uv": [0, 0, 0.025, 1], "texture": "#overlay"},
				"south": {"uv": [0, 0, 5, 1], "texture": "#overlay"},
				"west": {"uv": [0, 0, 0.025, 1], "texture": "#overlay"},
				"up": {"uv": [0, 0, 5, 0.025], "texture": "#overlay"},
				"down": {"uv": [0, 0, 5, 0.025], "texture": "#overlay"}
			}
		},
		{
			"from": [7, 4, -0.025],
			"to": [8, 5, 0],
			"rotation": {"angle": 0, "axis": "y", "origin": [8, 0, 8]},
			"faces": {
				"north": {"uv": [8, 3, 9, 4], "texture": "#overlay"},
				"east": {"uv": [0, 0, 0.025, 1], "texture": "#overlay"},
				"south": {"uv": [0, 0, 5, 1], "texture": "#overlay"},
				"west": {"uv": [0, 0, 0.025, 1], "texture": "#overlay"},
				"up": {"uv": [0, 0, 5, 0.025], "texture": "#overlay"},
				"down": {"uv": [0, 0, 5, 0.025], "texture": "#overlay"}
			}
		},
		{
			"from": [5, 4, -0.025],
			"to": [6, 5, 0],
			"rotation": {"angle": 0, "axis": "y", "origin": [8, 0, 8]},
			"faces": {
				"north": {"uv": [10, 3, 11, 4], "texture": "#overlay"},
				"east": {"uv": [0, 0, 0.025, 1], "texture": "#overlay"},
				"south": {"uv": [0, 0, 5, 1], "texture": "#overlay"},
				"west": {"uv": [0, 0, 0.025, 1], "texture": "#overlay"},
				"up": {"uv": [0, 0, 5, 0.025], "texture": "#overlay"},
				"down": {"uv": [0, 0, 5, 0.025], "texture": "#overlay"}
			}
		},
		{
			"from": [11, 5, -0.025],
			"to": [14, 6, 0],
			"rotation": {"angle": 0, "axis": "y", "origin": [8, 0, 8]},
			"faces": {
				"north": {"uv": [2, 2, 5, 3], "texture": "#overlay"},
				"east": {"uv": [0, 0, 0.025, 1], "texture": "#overlay"},
				"south": {"uv": [0, 0, 5, 1], "texture": "#overlay"},
				"west": {"uv": [0, 0, 0.025, 1], "texture": "#overlay"},
				"up": {"uv": [0, 0, 5, 0.025], "texture": "#overlay"},
				"down": {"uv": [0, 0, 5, 0.025], "texture": "#overlay"}
			}
		},
		{
			"from": [16, 7, 0],
			"to": [16.025, 8, 16.025],
			"rotation": {"angle": 0, "axis": "y", "origin": [8, 0, 8]},
			"faces": {
				"north": {"uv": [0, 0, 0.025, 1], "texture": "#overlay"},
				"east": {"uv": [0, 0, 16, 1], "texture": "#overlay"},
				"south": {"uv": [0, 0, 0.025, 1], "texture": "#overlay"},
				"west": {"uv": [0, 0, 16, 1], "texture": "#overlay"},
				"up": {"uv": [0, 0, 16, 0.025], "rotation": 90, "texture": "#overlay"},
				"down": {"uv": [0, 0, 16, 0.025], "rotation": 270, "texture": "#overlay"}
			}
		},
		{
			"from": [16, 6, 11],
			"to": [16.025, 7, 16.025],
			"rotation": {"angle": 0, "axis": "y", "origin": [8, 0, 8]},
			"faces": {
				"north": {"uv": [0, 0, 0.025, 1], "texture": "#overlay"},
				"east": {"uv": [0, 1, 5, 2], "texture": "#overlay"},
				"south": {"uv": [0, 0, 0.025, 1], "texture": "#overlay"},
				"west": {"uv": [0, 0, 5, 1], "texture": "#overlay"},
				"up": {"uv": [0, 0, 5, 0.025], "rotation": 90, "texture": "#overlay"},
				"down": {"uv": [0, 0, 5, 0.025], "rotation": 270, "texture": "#overlay"}
			}
		},
		{
			"from": [16, 6, 0],
			"to": [16.025, 7, 10],
			"rotation": {"angle": 0, "axis": "y", "origin": [8, 0, 8]},
			"faces": {
				"north": {"uv": [0, 0, 0.025, 1], "texture": "#overlay"},
				"east": {"uv": [6, 1, 16, 2], "texture": "#overlay"},
				"south": {"uv": [0, 0, 0.025, 1], "texture": "#overlay"},
				"west": {"uv": [0, 0, 5, 1], "texture": "#overlay"},
				"up": {"uv": [0, 0, 5, 0.025], "rotation": 90, "texture": "#overlay"},
				"down": {"uv": [0, 0, 5, 0.025], "rotation": 270, "texture": "#overlay"}
			}
		},
		{
			"from": [16, 5, 1],
			"to": [16.025, 6, 3],
			"rotation": {"angle": 0, "axis": "y", "origin": [8, 0, 8]},
			"faces": {
				"north": {"uv": [0, 0, 0.025, 1], "texture": "#overlay"},
				"east": {"uv": [13, 2, 15, 3], "texture": "#overlay"},
				"south": {"uv": [0, 0, 0.025, 1], "texture": "#overlay"},
				"west": {"uv": [0, 0, 5, 1], "texture": "#overlay"},
				"up": {"uv": [0, 0, 5, 0.025], "rotation": 90, "texture": "#overlay"},
				"down": {"uv": [0, 0, 5, 0.025], "rotation": 270, "texture": "#overlay"}
			}
		},
		{
			"from": [16, 5, 4],
			"to": [16.025, 6, 8],
			"rotation": {"angle": 0, "axis": "y", "origin": [8, 0, 8]},
			"faces": {
				"north": {"uv": [0, 0, 0.025, 1], "texture": "#overlay"},
				"east": {"uv": [8, 2, 12, 3], "texture": "#overlay"},
				"south": {"uv": [0, 0, 0.025, 1], "texture": "#overlay"},
				"west": {"uv": [0, 0, 5, 1], "texture": "#overlay"},
				"up": {"uv": [0, 0, 5, 0.025], "rotation": 90, "texture": "#overlay"},
				"down": {"uv": [0, 0, 5, 0.025], "rotation": 270, "texture": "#overlay"}
			}
		},
		{
			"from": [16, 5, 15],
			"to": [16.025, 6, 16.025],
			"rotation": {"angle": 0, "axis": "y", "origin": [8, 0, 8]},
			"faces": {
				"north": {"uv": [0, 0, 0.025, 1], "texture": "#overlay"},
				"east": {"uv": [0, 2, 1, 3], "texture": "#overlay"},
				"south": {"uv": [0, 0, 0.025, 1], "texture": "#overlay"},
				"west": {"uv": [0, 0, 5, 1], "texture": "#overlay"},
				"up": {"uv": [0, 0, 5, 0.025], "rotation": 90, "texture": "#overlay"},
				"down": {"uv": [0, 0, 5, 0.025], "rotation": 270, "texture": "#overlay"}
			}
		},
		{
			"from": [16, 4, 11],
			"to": [16.025, 5, 12],
			"rotation": {"angle": 0, "axis": "y", "origin": [8, 0, 8]},
			"faces": {
				"north": {"uv": [0, 0, 0.025, 1], "texture": "#overlay"},
				"east": {"uv": [4, 3, 5, 4], "texture": "#overlay"},
				"south": {"uv": [0, 0, 0.025, 1], "texture": "#overlay"},
				"west": {"uv": [0, 0, 5, 1], "texture": "#overlay"},
				"up": {"uv": [0, 0, 5, 0.025], "rotation": 90, "texture": "#overlay"},
				"down": {"uv": [0, 0, 5, 0.025], "rotation": 270, "texture": "#overlay"}
			}
		},
		{
			"from": [16, 5, 9],
			"to": [16.025, 6, 10],
			"rotation": {"angle": 0, "axis": "y", "origin": [8, 0, 8]},
			"faces": {
				"north": {"uv": [0, 0, 0.025, 1], "texture": "#overlay"},
				"east": {"uv": [6, 2, 7, 3], "texture": "#overlay"},
				"south": {"uv": [0, 0, 0.025, 1], "texture": "#overlay"},
				"west": {"uv": [0, 0, 5, 1], "texture": "#overlay"},
				"up": {"uv": [0, 0, 5, 0.025], "rotation": 90, "texture": "#overlay"},
				"down": {"uv": [0, 0, 5, 0.025], "rotation": 270, "texture": "#overlay"}
			}
		},
		{
			"from": [16, 4, 7],
			"to": [16.025, 5, 8],
			"rotation": {"angle": 0, "axis": "y", "origin": [8, 0, 8]},
			"faces": {
				"north": {"uv": [0, 0, 0.025, 1], "texture": "#overlay"},
				"east": {"uv": [8, 3, 9, 4], "texture": "#overlay"},
				"south": {"uv": [0, 0, 0.025, 1], "texture": "#overlay"},
				"west": {"uv": [0, 0, 5, 1], "texture": "#overlay"},
				"up": {"uv": [0, 0, 5, 0.025], "rotation": 90, "texture": "#overlay"},
				"down": {"uv": [0, 0, 5, 0.025], "rotation": 270, "texture": "#overlay"}
			}
		},
		{
			"from": [16, 4, 5],
			"to": [16.025, 5, 6],
			"rotation": {"angle": 0, "axis": "y", "origin": [8, 0, 8]},
			"faces": {
				"north": {"uv": [0, 0, 0.025, 1], "texture": "#overlay"},
				"east": {"uv": [10, 3, 11, 4], "texture": "#overlay"},
				"south": {"uv": [0, 0, 0.025, 1], "texture": "#overlay"},
				"west": {"uv": [0, 0, 5, 1], "texture": "#overlay"},
				"up": {"uv": [0, 0, 5, 0.025], "rotation": 90, "texture": "#overlay"},
				"down": {"uv": [0, 0, 5, 0.025], "rotation": 270, "texture": "#overlay"}
			}
		},
		{
			"from": [16, 5, 11],
			"to": [16.025, 6, 14],
			"rotation": {"angle": 0, "axis": "y", "origin": [8, 0, 8]},
			"faces": {
				"north": {"uv": [0, 0, 0.025, 1], "texture": "#overlay"},
				"east": {"uv": [2, 2, 5, 3], "texture": "#overlay"},
				"south": {"uv": [0, 0, 0.025, 1], "texture": "#overlay"},
				"west": {"uv": [0, 0, 5, 1], "texture": "#overlay"},
				"up": {"uv": [0, 0, 5, 0.025], "rotation": 90, "texture": "#overlay"},
				"down": {"uv": [0, 0, 5, 0.025], "rotation": 270, "texture": "#overlay"}
			}
		},
		{
			"from": [-0.025, 7, 16],
			"to": [16, 8, 16.025],
			"rotation": {"angle": 0, "axis": "y", "origin": [8, 0, 8]},
			"faces": {
				"north": {"uv": [0, 0, 16, 1], "texture": "#overlay"},
				"east": {"uv": [0, 0, 0.025, 1], "texture": "#overlay"},
				"south": {"uv": [0, 0, 16, 1], "texture": "#overlay"},
				"west": {"uv": [0, 0, 0.025, 1], "texture": "#overlay"},
				"up": {"uv": [0, 0, 16, 0.025], "rotation": 180, "texture": "#overlay"},
				"down": {"uv": [0, 0, 16, 0.025], "rotation": 180, "texture": "#overlay"}
			}
		},
		{
			"from": [-0.025, 6, 16],
			"to": [5, 7, 16.025],
			"rotation": {"angle": 0, "axis": "y", "origin": [8, 0, 8]},
			"faces": {
				"north": {"uv": [0, 0, 5, 1], "texture": "#overlay"},
				"east": {"uv": [0, 0, 0.025, 1], "texture": "#overlay"},
				"south": {"uv": [0, 1, 5, 2], "texture": "#overlay"},
				"west": {"uv": [0, 0, 0.025, 1], "texture": "#overlay"},
				"up": {"uv": [0, 0, 5, 0.025], "rotation": 180, "texture": "#overlay"},
				"down": {"uv": [0, 0, 5, 0.025], "rotation": 180, "texture": "#overlay"}
			}
		},
		{
			"from": [6, 6, 16],
			"to": [16, 7, 16.025],
			"rotation": {"angle": 0, "axis": "y", "origin": [8, 0, 8]},
			"faces": {
				"north": {"uv": [0, 0, 5, 1], "texture": "#overlay"},
				"east": {"uv": [0, 0, 0.025, 1], "texture": "#overlay"},
				"south": {"uv": [6, 1, 16, 2], "texture": "#overlay"},
				"west": {"uv": [0, 0, 0.025, 1], "texture": "#overlay"},
				"up": {"uv": [0, 0, 5, 0.025], "rotation": 180, "texture": "#overlay"},
				"down": {"uv": [0, 0, 5, 0.025], "rotation": 180, "texture": "#overlay"}
			}
		},
		{
			"from": [13, 5, 16],
			"to": [15, 6, 16.025],
			"rotation": {"angle": 0, "axis": "y", "origin": [8, 0, 8]},
			"faces": {
				"north": {"uv": [0, 0, 5, 1], "texture": "#overlay"},
				"east": {"uv": [0, 0, 0.025, 1], "texture": "#overlay"},
				"south": {"uv": [13, 2, 15, 3], "texture": "#overlay"},
				"west": {"uv": [0, 0, 0.025, 1], "texture": "#overlay"},
				"up": {"uv": [0, 0, 5, 0.025], "rotation": 180, "texture": "#overlay"},
				"down": {"uv": [0, 0, 5, 0.025], "rotation": 180, "texture": "#overlay"}
			}
		},
		{
			"from": [8, 5, 16],
			"to": [12, 6, 16.025],
			"rotation": {"angle": 0, "axis": "y", "origin": [8, 0, 8]},
			"faces": {
				"north": {"uv": [0, 0, 5, 1], "texture": "#overlay"},
				"east": {"uv": [0, 0, 0.025, 1], "texture": "#overlay"},
				"south": {"uv": [8, 2, 12, 3], "texture": "#overlay"},
				"west": {"uv": [0, 0, 0.025, 1], "texture": "#overlay"},
				"up": {"uv": [0, 0, 5, 0.025], "rotation": 180, "texture": "#overlay"},
				"down": {"uv": [0, 0, 5, 0.025], "rotation": 180, "texture": "#overlay"}
			}
		},
		{
			"from": [-0.025, 5, 16],
			"to": [1, 6, 16.025],
			"rotation": {"angle": 0, "axis": "y", "origin": [8, 0, 8]},
			"faces": {
				"north": {"uv": [0, 0, 5, 1], "texture": "#overlay"},
				"east": {"uv": [0, 0, 0.025, 1], "texture": "#overlay"},
				"south": {"uv": [0, 2, 1, 3], "texture": "#overlay"},
				"west": {"uv": [0, 0, 0.025, 1], "texture": "#overlay"},
				"up": {"uv": [0, 0, 5, 0.025], "rotation": 180, "texture": "#overlay"},
				"down": {"uv": [0, 0, 5, 0.025], "rotation": 180, "texture": "#overlay"}
			}
		},
		{
			"from": [4, 4, 16],
			"to": [5, 5, 16.025],
			"rotation": {"angle": 0, "axis": "y", "origin": [8, 0, 8]},
			"faces": {
				"north": {"uv": [0, 0, 5, 1], "texture": "#overlay"},
				"east": {"uv": [0, 0, 0.025, 1], "texture": "#overlay"},
				"south": {"uv": [4, 3, 5, 4], "texture": "#overlay"},
				"west": {"uv": [0, 0, 0.025, 1], "texture": "#overlay"},
				"up": {"uv": [0, 0, 5, 0.025], "rotation": 180, "texture": "#overlay"},
				"down": {"uv": [0, 0, 5, 0.025], "rotation": 180, "texture": "#overlay"}
			}
		},
		{
			"from": [6, 5, 16],
			"to": [7, 6, 16.025],
			"rotation": {"angle": 0, "axis": "y", "origin": [8, 0, 8]},
			"faces": {
				"north": {"uv": [0, 0, 5, 1], "texture": "#overlay"},
				"east": {"uv": [0, 0, 0.025, 1], "texture": "#overlay"},
				"south": {"uv": [6, 2, 7, 3], "texture": "#overlay"},
				"west": {"uv": [0, 0, 0.025, 1], "texture": "#overlay"},
				"up": {"uv": [0, 0, 5, 0.025], "rotation": 180, "texture": "#overlay"},
				"down": {"uv": [0, 0, 5, 0.025], "rotation": 180, "texture": "#overlay"}
			}
		},
		{
			"from": [8, 4, 16],
			"to": [9, 5, 16.025],
			"rotation": {"angle": 0, "axis": "y", "origin": [8, 0, 8]},
			"faces": {
				"north": {"uv": [0, 0, 5, 1], "texture": "#overlay"},
				"east": {"uv": [0, 0, 0.025, 1], "texture": "#overlay"},
				"south": {"uv": [8, 3, 9, 4], "texture": "#overlay"},
				"west": {"uv": [0, 0, 0.025, 1], "texture": "#overlay"},
				"up": {"uv": [0, 0, 5, 0.025], "rotation": 180, "texture": "#overlay"},
				"down": {"uv": [0, 0, 5, 0.025], "rotation": 180, "texture": "#overlay"}
			}
		},
		{
			"from": [10, 4, 16],
			"to": [11, 5, 16.025],
			"rotation": {"angle": 0, "axis": "y", "origin": [8, 0, 8]},
			"faces": {
				"north": {"uv": [0, 0, 5, 1], "texture": "#overlay"},
				"east": {"uv": [0, 0, 0.025, 1], "texture": "#overlay"},
				"south": {"uv": [10, 3, 11, 4], "texture": "#overlay"},
				"west": {"uv": [0, 0, 0.025, 1], "texture": "#overlay"},
				"up": {"uv": [0, 0, 5, 0.025], "rotation": 180, "texture": "#overlay"},
				"down": {"uv": [0, 0, 5, 0.025], "rotation": 180, "texture": "#overlay"}
			}
		},
		{
			"from": [2, 5, 16],
			"to": [5, 6, 16.025],
			"rotation": {"angle": 0, "axis": "y", "origin": [8, 0, 8]},
			"faces": {
				"north": {"uv": [0, 0, 5, 1], "texture": "#overlay"},
				"east": {"uv": [0, 0, 0.025, 1], "texture": "#overlay"},
				"south": {"uv": [2, 2, 5, 3], "texture": "#overlay"},
				"west": {"uv": [0, 0, 0.025, 1], "texture": "#overlay"},
				"up": {"uv": [0, 0, 5, 0.025], "rotation": 180, "texture": "#overlay"},
				"down": {"uv": [0, 0, 5, 0.025], "rotation": 180, "texture": "#overlay"}
			}
		},
		{
			"from": [-0.025, 7, -0.025],
			"to": [0, 8, 16],
			"rotation": {"angle": 0, "axis": "y", "origin": [8, 0, 8]},
			"faces": {
				"north": {"uv": [0, 0, 0.025, 1], "texture": "#overlay"},
				"east": {"uv": [0, 0, 16, 1], "texture": "#overlay"},
				"south": {"uv": [0, 0, 0.025, 1], "texture": "#overlay"},
				"west": {"uv": [0, 0, 16, 1], "texture": "#overlay"},
				"up": {"uv": [0, 0, 16, 0.025], "rotation": 270, "texture": "#overlay"},
				"down": {"uv": [0, 0, 16, 0.025], "rotation": 90, "texture": "#overlay"}
			}
		},
		{
			"from": [-0.025, 6, -0.025],
			"to": [0, 7, 5],
			"rotation": {"angle": 0, "axis": "y", "origin": [8, 0, 8]},
			"faces": {
				"north": {"uv": [0, 0, 0.025, 1], "texture": "#overlay"},
				"east": {"uv": [0, 0, 5, 1], "texture": "#overlay"},
				"south": {"uv": [0, 0, 0.025, 1], "texture": "#overlay"},
				"west": {"uv": [0, 1, 5, 2], "texture": "#overlay"},
				"up": {"uv": [0, 0, 5, 0.025], "rotation": 270, "texture": "#overlay"},
				"down": {"uv": [0, 0, 5, 0.025], "rotation": 90, "texture": "#overlay"}
			}
		},
		{
			"from": [-0.025, 6, 6],
			"to": [0, 7, 16],
			"rotation": {"angle": 0, "axis": "y", "origin": [8, 0, 8]},
			"faces": {
				"north": {"uv": [0, 0, 0.025, 1], "texture": "#overlay"},
				"east": {"uv": [0, 0, 5, 1], "texture": "#overlay"},
				"south": {"uv": [0, 0, 0.025, 1], "texture": "#overlay"},
				"west": {"uv": [6, 1, 16, 2], "texture": "#overlay"},
				"up": {"uv": [0, 0, 5, 0.025], "rotation": 270, "texture": "#overlay"},
				"down": {"uv": [0, 0, 5, 0.025], "rotation": 90, "texture": "#overlay"}
			}
		},
		{
			"from": [-0.025, 5, 13],
			"to": [0, 6, 15],
			"rotation": {"angle": 0, "axis": "y", "origin": [8, 0, 8]},
			"faces": {
				"north": {"uv": [0, 0, 0.025, 1], "texture": "#overlay"},
				"east": {"uv": [0, 0, 5, 1], "texture": "#overlay"},
				"south": {"uv": [0, 0, 0.025, 1], "texture": "#overlay"},
				"west": {"uv": [13, 2, 15, 3], "texture": "#overlay"},
				"up": {"uv": [0, 0, 5, 0.025], "rotation": 270, "texture": "#overlay"},
				"down": {"uv": [0, 0, 5, 0.025], "rotation": 90, "texture": "#overlay"}
			}
		},
		{
			"from": [-0.025, 5, 8],
			"to": [0, 6, 12],
			"rotation": {"angle": 0, "axis": "y", "origin": [8, 0, 8]},
			"faces": {
				"north": {"uv": [0, 0, 0.025, 1], "texture": "#overlay"},
				"east": {"uv": [0, 0, 5, 1], "texture": "#overlay"},
				"south": {"uv": [0, 0, 0.025, 1], "texture": "#overlay"},
				"west": {"uv": [8, 2, 12, 3], "texture": "#overlay"},
				"up": {"uv": [0, 0, 5, 0.025], "rotation": 270, "texture": "#overlay"},
				"down": {"uv": [0, 0, 5, 0.025], "rotation": 90, "texture": "#overlay"}
			}
		},
		{
			"from": [-0.025, 5, -0.025],
			"to": [0, 6, 1],
			"rotation": {"angle": 0, "axis": "y", "origin": [8, 0, 8]},
			"faces": {
				"north": {"uv": [0, 0, 0.025, 1], "texture": "#overlay"},
				"east": {"uv": [0, 0, 5, 1], "texture": "#overlay"},
				"south": {"uv": [0, 0, 0.025, 1], "texture": "#overlay"},
				"west": {"uv": [0, 2, 1, 3], "texture": "#overlay"},
				"up": {"uv": [0, 0, 5, 0.025], "rotation": 270, "texture": "#overlay"},
				"down": {"uv": [0, 0, 5, 0.025], "rotation": 90, "texture": "#overlay"}
			}
		},
		{
			"from": [-0.025, 4, 4],
			"to": [0, 5, 5],
			"rotation": {"angle": 0, "axis": "y", "origin": [8, 0, 8]},
			"faces": {
				"north": {"uv": [0, 0, 0.025, 1], "texture": "#overlay"},
				"east": {"uv": [0, 0, 5, 1], "texture": "#overlay"},
				"south": {"uv": [0, 0, 0.025, 1], "texture": "#overlay"},
				"west": {"uv": [4, 3, 5, 4], "texture": "#overlay"},
				"up": {"uv": [0, 0, 5, 0.025], "rotation": 270, "texture": "#overlay"},
				"down": {"uv": [0, 0, 5, 0.025], "rotation": 90, "texture": "#overlay"}
			}
		},
		{
			"from": [-0.025, 5, 6],
			"to": [0, 6, 7],
			"rotation": {"angle": 0, "axis": "y", "origin": [8, 0, 8]},
			"faces": {
				"north": {"uv": [0, 0, 0.025, 1], "texture": "#overlay"},
				"east": {"uv": [0, 0, 5, 1], "texture": "#overlay"},
				"south": {"uv": [0, 0, 0.025, 1], "texture": "#overlay"},
				"west": {"uv": [6, 2, 7, 3], "texture": "#overlay"},
				"up": {"uv": [0, 0, 5, 0.025], "rotation": 270, "texture": "#overlay"},
				"down": {"uv": [0, 0, 5, 0.025], "rotation": 90, "texture": "#overlay"}
			}
		},
		{
			"from": [-0.025, 4, 8],
			"to": [0, 5, 9],
			"rotation": {"angle": 0, "axis": "y", "origin": [8, 0, 8]},
			"faces": {
				"north": {"uv": [0, 0, 0.025, 1], "texture": "#overlay"},
				"east": {"uv": [0, 0, 5, 1], "texture": "#overlay"},
				"south": {"uv": [0, 0, 0.025, 1], "texture": "#overlay"},
				"west": {"uv": [8, 3, 9, 4], "texture": "#overlay"},
				"up": {"uv": [0, 0, 5, 0.025], "rotation": 270, "texture": "#overlay"},
				"down": {"uv": [0, 0, 5, 0.025], "rotation": 90, "texture": "#overlay"}
			}
		},
		{
			"from": [-0.025, 4, 10],
			"to": [0, 5, 11],
			"rotation": {"angle": 0, "axis": "y", "origin": [8, 0, 8]},
			"faces": {
				"north": {"uv": [0, 0, 0.025, 1], "texture": "#overlay"},
				"east": {"uv": [0, 0, 5, 1], "texture": "#overlay"},
				"south": {"uv": [0, 0, 0.025, 1], "texture": "#overlay"},
				"west": {"uv": [10, 3, 11, 4], "texture": "#overlay"},
				"up": {"uv": [0, 0, 5, 0.025], "rotation": 270, "texture": "#overlay"},
				"down": {"uv": [0, 0, 5, 0.025], "rotation": 90, "texture": "#overlay"}
			}
		},
		{
			"from": [-0.025, 5, 2],
			"to": [0, 6, 5],
			"rotation": {"angle": 0, "axis": "y", "origin": [8, 0, 8]},
			"faces": {
				"north": {"uv": [0, 0, 0.025, 1], "texture": "#overlay"},
				"east": {"uv": [0, 0, 5, 1], "texture": "#overlay"},
				"south": {"uv": [0, 0, 0.025, 1], "texture": "#overlay"},
				"west": {"uv": [2, 2, 5, 3], "texture": "#overlay"},
				"up": {"uv": [0, 0, 5, 0.025], "rotation": 270, "texture": "#overlay"},
				"down": {"uv": [0, 0, 5, 0.025], "rotation": 90, "texture": "#overlay"}
			}
		}
	],
	"groups": [
		0,
		{
			"name": "N",
			"origin": [0, 0, 0],
			"color": 0,
			"children": [1, 2, 3, 4, 5, 6, 7, 8, 9, 10, 11]
		},
		{
			"name": "E",
			"origin": [0, 0, 0],
			"color": 0,
			"children": [12, 13, 14, 15, 16, 17, 18, 19, 20, 21, 22]
		},
		{
			"name": "S",
			"origin": [0, 0, 0],
			"color": 0,
			"children": [23, 24, 25, 26, 27, 28, 29, 30, 31, 32, 33]
		},
		{
			"name": "W",
			"origin": [0, 0, 0],
			"color": 0,
			"children": [34, 35, 36, 37, 38, 39, 40, 41, 42, 43, 44]
		}
	]
}