{
	"credit": "Made with Blockbench",
	"parent": "block/cube",
	"textures": {
		"0": "block/stripped_oak_log",
		"1": "block/stripped_oak_log_top",
		"particle": "block/stripped_oak_log"
	},
	"elements": [
		{
			"name": "hexadecagon",
			"from": [6.60761, 0, 1],
			"to": [9.39239, 16, 15],
			"rotation": {"angle": -45, "axis": "y", "origin": [8, 8, 8]},
			"faces": {
				"north": {"uv": [8, 0, 10, 16], "texture": "#0"},
				"east": {"uv": [0, 0, 1, 1], "texture": "#missing"},
				"south": {"uv": [8, 0, 10, 16], "texture": "#0"},
				"west": {"uv": [0, 0, 1, 1], "texture": "#missing"},
				"up": {"uv": [6, 0, 10, 16], "texture": "#1"},
				"down": {"uv": [6, 0, 10, 16], "texture": "#1"}
			}
		},
		{
			"name": "hexadecagon",
			"from": [6.60761, 0, 1],
			"to": [9.39239, 16, 15],
			"rotation": {"angle": -22.5, "axis": "y", "origin": [8, 8, 8]},
			"faces": {
				"north": {"uv": [10, 0, 12, 16], "texture": "#0"},
				"east": {"uv": [0, 0, 1, 1], "texture": "#missing"},
				"south": {"uv": [10, 0, 12, 16], "texture": "#0"},
				"west": {"uv": [0, 0, 1, 1], "texture": "#missing"},
				"up": {"uv": [6, 0, 10, 16], "texture": "#1"},
				"down": {"uv": [6, 0, 10, 16], "texture": "#1"}
			}
		},
		{
			"name": "hexadecagon",
			"from": [6.60761, 0, 1],
			"to": [9.39239, 16, 15],
			"rotation": {"angle": 0, "axis": "y", "origin": [8, 8, 8]},
			"faces": {
				"north": {"uv": [4, 0, 6, 16], "texture": "#0"},
				"east": {"uv": [0, 0, 1, 1], "texture": "#missing"},
				"south": {"uv": [4, 0, 6, 16], "texture": "#0"},
				"west": {"uv": [0, 0, 1, 1], "texture": "#missing"},
				"up": {"uv": [6, 0, 10, 16], "texture": "#1"},
				"down": {"uv": [6, 0, 10, 16], "texture": "#1"}
			}
		},
		{
			"name": "hexadecagon",
			"from": [6.60761, 0, 1],
			"to": [9.39239, 16, 15],
			"rotation": {"angle": 22.5, "axis": "y", "origin": [8, 8, 8]},
			"faces": {
				"north": {"uv": [6, 0, 8, 16], "texture": "#0"},
				"east": {"uv": [0, 0, 1, 1], "texture": "#missing"},
				"south": {"uv": [6, 0, 8, 16], "texture": "#0"},
				"west": {"uv": [0, 0, 1, 1], "texture": "#missing"},
				"up": {"uv": [6, 0, 10, 16], "texture": "#1"},
				"down": {"uv": [6, 0, 10, 16], "texture": "#1"}
			}
		},
		{
			"name": "hexadecagon",
			"from": [6.60761, 0, 1],
			"to": [9.39239, 16, 15],
			"rotation": {"angle": 45, "axis": "y", "origin": [8, 8, 8]},
			"faces": {
				"north": {"uv": [8, 0, 10, 16], "texture": "#0"},
				"east": {"uv": [0, 0, 1, 1], "texture": "#missing"},
				"south": {"uv": [8, 0, 10, 16], "texture": "#0"},
				"west": {"uv": [0, 0, 1, 1], "texture": "#missing"},
				"up": {"uv": [6, 0, 10, 16], "texture": "#1"},
				"down": {"uv": [6, 0, 10, 16], "texture": "#1"}
			}
		},
		{
			"name": "hexadecagon",
			"from": [1, 0, 6.60761],
			"to": [15, 16, 9.39239],
			"rotation": {"angle": -22.5, "axis": "y", "origin": [8, 8, 8]},
			"faces": {
				"north": {"uv": [0, 0, 1, 1], "texture": "#missing"},
				"east": {"uv": [10, 0, 12, 16], "texture": "#0"},
				"south": {"uv": [0, 0, 1, 1], "texture": "#missing"},
				"west": {"uv": [10, 0, 12, 16], "texture": "#0"},
				"up": {"uv": [6, 0, 10, 16], "rotation": 90, "texture": "#1"},
				"down": {"uv": [6, 0, 10, 16], "rotation": 90, "texture": "#1"}
			}
		},
		{
			"name": "hexadecagon",
			"from": [1, 0, 6.60761],
			"to": [15, 16, 9.39239],
			"rotation": {"angle": 0, "axis": "y", "origin": [8, 8, 8]},
			"faces": {
				"north": {"uv": [0, 0, 1, 1], "texture": "#missing"},
				"east": {"uv": [4, 0, 6, 16], "texture": "#0"},
				"south": {"uv": [0, 0, 1, 1], "texture": "#missing"},
				"west": {"uv": [4, 0, 6, 16], "texture": "#0"},
				"up": {"uv": [6, 0, 10, 16], "rotation": 90, "texture": "#1"},
				"down": {"uv": [6, 0, 10, 16], "rotation": 90, "texture": "#1"}
			}
		},
		{
			"name": "hexadecagon",
			"from": [1, 0, 6.60761],
			"to": [15, 16, 9.39239],
			"rotation": {"angle": 22.5, "axis": "y", "origin": [8, 8, 8]},
			"faces": {
				"north": {"uv": [0, 0, 1, 1], "texture": "#missing"},
				"east": {"uv": [6, 0, 8, 16], "texture": "#0"},
				"south": {"uv": [0, 0, 1, 1], "texture": "#missing"},
				"west": {"uv": [6, 0, 8, 16], "texture": "#0"},
				"up": {"uv": [6, 0, 10, 16], "rotation": 90, "texture": "#1"},
				"down": {"uv": [6, 0, 10, 16], "rotation": 90, "texture": "#1"}
			}
		}
	],
	"groups": [
		{
			"name": "hexadecagon",
			"origin": [8, 8, 8],
			"color": 0,
			"children": [0, 1, 2, 3, 4, 5, 6, 7]
		}
	]
}