{
	"credit": "Made with Blockbench",
	"textures": {
		"1": "block/custom/eco_reflector",
		"2": "block/oak_planks",
		"particle": "block/oak_planks"
	},
	"elements": [
		{
			"from": [6, 0.5, -4],
			"to": [10, 17.5, -1],
			"rotation": {"angle": 0, "axis": "x", "origin": [0, 6, 1]},
			"faces": {
				"north": {"uv": [0, 0, 4, 16], "texture": "#1"},
				"east": {"uv": [0, 0, 3, 16], "texture": "#1"},
				"south": {"uv": [0, 0, 4, 16], "texture": "#1"},
				"west": {"uv": [0, 0, 3, 16], "texture": "#1"},
				"up": {"uv": [0, 0, 4, 3], "texture": "#1"},
				"down": {"uv": [0, 0, 4, 3], "texture": "#1"}
			}
		},
		{
			"from": [6, 0.5, 17],
			"to": [10, 17.5, 20],
			"rotation": {"angle": 0, "axis": "x", "origin": [0, 6, 15]},
			"faces": {
				"north": {"uv": [13, 0, 16, 16], "texture": "#1"},
				"east": {"uv": [0, 0, 3, 16], "texture": "#1"},
				"south": {"uv": [0, 0.5, 4, 4.5], "texture": "#1"},
				"west": {"uv": [11.5, 0, 16, 16], "texture": "#1"},
				"up": {"uv": [0, 0, 4, 3], "texture": "#1"},
				"down": {"uv": [0, 0, 4, 3], "texture": "#1"}
			}
		},
		{
			"name": "hexadecagon",
			"from": [6.4087, -4.5, 0],
			"to": [9.5913, -1.5, 16],
			"rotation": {"angle": -45, "axis": "y", "origin": [8, -3, 8]},
			"faces": {
				"north": {"uv": [0, 0, 4, 4], "texture": "#1"},
				"east": {"uv": [0, 0, 1, 1], "texture": "#missing"},
				"south": {"uv": [0, 0, 4, 4], "texture": "#1"},
				"west": {"uv": [0, 0, 1, 1], "texture": "#missing"},
				"up": {"uv": [0, 0, 1, 1], "texture": "#missing"},
				"down": {"uv": [0, 0, 1, 1], "texture": "#missing"}
			}
		},
		{
			"name": "hexadecagon",
			"from": [6.4087, -4.5, 0],
			"to": [9.5913, -1.5, 16],
			"rotation": {"angle": -22.5, "axis": "y", "origin": [8, -3, 8]},
			"faces": {
				"north": {"uv": [0, 0, 4, 4], "texture": "#1"},
				"east": {"uv": [0, 0, 1, 1], "texture": "#missing"},
				"south": {"uv": [0, 0, 4, 4], "texture": "#1"},
				"west": {"uv": [0, 0, 1, 1], "texture": "#missing"},
				"up": {"uv": [0, 0, 1, 1], "texture": "#missing"},
				"down": {"uv": [0, 0, 1, 1], "texture": "#missing"}
			}
		},
		{
			"name": "hexadecagon",
			"from": [6.4087, -4.5, 0],
			"to": [9.5913, -1.5, 16],
			"rotation": {"angle": 0, "axis": "y", "origin": [8, -3, 8]},
			"faces": {
				"north": {"uv": [0, 0, 4, 4], "texture": "#1"},
				"east": {"uv": [0, 0, 1, 1], "texture": "#missing"},
				"south": {"uv": [0, 0, 4, 4], "texture": "#1"},
				"west": {"uv": [0, 0, 1, 1], "texture": "#missing"},
				"up": {"uv": [0, 0, 1, 1], "texture": "#missing"},
				"down": {"uv": [0, 0, 1, 1], "texture": "#missing"}
			}
		},
		{
			"name": "hexadecagon",
			"from": [6.4087, -4.5, 0],
			"to": [9.5913, -1.5, 16],
			"rotation": {"angle": 22.5, "axis": "y", "origin": [8, -3, 8]},
			"faces": {
				"north": {"uv": [0, 0, 4, 4], "texture": "#1"},
				"east": {"uv": [0, 0, 1, 1], "texture": "#missing"},
				"south": {"uv": [0, 0, 4, 4], "texture": "#1"},
				"west": {"uv": [0, 0, 1, 1], "texture": "#missing"},
				"up": {"uv": [0, 0, 1, 1], "texture": "#missing"},
				"down": {"uv": [0, 0, 1, 1], "texture": "#missing"}
			}
		},
		{
			"name": "hexadecagon",
			"from": [6.4087, -4.5, 0],
			"to": [9.5913, -1.5, 16],
			"rotation": {"angle": 45, "axis": "y", "origin": [8, -3, 8]},
			"faces": {
				"north": {"uv": [0, 0, 4, 4], "texture": "#1"},
				"east": {"uv": [0, 0, 1, 1], "texture": "#missing"},
				"south": {"uv": [0, 0, 4, 4], "texture": "#1"},
				"west": {"uv": [0, 0, 1, 1], "texture": "#missing"},
				"up": {"uv": [0, 0, 1, 1], "texture": "#missing"},
				"down": {"uv": [0, 0, 1, 1], "texture": "#missing"}
			}
		},
		{
			"name": "hexadecagon",
			"from": [0, -4.5, 6.4087],
			"to": [16, -1.5, 9.5913],
			"rotation": {"angle": -22.5, "axis": "y", "origin": [8, -3, 8]},
			"faces": {
				"north": {"uv": [0, 0, 1, 1], "texture": "#missing"},
				"east": {"uv": [0, 0, 4, 4], "texture": "#1"},
				"south": {"uv": [0, 0, 1, 1], "texture": "#missing"},
				"west": {"uv": [0, 0, 4, 4], "texture": "#1"},
				"up": {"uv": [0, 0, 1, 1], "texture": "#missing"},
				"down": {"uv": [0, 0, 1, 1], "texture": "#missing"}
			}
		},
		{
			"name": "hexadecagon",
			"from": [0, -4.5, 6.4087],
			"to": [16, -1.5, 9.5913],
			"rotation": {"angle": 0, "axis": "y", "origin": [8, -3, 8]},
			"faces": {
				"north": {"uv": [0, 0, 1, 1], "texture": "#missing"},
				"east": {"uv": [0, 0, 4, 4], "texture": "#1"},
				"south": {"uv": [0, 0, 1, 1], "texture": "#missing"},
				"west": {"uv": [0, 0, 4, 4], "texture": "#1"},
				"up": {"uv": [0, 0, 1, 1], "texture": "#missing"},
				"down": {"uv": [0, 0, 1, 1], "texture": "#missing"}
			}
		},
		{
			"name": "hexadecagon",
			"from": [0, -4.5, 6.4087],
			"to": [16, -1.5, 9.5913],
			"rotation": {"angle": 22.5, "axis": "y", "origin": [8, -3, 8]},
			"faces": {
				"north": {"uv": [0, 0, 1, 1], "texture": "#missing"},
				"east": {"uv": [0, 0, 4, 4], "texture": "#1"},
				"south": {"uv": [0, 0, 1, 1], "texture": "#missing"},
				"west": {"uv": [0, 0, 4, 4], "texture": "#1"},
				"up": {"uv": [0, 0, 1, 1], "texture": "#missing"},
				"down": {"uv": [0, 0, 1, 1], "texture": "#missing"}
			}
		},
		{
			"name": "hexadecagon",
			"from": [6.01088, 0, -2],
			"to": [9.98912, 3, 18],
			"rotation": {"angle": -45, "axis": "y", "origin": [8, 1.5, 8]},
			"faces": {
				"north": {"uv": [8, 0, 12, 3], "texture": "#2"},
				"east": {"uv": [0, 0, 1, 1], "texture": "#missing"},
				"south": {"uv": [8, 0, 12, 3], "texture": "#2"},
				"west": {"uv": [0, 0, 1, 1], "texture": "#missing"},
				"up": {"uv": [0, 4, 16, 7], "rotation": 90, "texture": "#2"},
				"down": {"uv": [0, 4, 16, 7], "rotation": 90, "texture": "#2"}
			}
		},
		{
			"name": "hexadecagon",
			"from": [6.01088, 0, -2],
			"to": [9.98912, 3, 18],
			"rotation": {"angle": -22.5, "axis": "y", "origin": [8, 1.5, 8]},
			"faces": {
				"north": {"uv": [12, 0, 16, 3], "texture": "#2"},
				"east": {"uv": [0, 0, 1, 1], "texture": "#missing"},
				"south": {"uv": [12, 0, 16, 3], "texture": "#2"},
				"west": {"uv": [0, 0, 1, 1], "texture": "#missing"},
				"up": {"uv": [0, 4, 16, 7], "rotation": 90, "texture": "#2"},
				"down": {"uv": [0, 4, 16, 7], "rotation": 90, "texture": "#2"}
			}
		},
		{
			"name": "hexadecagon",
			"from": [6.01088, 0, -2],
			"to": [9.98912, 3, 18],
			"rotation": {"angle": 0, "axis": "y", "origin": [8, 1.5, 8]},
			"faces": {
				"north": {"uv": [0, 0, 4, 3], "texture": "#2"},
				"east": {"uv": [0, 0, 1, 1], "texture": "#missing"},
				"south": {"uv": [0, 0, 4, 3], "texture": "#2"},
				"west": {"uv": [0, 0, 1, 1], "texture": "#missing"},
				"up": {"uv": [0, 4, 16, 7], "rotation": 90, "texture": "#2"},
				"down": {"uv": [0, 4, 16, 7], "rotation": 90, "texture": "#2"}
			}
		},
		{
			"name": "hexadecagon",
			"from": [6.01088, 0, -2],
			"to": [9.98912, 3, 18],
			"rotation": {"angle": 22.5, "axis": "y", "origin": [8, 1.5, 8]},
			"faces": {
				"north": {"uv": [4, 0, 8, 3], "texture": "#2"},
				"east": {"uv": [0, 0, 1, 1], "texture": "#missing"},
				"south": {"uv": [4, 0, 8, 3], "texture": "#2"},
				"west": {"uv": [0, 0, 1, 1], "texture": "#missing"},
				"up": {"uv": [0, 4, 16, 7], "rotation": 90, "texture": "#2"},
				"down": {"uv": [0, 4, 16, 7], "rotation": 90, "texture": "#2"}
			}
		},
		{
			"name": "hexadecagon",
			"from": [6.01088, 0, -2],
			"to": [9.98912, 3, 18],
			"rotation": {"angle": 45, "axis": "y", "origin": [8, 1.5, 8]},
			"faces": {
				"north": {"uv": [8, 0, 12, 3], "texture": "#2"},
				"east": {"uv": [0, 0, 1, 1], "texture": "#missing"},
				"south": {"uv": [8, 0, 12, 3], "texture": "#2"},
				"west": {"uv": [0, 0, 1, 1], "texture": "#missing"},
				"up": {"uv": [0, 4, 16, 7], "rotation": 90, "texture": "#2"},
				"down": {"uv": [0, 4, 16, 7], "rotation": 90, "texture": "#2"}
			}
		},
		{
			"name": "hexadecagon",
			"from": [-2, 0, 6.01088],
			"to": [18, 3, 9.98912],
			"rotation": {"angle": -22.5, "axis": "y", "origin": [8, 1.5, 8]},
			"faces": {
				"north": {"uv": [0, 0, 1, 1], "texture": "#missing"},
				"east": {"uv": [12, 0, 16, 3], "texture": "#2"},
				"south": {"uv": [0, 0, 1, 1], "texture": "#missing"},
				"west": {"uv": [12, 0, 16, 3], "texture": "#2"},
				"up": {"uv": [0, 4, 16, 7], "texture": "#2"},
				"down": {"uv": [0, 4, 16, 7], "texture": "#2"}
			}
		},
		{
			"name": "hexadecagon",
			"from": [-2, 0, 6.01088],
			"to": [18, 3, 9.98912],
			"rotation": {"angle": 0, "axis": "y", "origin": [8, 1.5, 8]},
			"faces": {
				"north": {"uv": [0, 0, 1, 1], "texture": "#missing"},
				"east": {"uv": [0, 0, 4, 3], "texture": "#2"},
				"south": {"uv": [0, 0, 1, 1], "texture": "#missing"},
				"west": {"uv": [0, 0, 4, 3], "texture": "#2"},
				"up": {"uv": [0, 4, 16, 7], "texture": "#2"},
				"down": {"uv": [0, 4, 16, 7], "texture": "#2"}
			}
		},
		{
			"name": "hexadecagon",
			"from": [-2, 0, 6.01088],
			"to": [18, 3, 9.98912],
			"rotation": {"angle": 22.5, "axis": "y", "origin": [8, 1.5, 8]},
			"faces": {
				"north": {"uv": [0, 0, 1, 1], "texture": "#missing"},
				"east": {"uv": [4, 0, 8, 3], "texture": "#2"},
				"south": {"uv": [0, 0, 1, 1], "texture": "#missing"},
				"west": {"uv": [4, 0, 8, 3], "texture": "#2"},
				"up": {"uv": [0, 4, 16, 7], "texture": "#2"},
				"down": {"uv": [0, 4, 16, 7], "texture": "#2"}
			}
		},
		{
			"name": "hexadecagon",
			"from": [6.60761, -16, 1],
			"to": [9.39239, 0, 15],
			"rotation": {"angle": -45, "axis": "y", "origin": [8, -8, 8]},
			"color": 7,
			"faces": {
				"north": {"uv": [8, 0, 10, 16], "texture": "#missing"},
				"east": {"uv": [0, 0, 1, 1], "texture": "#missing"},
				"south": {"uv": [8, 0, 10, 16], "texture": "#missing"},
				"west": {"uv": [0, 0, 1, 1], "texture": "#missing"},
				"up": {"uv": [6, 0, 10, 16], "texture": "#missing"},
				"down": {"uv": [6, 0, 10, 16], "texture": "#missing"}
			}
		},
		{
			"name": "hexadecagon",
			"from": [6.60761, -16, 1],
			"to": [9.39239, 0, 15],
			"rotation": {"angle": -22.5, "axis": "y", "origin": [8, -8, 8]},
			"color": 8,
			"faces": {
				"north": {"uv": [10, 0, 12, 16], "texture": "#missing"},
				"east": {"uv": [0, 0, 1, 1], "texture": "#missing"},
				"south": {"uv": [10, 0, 12, 16], "texture": "#missing"},
				"west": {"uv": [0, 0, 1, 1], "texture": "#missing"},
				"up": {"uv": [6, 0, 10, 16], "texture": "#missing"},
				"down": {"uv": [6, 0, 10, 16], "texture": "#missing"}
			}
		},
		{
			"name": "hexadecagon",
			"from": [6.60761, -16, 1],
			"to": [9.39239, 0, 15],
			"rotation": {"angle": 0, "axis": "y", "origin": [8, -8, 8]},
			"color": 5,
			"faces": {
				"north": {"uv": [4, 0, 6, 16], "texture": "#missing"},
				"east": {"uv": [0, 0, 1, 1], "texture": "#missing"},
				"south": {"uv": [4, 0, 6, 16], "texture": "#missing"},
				"west": {"uv": [0, 0, 1, 1], "texture": "#missing"},
				"up": {"uv": [6, 0, 10, 16], "texture": "#missing"},
				"down": {"uv": [6, 0, 10, 16], "texture": "#missing"}
			}
		},
		{
			"name": "hexadecagon",
			"from": [6.60761, -16, 1],
			"to": [9.39239, 0, 15],
			"rotation": {"angle": 22.5, "axis": "y", "origin": [8, -8, 8]},
			"color": 4,
			"faces": {
				"north": {"uv": [6, 0, 8, 16], "texture": "#missing"},
				"east": {"uv": [0, 0, 1, 1], "texture": "#missing"},
				"south": {"uv": [6, 0, 8, 16], "texture": "#missing"},
				"west": {"uv": [0, 0, 1, 1], "texture": "#missing"},
				"up": {"uv": [6, 0, 10, 16], "texture": "#missing"},
				"down": {"uv": [6, 0, 10, 16], "texture": "#missing"}
			}
		},
		{
			"name": "hexadecagon",
			"from": [6.60761, -16, 1],
			"to": [9.39239, 0, 15],
			"rotation": {"angle": 45, "axis": "y", "origin": [8, -8, 8]},
			"color": 2,
			"faces": {
				"north": {"uv": [8, 0, 10, 16], "texture": "#missing"},
				"east": {"uv": [0, 0, 1, 1], "texture": "#missing"},
				"south": {"uv": [8, 0, 10, 16], "texture": "#missing"},
				"west": {"uv": [0, 0, 1, 1], "texture": "#missing"},
				"up": {"uv": [6, 0, 10, 16], "texture": "#missing"},
				"down": {"uv": [6, 0, 10, 16], "texture": "#missing"}
			}
		},
		{
			"name": "hexadecagon",
			"from": [1, -16, 6.60761],
			"to": [15, 0, 9.39239],
			"rotation": {"angle": -22.5, "axis": "y", "origin": [8, -8, 8]},
			"color": 6,
			"faces": {
				"north": {"uv": [0, 0, 1, 1], "texture": "#missing"},
				"east": {"uv": [10, 0, 12, 16], "texture": "#missing"},
				"south": {"uv": [0, 0, 1, 1], "texture": "#missing"},
				"west": {"uv": [10, 0, 12, 16], "texture": "#missing"},
				"up": {"uv": [6, 0, 10, 16], "rotation": 90, "texture": "#missing"},
				"down": {"uv": [6, 0, 10, 16], "rotation": 90, "texture": "#missing"}
			}
		},
		{
			"name": "hexadecagon",
			"from": [1, -16, 6.60761],
			"to": [15, 0, 9.39239],
			"rotation": {"angle": 0, "axis": "y", "origin": [8, -8, 8]},
			"color": 5,
			"faces": {
				"north": {"uv": [0, 0, 1, 1], "texture": "#missing"},
				"east": {"uv": [4, 0, 6, 16], "texture": "#missing"},
				"south": {"uv": [0, 0, 1, 1], "texture": "#missing"},
				"west": {"uv": [4, 0, 6, 16], "texture": "#missing"},
				"up": {"uv": [6, 0, 10, 16], "rotation": 90, "texture": "#missing"},
				"down": {"uv": [6, 0, 10, 16], "rotation": 90, "texture": "#missing"}
			}
		},
		{
			"name": "hexadecagon",
			"from": [1, -16, 6.60761],
			"to": [15, 0, 9.39239],
			"rotation": {"angle": 22.5, "axis": "y", "origin": [8, -8, 8]},
			"color": 0,
			"faces": {
				"north": {"uv": [0, 0, 1, 1], "texture": "#missing"},
				"east": {"uv": [6, 0, 8, 16], "texture": "#missing"},
				"south": {"uv": [0, 0, 1, 1], "texture": "#missing"},
				"west": {"uv": [6, 0, 8, 16], "texture": "#missing"},
				"up": {"uv": [6, 0, 10, 16], "rotation": 90, "texture": "#missing"},
				"down": {"uv": [6, 0, 10, 16], "rotation": 90, "texture": "#missing"}
			}
		}
	],
	"groups": [
		0,
		1,
		{
			"name": "hexadecagon",
			"origin": [8, 8, 8],
			"color": 0,
			"children": []
		},
		{
			"name": "hexadecagon",
			"origin": [8, 8, 8],
			"color": 0,
			"children": [2, 3, 4, 5, 6, 7, 8, 9]
		},
		{
			"name": "hexadecagon",
			"origin": [8, 8, 8],
			"color": 0,
			"children": [10, 11, 12, 13, 14, 15, 16, 17]
		},
		{
			"name": "Log",
			"origin": [8, 8, 8],
			"color": 0,
			"children": [18, 19, 20, 21, 22, 23, 24, 25]
		}
	]
}