{
	"credit": "Made with Blockbench",
	"textures": {
		"0": "block/custom/mirror",
		"particle": "block/custom/mirror"
	},
	"elements": [
		{
			"from": [7.5, -0.5, -6],
			"to": [8.5, 0.5, 22],
			"faces": {
				"north": {"uv": [15, 0, 16, 1], "texture": "#0"},
				"east": {"uv": [15, 0, 16, 16], "rotation": 90, "texture": "#0"},
				"south": {"uv": [15, 0, 16, 1], "texture": "#0"},
				"west": {"uv": [15, 0, 16, 16], "rotation": 90, "texture": "#0"},
				"up": {"uv": [15, 0, 16, 16], "texture": "#0"},
				"down": {"uv": [15, 0, 16, 16], "texture": "#0"}
			}
		},
		{
			"from": [6, -8.25, -0.5],
			"to": [10, 8.75, 16.5],
			"faces": {
				"north": {"uv": [0, 13, 13, 16], "rotation": 90, "texture": "#0"},
				"east": {"uv": [0, 0, 13, 13], "texture": "#0"},
				"south": {"uv": [0, 13, 13, 16], "rotation": 90, "texture": "#0"},
				"west": {"uv": [0, 0, 13, 13], "texture": "#0"},
				"up": {"uv": [0, 13, 13, 16], "rotation": 90, "texture": "#0"},
				"down": {"uv": [0, 13, 13, 16], "rotation": 90, "texture": "#0"}
			}
		}
	]
}