{
	"credit": "Tcathebluecreper",
	"textures": {
		"0": "block/warp_gate",
		"particle": "block/coal_block"
	},
	"elements": [
		{
			"from": [0.1, 0.1, 0.1],
			"to": [15.9, 15.9, 15.9],
			"faces": {
				"north": {"uv": [0, 0, 16, 16], "texture": "#0"},
				"east": {"uv": [0, 0, 16, 16], "texture": "#0"},
				"south": {"uv": [0, 0, 16, 16], "texture": "#0"},
				"west": {"uv": [0, 0, 16, 16], "texture": "#0"},
				"up": {"uv": [0, 0, 16, 16], "texture": "#0"},
				"down": {"uv": [0, 0, 16, 16], "texture": "#0"}
			}
		}
	]
}