{
	"credit": "Made with Blockbench",
	"parent": "minecraft:block/template_orientable_trapdoor_open",
	"textures": {
		"0": "block/bone_block_side",
		"1": "block/barrel_bottom",
		"2": "block/barrel_side",
		"3": "block/barrel_top_open",
		"particle": "block/bone_block_side",
		"texture": "block/spruce_trapdoor"
	},
	"elements": [
		{
			"name": "Center post special",
			"from": [7.875, 0.5, 6.375],
			"to": [8.125, 1.5, 6.625],
			"rotation": {"angle": 0, "axis": "y", "origin": [8.5, 0.5, 7.5]},
			"faces": {
				"north": {"uv": [0, 0, 4, 16], "texture": "#0"},
				"east": {"uv": [0, 0, 4, 16], "texture": "#0"},
				"south": {"uv": [0, 0, 4, 16], "texture": "#0"},
				"west": {"uv": [0, 0, 4, 16], "texture": "#0"},
				"up": {"uv": [4, 0, 8, 4], "texture": "#0", "cullface": "up"},
				"down": {"uv": [4, 0, 8, 4], "texture": "#0", "cullface": "down"}
			}
		},
		{
			"name": "lower bar",
			"from": [7.9375, 0.875, 6.4375],
			"to": [8.0625, 1.0625, 7],
			"rotation": {"angle": 0, "axis": "y", "origin": [8.5, 0.5, 0.5]},
			"faces": {
				"north": {"uv": [13, 4, 15, 7], "rotation": 180, "texture": "#0", "cullface": "north"},
				"east": {"uv": [4, 4, 13, 7], "texture": "#0"},
				"west": {"uv": [4, 4, 13, 7], "texture": "#0"},
				"up": {"uv": [13, 7, 15, 16], "texture": "#0"},
				"down": {"uv": [13, 7, 15, 16], "texture": "#0"}
			}
		},
		{
			"name": "lower bar",
			"from": [7.9375, 1.25, 6.4375],
			"to": [8.0625, 1.4375, 7],
			"rotation": {"angle": 0, "axis": "y", "origin": [8.5, 0.5, 0.5]},
			"faces": {
				"north": {"uv": [13, 4, 15, 7], "rotation": 180, "texture": "#0", "cullface": "north"},
				"east": {"uv": [4, 4, 13, 7], "texture": "#0"},
				"west": {"uv": [4, 4, 13, 7], "texture": "#0"},
				"up": {"uv": [13, 7, 15, 16], "texture": "#0"},
				"down": {"uv": [13, 7, 15, 16], "texture": "#0"}
			}
		},
		{
			"name": "lower bar",
			"from": [7.9375, 0.875, 6],
			"to": [8.0625, 1.0625, 6.5625],
			"rotation": {"angle": 0, "axis": "y", "origin": [8.5, 0.5, 0.5]},
			"faces": {
				"east": {"uv": [4, 4, 13, 7], "texture": "#0"},
				"south": {"uv": [13, 4, 15, 7], "rotation": 180, "texture": "#0", "cullface": "north"},
				"west": {"uv": [4, 4, 13, 7], "texture": "#0"},
				"up": {"uv": [13, 7, 15, 16], "rotation": 180, "texture": "#0"},
				"down": {"uv": [13, 7, 15, 16], "rotation": 180, "texture": "#0"}
			}
		},
		{
			"name": "lower bar",
			"from": [7.9375, 1.25, 6],
			"to": [8.0625, 1.4375, 6.5625],
			"rotation": {"angle": 0, "axis": "y", "origin": [8.5, 0.5, 0.5]},
			"faces": {
				"east": {"uv": [4, 4, 13, 7], "texture": "#0"},
				"south": {"uv": [13, 4, 15, 7], "rotation": 180, "texture": "#0", "cullface": "north"},
				"west": {"uv": [4, 4, 13, 7], "texture": "#0"},
				"up": {"uv": [13, 7, 15, 16], "rotation": 180, "texture": "#0"},
				"down": {"uv": [13, 7, 15, 16], "rotation": 180, "texture": "#0"}
			}
		},
		{
			"name": "Center post special",
			"from": [9.375, 0.5, 7.875],
			"to": [9.625, 1.5, 8.125],
			"rotation": {"angle": 0, "axis": "y", "origin": [9, 0.5, 8]},
			"faces": {
				"north": {"uv": [0, 0, 4, 16], "texture": "#0"},
				"east": {"uv": [0, 0, 4, 16], "texture": "#0"},
				"south": {"uv": [0, 0, 4, 16], "texture": "#0"},
				"west": {"uv": [0, 0, 4, 16], "texture": "#0"},
				"up": {"uv": [4, 0, 8, 4], "rotation": 90, "texture": "#0", "cullface": "up"},
				"down": {"uv": [4, 0, 8, 4], "rotation": 270, "texture": "#0", "cullface": "down"}
			}
		},
		{
			"name": "lower bar",
			"from": [9, 0.875, 7.9375],
			"to": [9.5625, 1.0625, 8.0625],
			"rotation": {"angle": 0, "axis": "y", "origin": [9, 0.5, 8]},
			"faces": {
				"north": {"uv": [4, 4, 13, 7], "texture": "#0"},
				"east": {"uv": [13, 4, 15, 7], "rotation": 180, "texture": "#0", "cullface": "north"},
				"south": {"uv": [4, 4, 13, 7], "texture": "#0"},
				"up": {"uv": [13, 7, 15, 16], "rotation": 90, "texture": "#0"},
				"down": {"uv": [13, 7, 15, 16], "rotation": 270, "texture": "#0"}
			}
		},
		{
			"name": "lower bar",
			"from": [9, 1.25, 7.9375],
			"to": [9.5625, 1.4375, 8.0625],
			"rotation": {"angle": 0, "axis": "y", "origin": [9, 0.5, 8]},
			"faces": {
				"north": {"uv": [4, 4, 13, 7], "texture": "#0"},
				"east": {"uv": [13, 4, 15, 7], "rotation": 180, "texture": "#0", "cullface": "north"},
				"south": {"uv": [4, 4, 13, 7], "texture": "#0"},
				"up": {"uv": [13, 7, 15, 16], "rotation": 90, "texture": "#0"},
				"down": {"uv": [13, 7, 15, 16], "rotation": 270, "texture": "#0"}
			}
		},
		{
			"name": "lower bar",
			"from": [9.4375, 0.875, 7.9375],
			"to": [10, 1.0625, 8.0625],
			"rotation": {"angle": 0, "axis": "y", "origin": [9, 0.5, 8]},
			"faces": {
				"north": {"uv": [4, 4, 13, 7], "texture": "#0"},
				"south": {"uv": [4, 4, 13, 7], "texture": "#0"},
				"west": {"uv": [13, 4, 15, 7], "rotation": 180, "texture": "#0", "cullface": "north"},
				"up": {"uv": [13, 7, 15, 16], "rotation": 270, "texture": "#0"},
				"down": {"uv": [13, 7, 15, 16], "rotation": 90, "texture": "#0"}
			}
		},
		{
			"name": "lower bar",
			"from": [9.4375, 1.25, 7.9375],
			"to": [10, 1.4375, 8.0625],
			"rotation": {"angle": 0, "axis": "y", "origin": [9, 0.5, 8]},
			"faces": {
				"north": {"uv": [4, 4, 13, 7], "texture": "#0"},
				"south": {"uv": [4, 4, 13, 7], "texture": "#0"},
				"west": {"uv": [13, 4, 15, 7], "rotation": 180, "texture": "#0", "cullface": "north"},
				"up": {"uv": [13, 7, 15, 16], "rotation": 270, "texture": "#0"},
				"down": {"uv": [13, 7, 15, 16], "rotation": 90, "texture": "#0"}
			}
		},
		{
			"name": "Center post special",
			"from": [6.375, 0.5, 7.875],
			"to": [6.625, 1.5, 8.125],
			"rotation": {"angle": 0, "axis": "y", "origin": [7, 0.5, 8]},
			"faces": {
				"north": {"uv": [0, 0, 4, 16], "texture": "#0"},
				"east": {"uv": [0, 0, 4, 16], "texture": "#0"},
				"south": {"uv": [0, 0, 4, 16], "texture": "#0"},
				"west": {"uv": [0, 0, 4, 16], "texture": "#0"},
				"up": {"uv": [4, 0, 8, 4], "rotation": 90, "texture": "#0", "cullface": "up"},
				"down": {"uv": [4, 0, 8, 4], "rotation": 270, "texture": "#0", "cullface": "down"}
			}
		},
		{
			"name": "lower bar",
			"from": [6, 0.875, 7.9375],
			"to": [6.5625, 1.0625, 8.0625],
			"rotation": {"angle": 0, "axis": "y", "origin": [7, 0.5, 8]},
			"faces": {
				"north": {"uv": [4, 4, 13, 7], "texture": "#0"},
				"east": {"uv": [13, 4, 15, 7], "rotation": 180, "texture": "#0", "cullface": "north"},
				"south": {"uv": [4, 4, 13, 7], "texture": "#0"},
				"up": {"uv": [13, 7, 15, 16], "rotation": 90, "texture": "#0"},
				"down": {"uv": [13, 7, 15, 16], "rotation": 270, "texture": "#0"}
			}
		},
		{
			"name": "lower bar",
			"from": [6, 1.25, 7.9375],
			"to": [6.5625, 1.4375, 8.0625],
			"rotation": {"angle": 0, "axis": "y", "origin": [7, 0.5, 8]},
			"faces": {
				"north": {"uv": [4, 4, 13, 7], "texture": "#0"},
				"east": {"uv": [13, 4, 15, 7], "rotation": 180, "texture": "#0", "cullface": "north"},
				"south": {"uv": [4, 4, 13, 7], "texture": "#0"},
				"up": {"uv": [13, 7, 15, 16], "rotation": 90, "texture": "#0"},
				"down": {"uv": [13, 7, 15, 16], "rotation": 270, "texture": "#0"}
			}
		},
		{
			"name": "lower bar",
			"from": [6.4375, 0.875, 7.9375],
			"to": [7, 1.0625, 8.0625],
			"rotation": {"angle": 0, "axis": "y", "origin": [7, 0.5, 8]},
			"faces": {
				"north": {"uv": [4, 4, 13, 7], "texture": "#0"},
				"south": {"uv": [4, 4, 13, 7], "texture": "#0"},
				"west": {"uv": [13, 4, 15, 7], "rotation": 180, "texture": "#0", "cullface": "north"},
				"up": {"uv": [13, 7, 15, 16], "rotation": 270, "texture": "#0"},
				"down": {"uv": [13, 7, 15, 16], "rotation": 90, "texture": "#0"}
			}
		},
		{
			"name": "lower bar",
			"from": [6.4375, 1.25, 7.9375],
			"to": [7, 1.4375, 8.0625],
			"rotation": {"angle": 0, "axis": "y", "origin": [7, 0.5, 8]},
			"faces": {
				"north": {"uv": [4, 4, 13, 7], "texture": "#0"},
				"south": {"uv": [4, 4, 13, 7], "texture": "#0"},
				"west": {"uv": [13, 4, 15, 7], "rotation": 180, "texture": "#0", "cullface": "north"},
				"up": {"uv": [13, 7, 15, 16], "rotation": 270, "texture": "#0"},
				"down": {"uv": [13, 7, 15, 16], "rotation": 90, "texture": "#0"}
			}
		},
		{
			"name": "Center post special",
			"from": [7.875, 0.5, 9.375],
			"to": [8.125, 1.5, 9.625],
			"rotation": {"angle": 0, "axis": "y", "origin": [8.5, 0.5, 7.5]},
			"faces": {
				"north": {"uv": [0, 0, 4, 16], "texture": "#0"},
				"east": {"uv": [0, 0, 4, 16], "texture": "#0"},
				"south": {"uv": [0, 0, 4, 16], "texture": "#0"},
				"west": {"uv": [0, 0, 4, 16], "texture": "#0"},
				"up": {"uv": [4, 0, 8, 4], "texture": "#0", "cullface": "up"},
				"down": {"uv": [4, 0, 8, 4], "texture": "#0", "cullface": "down"}
			}
		},
		{
			"name": "lower bar",
			"from": [7.9375, 0.875, 9.4375],
			"to": [8.0625, 1.0625, 10],
			"rotation": {"angle": 0, "axis": "y", "origin": [8.5, 0.5, 0.5]},
			"faces": {
				"north": {"uv": [13, 4, 15, 7], "rotation": 180, "texture": "#0", "cullface": "north"},
				"east": {"uv": [4, 4, 13, 7], "texture": "#0"},
				"west": {"uv": [4, 4, 13, 7], "texture": "#0"},
				"up": {"uv": [13, 7, 15, 16], "texture": "#0"},
				"down": {"uv": [13, 7, 15, 16], "texture": "#0"}
			}
		},
		{
			"name": "lower bar",
			"from": [7.9375, 1.25, 9.4375],
			"to": [8.0625, 1.4375, 10],
			"rotation": {"angle": 0, "axis": "y", "origin": [8.5, 0.5, 0.5]},
			"faces": {
				"north": {"uv": [13, 4, 15, 7], "rotation": 180, "texture": "#0", "cullface": "north"},
				"east": {"uv": [4, 4, 13, 7], "texture": "#0"},
				"west": {"uv": [4, 4, 13, 7], "texture": "#0"},
				"up": {"uv": [13, 7, 15, 16], "texture": "#0"},
				"down": {"uv": [13, 7, 15, 16], "texture": "#0"}
			}
		},
		{
			"name": "lower bar",
			"from": [7.9375, 0.875, 9],
			"to": [8.0625, 1.0625, 9.5625],
			"rotation": {"angle": 0, "axis": "y", "origin": [8.5, 0.5, 0.5]},
			"faces": {
				"east": {"uv": [4, 4, 13, 7], "texture": "#0"},
				"south": {"uv": [13, 4, 15, 7], "rotation": 180, "texture": "#0", "cullface": "north"},
				"west": {"uv": [4, 4, 13, 7], "texture": "#0"},
				"up": {"uv": [13, 7, 15, 16], "rotation": 180, "texture": "#0"},
				"down": {"uv": [13, 7, 15, 16], "rotation": 180, "texture": "#0"}
			}
		},
		{
			"name": "lower bar",
			"from": [7.9375, 1.25, 9],
			"to": [8.0625, 1.4375, 9.5625],
			"rotation": {"angle": 0, "axis": "y", "origin": [8.5, 0.5, 0.5]},
			"faces": {
				"east": {"uv": [4, 4, 13, 7], "texture": "#0"},
				"south": {"uv": [13, 4, 15, 7], "rotation": 180, "texture": "#0", "cullface": "north"},
				"west": {"uv": [4, 4, 13, 7], "texture": "#0"},
				"up": {"uv": [13, 7, 15, 16], "rotation": 180, "texture": "#0"},
				"down": {"uv": [13, 7, 15, 16], "rotation": 180, "texture": "#0"}
			}
		},
		{
			"from": [7.3125, 0.5, 5],
			"to": [7.5, 1.5, 6],
			"rotation": {"angle": 0, "axis": "y", "origin": [8, 0, 8]},
			"faces": {
				"north": {"uv": [0, 0, 16, 3], "rotation": 90, "texture": "#texture", "cullface": "west"},
				"east": {"uv": [0, 16, 16, 0], "texture": "#texture"},
				"south": {"uv": [0, 3, 16, 0], "rotation": 90, "texture": "#texture", "cullface": "east"},
				"west": {"uv": [0, 16, 16, 0], "texture": "#texture", "cullface": "south"},
				"up": {"uv": [0, 3, 16, 0], "rotation": 90, "texture": "#texture", "cullface": "up"},
				"down": {"uv": [0, 0, 16, 3], "rotation": 270, "texture": "#texture", "cullface": "down"}
			}
		},
		{
			"from": [10, 0.5, 7.5],
			"to": [11, 1.5, 8.5],
			"rotation": {"angle": 0, "axis": "y", "origin": [8, 0, 8]},
			"faces": {
				"north": {"uv": [0, 0, 16, 16], "texture": "#1"},
				"east": {"uv": [0, 0, 16, 16], "rotation": 90, "texture": "#2"},
				"south": {"uv": [0, 0, 16, 16], "texture": "#3"},
				"west": {"uv": [0, 0, 16, 16], "rotation": 90, "texture": "#2"},
				"up": {"uv": [0, 0, 16, 16], "rotation": 180, "texture": "#2"},
				"down": {"uv": [0, 0, 16, 16], "texture": "#2"}
			}
		},
		{
			"from": [10, 0.5, 7.3125],
			"to": [11, 1.5, 7.5],
			"rotation": {"angle": 0, "axis": "y", "origin": [8, 0, 8]},
			"faces": {
				"north": {"uv": [0, 16, 16, 0], "texture": "#texture", "cullface": "south"},
				"east": {"uv": [0, 0, 16, 3], "rotation": 90, "texture": "#texture", "cullface": "west"},
				"south": {"uv": [0, 16, 16, 0], "texture": "#texture"},
				"west": {"uv": [0, 3, 16, 0], "rotation": 90, "texture": "#texture", "cullface": "east"},
				"up": {"uv": [0, 3, 16, 0], "rotation": 180, "texture": "#texture", "cullface": "up"},
				"down": {"uv": [0, 0, 16, 3], "rotation": 180, "texture": "#texture", "cullface": "down"}
			}
		},
		{
			"from": [7.5, 0.5, 10],
			"to": [8.5, 1.5, 11],
			"rotation": {"angle": 0, "axis": "y", "origin": [8, 0, 8]},
			"faces": {
				"north": {"uv": [0, 0, 16, 16], "rotation": 90, "texture": "#2"},
				"east": {"uv": [0, 0, 16, 16], "texture": "#1"},
				"south": {"uv": [0, 0, 16, 16], "rotation": 90, "texture": "#2"},
				"west": {"uv": [0, 0, 16, 16], "texture": "#3"},
				"up": {"uv": [0, 0, 16, 16], "rotation": 270, "texture": "#2"},
				"down": {"uv": [0, 0, 16, 16], "rotation": 270, "texture": "#2"}
			}
		},
		{
			"from": [8.5, 0.5, 10],
			"to": [8.6875, 1.5, 11],
			"rotation": {"angle": 0, "axis": "y", "origin": [8, 0, 8]},
			"faces": {
				"north": {"uv": [0, 3, 16, 0], "rotation": 90, "texture": "#texture", "cullface": "east"},
				"east": {"uv": [0, 16, 16, 0], "texture": "#texture", "cullface": "south"},
				"south": {"uv": [0, 0, 16, 3], "rotation": 90, "texture": "#texture", "cullface": "west"},
				"west": {"uv": [0, 16, 16, 0], "texture": "#texture"},
				"up": {"uv": [0, 3, 16, 0], "rotation": 270, "texture": "#texture", "cullface": "up"},
				"down": {"uv": [0, 0, 16, 3], "rotation": 90, "texture": "#texture", "cullface": "down"}
			}
		},
		{
			"from": [5, 0.5, 7.5],
			"to": [6, 1.5, 8.5],
			"rotation": {"angle": 0, "axis": "y", "origin": [8, 0, 8]},
			"faces": {
				"north": {"uv": [0, 0, 16, 16], "texture": "#3"},
				"east": {"uv": [0, 0, 16, 16], "rotation": 90, "texture": "#2"},
				"south": {"uv": [0, 0, 16, 16], "texture": "#1"},
				"west": {"uv": [0, 0, 16, 16], "rotation": 90, "texture": "#2"},
				"up": {"uv": [0, 0, 16, 16], "texture": "#2"},
				"down": {"uv": [0, 0, 16, 16], "rotation": 180, "texture": "#2"}
			}
		},
		{
			"from": [5, 0.5, 8.5],
			"to": [6, 1.5, 8.6875],
			"rotation": {"angle": 0, "axis": "y", "origin": [8, 0, 8]},
			"faces": {
				"north": {"uv": [0, 16, 16, 0], "texture": "#texture"},
				"east": {"uv": [0, 3, 16, 0], "rotation": 90, "texture": "#texture", "cullface": "east"},
				"south": {"uv": [0, 16, 16, 0], "texture": "#texture", "cullface": "south"},
				"west": {"uv": [0, 0, 16, 3], "rotation": 90, "texture": "#texture", "cullface": "west"},
				"up": {"uv": [0, 3, 16, 0], "texture": "#texture", "cullface": "up"},
				"down": {"uv": [0, 0, 16, 3], "texture": "#texture", "cullface": "down"}
			}
		},
		{
			"from": [7.5, 0.5, 5],
			"to": [8.5, 1.5, 6],
			"rotation": {"angle": 0, "axis": "y", "origin": [8, 0, 8]},
			"faces": {
				"north": {"uv": [0, 0, 16, 16], "rotation": 90, "texture": "#2"},
				"east": {"uv": [0, 0, 16, 16], "texture": "#3"},
				"south": {"uv": [0, 0, 16, 16], "rotation": 90, "texture": "#2"},
				"west": {"uv": [0, 0, 16, 16], "texture": "#1"},
				"up": {"uv": [0, 0, 16, 16], "rotation": 90, "texture": "#2"},
				"down": {"uv": [0, 0, 16, 16], "rotation": 90, "texture": "#2"}
			}
		}
	],
	"groups": [
		{
			"name": "fence",
			"origin": [8.5, 0.5, 7.5],
			"color": 0,
			"children": [0, 1, 2, 3, 4]
		},
		{
			"name": "fence",
			"origin": [8.5, 0.5, 7.5],
			"color": 0,
			"children": [5, 6, 7, 8, 9]
		},
		{
			"name": "fence",
			"origin": [8.5, 0.5, 7.5],
			"color": 0,
			"children": [10, 11, 12, 13, 14]
		},
		{
			"name": "fence",
			"origin": [8.5, 0.5, 7.5],
			"color": 0,
			"children": [15, 16, 17, 18, 19]
		},
		20,
		21,
		22,
		23,
		24,
		25,
		26,
		27
	],
	"display": {
		"thirdperson_righthand": {
			"translation": [0, 3, 1],
			"scale": [0.55, 0.55, 0.55]
		},
		"thirdperson_lefthand": {
			"translation": [0, 3, 1],
			"scale": [0.55, 0.55, 0.55]
		},
		"firstperson_righthand": {
			"rotation": [0, -90, 25],
			"translation": [1.13, 3.2, 1.13],
			"scale": [0.68, 0.68, 0.68]
		},
		"firstperson_lefthand": {
			"rotation": [0, -90, 25],
			"translation": [1.13, 3.2, 1.13],
			"scale": [0.68, 0.68, 0.68]
		},
		"ground": {
			"translation": [0, 2, 0],
			"scale": [0.5, 0.5, 0.5]
		},
		"gui": {
			"rotation": [0, 0, 45],
			"translation": [-5.75, 5.75, 0]
		},
		"head": {
			"rotation": [0, 180, 0],
			"translation": [0, 13, 7]
		},
		"fixed": {
			"rotation": [0, 180, 0],
			"translation": [0, 7.5, -8]
		}
	}
}