{
	"credit": "Made with Blockbench",
	"parent": "block/grass_block",
	"textures": {
		"1": "block/grass_block_top",
		"particle": "block/grass_block_side_overlay"
	},
	"elements": [
		{
			"from": [-0.025, 0, -0.025],
			"to": [16.025, 0.025, 16.025],
			"faces": {
				"north": {"uv": [0, 0, 16, 0.025], "texture": "#top", "tintindex": 0},
				"east": {"uv": [0, 0, 16, 0.025], "texture": "#top", "tintindex": 0},
				"south": {"uv": [0, 0, 16, 0.025], "texture": "#top", "tintindex": 0},
				"west": {"uv": [0, 0, 16, 0.025], "texture": "#top", "tintindex": 0},
				"up": {"uv": [0, 0, 16, 16], "texture": "#top", "tintindex": 0},
				"down": {"uv": [0, 0, 16, 16], "texture": "#top", "tintindex": 0}
			}
		},
		{
			"name": "grass_block_side_overlay_0",
			"from": [0, -3, 0],
			"to": [0.5, 0, 0.5],
			"rotation": {"angle": 22.5, "axis": "x", "origin": [0, 0, 0]},
			"faces": {
				"north": {"uv": [0.5, 0, 0, 3], "texture": "#top", "tintindex": 0},
				"east": {"uv": [0, 0, 0.5, 3], "texture": "#top", "tintindex": 0},
				"south": {"uv": [0, 0, 0.5, 3], "texture": "#top", "tintindex": 0},
				"west": {"uv": [0, 0, 0.5, 3], "texture": "#top", "tintindex": 0},
				"up": {"uv": [0, 0, 0.5, 0.5], "texture": "#top", "tintindex": 0},
				"down": {"uv": [0, 2.5, 0.5, 3], "texture": "#top", "tintindex": 0}
			}
		},
		{
			"name": "grass_block_side_overlay_1",
			"from": [0.5, -2, 0],
			"to": [1, 0, 0.5],
			"rotation": {"angle": 22.5, "axis": "x", "origin": [0, 0, 0]},
			"faces": {
				"north": {"uv": [1, 0, 0.5, 2], "texture": "#top", "tintindex": 0},
				"east": {"uv": [0.5, 0, 1, 2], "texture": "#top", "tintindex": 0},
				"south": {"uv": [0.5, 0, 1, 2], "texture": "#top", "tintindex": 0},
				"west": {"uv": [0.5, 0, 1, 2], "texture": "#top", "tintindex": 0},
				"up": {"uv": [0.5, 0, 1, 0.5], "texture": "#top", "tintindex": 0},
				"down": {"uv": [0.5, 1.5, 1, 2], "texture": "#top", "tintindex": 0}
			}
		},
		{
			"name": "grass_block_side_overlay_2",
			"from": [1, -3, 0],
			"to": [1.5, 0, 0.5],
			"rotation": {"angle": 22.5, "axis": "x", "origin": [0, 0, 0]},
			"faces": {
				"north": {"uv": [1.5, 0, 1, 3], "texture": "#top", "tintindex": 0},
				"east": {"uv": [1, 0, 1.5, 3], "texture": "#top", "tintindex": 0},
				"south": {"uv": [1, 0, 1.5, 3], "texture": "#top", "tintindex": 0},
				"west": {"uv": [1, 0, 1.5, 3], "texture": "#top", "tintindex": 0},
				"up": {"uv": [1, 0, 1.5, 0.5], "texture": "#top", "tintindex": 0},
				"down": {"uv": [1, 2.5, 1.5, 3], "texture": "#top", "tintindex": 0}
			}
		},
		{
			"name": "grass_block_side_overlay_3",
			"from": [1.5, -2.5, 0],
			"to": [2, 0, 0.5],
			"rotation": {"angle": 22.5, "axis": "x", "origin": [0, 0, 0]},
			"faces": {
				"north": {"uv": [2, 0, 1.5, 2.5], "texture": "#top", "tintindex": 0},
				"east": {"uv": [1.5, 0, 2, 2.5], "texture": "#top", "tintindex": 0},
				"south": {"uv": [1.5, 0, 2, 2.5], "texture": "#top", "tintindex": 0},
				"west": {"uv": [1.5, 0, 2, 2.5], "texture": "#top", "tintindex": 0},
				"up": {"uv": [1.5, 0, 2, 0.5], "texture": "#top", "tintindex": 0},
				"down": {"uv": [1.5, 2, 2, 2.5], "texture": "#top", "tintindex": 0}
			}
		},
		{
			"name": "grass_block_side_overlay_4",
			"from": [2, -3.5, 0],
			"to": [2.5, 0, 0.5],
			"rotation": {"angle": 22.5, "axis": "x", "origin": [0, 0, 0]},
			"faces": {
				"north": {"uv": [2.5, 0, 2, 3.5], "texture": "#top", "tintindex": 0},
				"east": {"uv": [2, 0, 2.5, 3.5], "texture": "#top", "tintindex": 0},
				"south": {"uv": [2, 0, 2.5, 3.5], "texture": "#top", "tintindex": 0},
				"west": {"uv": [2, 0, 2.5, 3.5], "texture": "#top", "tintindex": 0},
				"up": {"uv": [2, 0, 2.5, 0.5], "texture": "#top", "tintindex": 0},
				"down": {"uv": [2, 3, 2.5, 3.5], "texture": "#top", "tintindex": 0}
			}
		},
		{
			"name": "grass_block_side_overlay_5",
			"from": [2.5, -2.5, 0],
			"to": [3, 0, 0.5],
			"rotation": {"angle": 22.5, "axis": "x", "origin": [0, 0, 0]},
			"faces": {
				"north": {"uv": [3, 0, 2.5, 2.5], "texture": "#top", "tintindex": 0},
				"east": {"uv": [2.5, 0, 3, 2.5], "texture": "#top", "tintindex": 0},
				"south": {"uv": [2.5, 0, 3, 2.5], "texture": "#top", "tintindex": 0},
				"west": {"uv": [2.5, 0, 3, 2.5], "texture": "#top", "tintindex": 0},
				"up": {"uv": [2.5, 0, 3, 0.5], "texture": "#top", "tintindex": 0},
				"down": {"uv": [2.5, 2, 3, 2.5], "texture": "#top", "tintindex": 0}
			}
		},
		{
			"name": "grass_block_side_overlay_6",
			"from": [3, -3, 0],
			"to": [3.5, 0, 0.5],
			"rotation": {"angle": 22.5, "axis": "x", "origin": [0, 0, 0]},
			"faces": {
				"north": {"uv": [3.5, 0, 3, 3], "texture": "#top", "tintindex": 0},
				"east": {"uv": [3, 0, 3.5, 3], "texture": "#top", "tintindex": 0},
				"south": {"uv": [3, 0, 3.5, 3], "texture": "#top", "tintindex": 0},
				"west": {"uv": [3, 0, 3.5, 3], "texture": "#top", "tintindex": 0},
				"up": {"uv": [3, 0, 3.5, 0.5], "texture": "#top", "tintindex": 0},
				"down": {"uv": [3, 2.5, 3.5, 3], "texture": "#top", "tintindex": 0}
			}
		},
		{
			"name": "grass_block_side_overlay_7",
			"from": [3.5, -4.5, 0],
			"to": [4, 0, 0.5],
			"rotation": {"angle": 22.5, "axis": "x", "origin": [0, 0, 0]},
			"faces": {
				"north": {"uv": [4, 0, 3.5, 4.5], "texture": "#top", "tintindex": 0},
				"east": {"uv": [3.5, 0, 4, 4.5], "texture": "#top", "tintindex": 0},
				"south": {"uv": [3.5, 0, 4, 4.5], "texture": "#top", "tintindex": 0},
				"west": {"uv": [3.5, 0, 4, 4.5], "texture": "#top", "tintindex": 0},
				"up": {"uv": [3.5, 0, 4, 0.5], "texture": "#top", "tintindex": 0},
				"down": {"uv": [3.5, 4, 4, 4.5], "texture": "#top", "tintindex": 0}
			}
		},
		{
			"name": "grass_block_side_overlay_8",
			"from": [4, -3.5, 0],
			"to": [4.5, 0, 0.5],
			"rotation": {"angle": 22.5, "axis": "x", "origin": [0, 0, 0]},
			"faces": {
				"north": {"uv": [4.5, 0, 4, 3.5], "texture": "#top", "tintindex": 0},
				"east": {"uv": [4, 0, 4.5, 3.5], "texture": "#top", "tintindex": 0},
				"south": {"uv": [4, 0, 4.5, 3.5], "texture": "#top", "tintindex": 0},
				"west": {"uv": [4, 0, 4.5, 3.5], "texture": "#top", "tintindex": 0},
				"up": {"uv": [4, 0, 4.5, 0.5], "texture": "#top", "tintindex": 0},
				"down": {"uv": [4, 3, 4.5, 3.5], "texture": "#top", "tintindex": 0}
			}
		},
		{
			"name": "grass_block_side_overlay_9",
			"from": [4.5, -2.5, 0],
			"to": [5, 0, 0.5],
			"rotation": {"angle": 22.5, "axis": "x", "origin": [0, 0, 0]},
			"faces": {
				"north": {"uv": [5, 0, 4.5, 2.5], "texture": "#top", "tintindex": 0},
				"east": {"uv": [4.5, 0, 5, 2.5], "texture": "#top", "tintindex": 0},
				"south": {"uv": [4.5, 0, 5, 2.5], "texture": "#top", "tintindex": 0},
				"west": {"uv": [4.5, 0, 5, 2.5], "texture": "#top", "tintindex": 0},
				"up": {"uv": [4.5, 0, 5, 0.5], "texture": "#top", "tintindex": 0},
				"down": {"uv": [4.5, 2, 5, 2.5], "texture": "#top", "tintindex": 0}
			}
		},
		{
			"name": "grass_block_side_overlay_10",
			"from": [5, -1.5, 0],
			"to": [5.5, 0, 0.5],
			"rotation": {"angle": 22.5, "axis": "x", "origin": [0, 0, 0]},
			"faces": {
				"north": {"uv": [5.5, 0, 5, 1.5], "texture": "#top", "tintindex": 0},
				"east": {"uv": [5, 0, 5.5, 1.5], "texture": "#top", "tintindex": 0},
				"south": {"uv": [5, 0, 5.5, 1.5], "texture": "#top", "tintindex": 0},
				"west": {"uv": [5, 0, 5.5, 1.5], "texture": "#top", "tintindex": 0},
				"up": {"uv": [5, 0, 5.5, 0.5], "texture": "#top", "tintindex": 0},
				"down": {"uv": [5, 1, 5.5, 1.5], "texture": "#top", "tintindex": 0}
			}
		},
		{
			"name": "grass_block_side_overlay_11",
			"from": [5.5, -2, 0],
			"to": [6, 0, 0.5],
			"rotation": {"angle": 22.5, "axis": "x", "origin": [0, 0, 0]},
			"faces": {
				"north": {"uv": [6, 0, 5.5, 2], "texture": "#top", "tintindex": 0},
				"east": {"uv": [5.5, 0, 6, 2], "texture": "#top", "tintindex": 0},
				"south": {"uv": [5.5, 0, 6, 2], "texture": "#top", "tintindex": 0},
				"west": {"uv": [5.5, 0, 6, 2], "texture": "#top", "tintindex": 0},
				"up": {"uv": [5.5, 0, 6, 0.5], "texture": "#top", "tintindex": 0},
				"down": {"uv": [5.5, 1.5, 6, 2], "texture": "#top", "tintindex": 0}
			}
		},
		{
			"name": "grass_block_side_overlay_12",
			"from": [6, -3.5, 0],
			"to": [6.5, 0, 0.5],
			"rotation": {"angle": 22.5, "axis": "x", "origin": [0, 0, 0]},
			"faces": {
				"north": {"uv": [6.5, 0, 6, 3.5], "texture": "#top", "tintindex": 0},
				"east": {"uv": [6, 0, 6.5, 3.5], "texture": "#top", "tintindex": 0},
				"south": {"uv": [6, 0, 6.5, 3.5], "texture": "#top", "tintindex": 0},
				"west": {"uv": [6, 0, 6.5, 3.5], "texture": "#top", "tintindex": 0},
				"up": {"uv": [6, 0, 6.5, 0.5], "texture": "#top", "tintindex": 0},
				"down": {"uv": [6, 3, 6.5, 3.5], "texture": "#top", "tintindex": 0}
			}
		},
		{
			"name": "grass_block_side_overlay_13",
			"from": [6.5, -2, 0],
			"to": [7, 0, 0.5],
			"rotation": {"angle": 22.5, "axis": "x", "origin": [0, 0, 0]},
			"faces": {
				"north": {"uv": [7, 0, 6.5, 2], "texture": "#top", "tintindex": 0},
				"east": {"uv": [6.5, 0, 7, 2], "texture": "#top", "tintindex": 0},
				"south": {"uv": [6.5, 0, 7, 2], "texture": "#top", "tintindex": 0},
				"west": {"uv": [6.5, 0, 7, 2], "texture": "#top", "tintindex": 0},
				"up": {"uv": [6.5, 0, 7, 0.5], "texture": "#top", "tintindex": 0},
				"down": {"uv": [6.5, 1.5, 7, 2], "texture": "#top", "tintindex": 0}
			}
		},
		{
			"name": "grass_block_side_overlay_14",
			"from": [7, -2.5, 0],
			"to": [7.5, 0, 0.5],
			"rotation": {"angle": 22.5, "axis": "x", "origin": [0, 0, 0]},
			"faces": {
				"north": {"uv": [7.5, 0, 7, 2.5], "texture": "#top", "tintindex": 0},
				"east": {"uv": [7, 0, 7.5, 2.5], "texture": "#top", "tintindex": 0},
				"south": {"uv": [7, 0, 7.5, 2.5], "texture": "#top", "tintindex": 0},
				"west": {"uv": [7, 0, 7.5, 2.5], "texture": "#top", "tintindex": 0},
				"up": {"uv": [7, 0, 7.5, 0.5], "texture": "#top", "tintindex": 0},
				"down": {"uv": [7, 2, 7.5, 2.5], "texture": "#top", "tintindex": 0}
			}
		},
		{
			"name": "grass_block_side_overlay_15",
			"from": [7.5, -3.5, 0],
			"to": [8, 0, 0.5],
			"rotation": {"angle": 22.5, "axis": "x", "origin": [0, 0, 0]},
			"faces": {
				"north": {"uv": [8, 0, 7.5, 3.5], "texture": "#top", "tintindex": 0},
				"east": {"uv": [7.5, 0, 8, 3.5], "texture": "#top", "tintindex": 0},
				"south": {"uv": [7.5, 0, 8, 3.5], "texture": "#top", "tintindex": 0},
				"west": {"uv": [7.5, 0, 8, 3.5], "texture": "#top", "tintindex": 0},
				"up": {"uv": [7.5, 0, 8, 0.5], "texture": "#top", "tintindex": 0},
				"down": {"uv": [7.5, 3, 8, 3.5], "texture": "#top", "tintindex": 0}
			}
		},
		{
			"name": "grass_block_side_overlay_16",
			"from": [8, -3, 0],
			"to": [8.5, 0, 0.5],
			"rotation": {"angle": 22.5, "axis": "x", "origin": [0, 0, 0]},
			"faces": {
				"north": {"uv": [8.5, 0, 8, 3], "texture": "#top", "tintindex": 0},
				"east": {"uv": [8, 0, 8.5, 3], "texture": "#top", "tintindex": 0},
				"south": {"uv": [8, 0, 8.5, 3], "texture": "#top", "tintindex": 0},
				"west": {"uv": [8, 0, 8.5, 3], "texture": "#top", "tintindex": 0},
				"up": {"uv": [8, 0, 8.5, 0.5], "texture": "#top", "tintindex": 0},
				"down": {"uv": [8, 2.5, 8.5, 3], "texture": "#top", "tintindex": 0}
			}
		},
		{
			"name": "grass_block_side_overlay_17",
			"from": [8.5, -4, 0],
			"to": [9, 0, 0.5],
			"rotation": {"angle": 22.5, "axis": "x", "origin": [0, 0, 0]},
			"faces": {
				"north": {"uv": [9, 0, 8.5, 4], "texture": "#top", "tintindex": 0},
				"east": {"uv": [8.5, 0, 9, 4], "texture": "#top", "tintindex": 0},
				"south": {"uv": [8.5, 0, 9, 4], "texture": "#top", "tintindex": 0},
				"west": {"uv": [8.5, 0, 9, 4], "texture": "#top", "tintindex": 0},
				"up": {"uv": [8.5, 0, 9, 0.5], "texture": "#top", "tintindex": 0},
				"down": {"uv": [8.5, 3.5, 9, 4], "texture": "#top", "tintindex": 0}
			}
		},
		{
			"name": "grass_block_side_overlay_18",
			"from": [9, -3.5, 0],
			"to": [9.5, 0, 0.5],
			"rotation": {"angle": 22.5, "axis": "x", "origin": [0, 0, 0]},
			"faces": {
				"north": {"uv": [9.5, 0, 9, 3.5], "texture": "#top", "tintindex": 0},
				"east": {"uv": [9, 0, 9.5, 3.5], "texture": "#top", "tintindex": 0},
				"south": {"uv": [9, 0, 9.5, 3.5], "texture": "#top", "tintindex": 0},
				"west": {"uv": [9, 0, 9.5, 3.5], "texture": "#top", "tintindex": 0},
				"up": {"uv": [9, 0, 9.5, 0.5], "texture": "#top", "tintindex": 0},
				"down": {"uv": [9, 3, 9.5, 3.5], "texture": "#top", "tintindex": 0}
			}
		},
		{
			"name": "grass_block_side_overlay_19",
			"from": [9.5, -2.5, 0],
			"to": [10, 0, 0.5],
			"rotation": {"angle": 22.5, "axis": "x", "origin": [0, 0, 0]},
			"faces": {
				"north": {"uv": [10, 0, 9.5, 2.5], "texture": "#top", "tintindex": 0},
				"east": {"uv": [9.5, 0, 10, 2.5], "texture": "#top", "tintindex": 0},
				"south": {"uv": [9.5, 0, 10, 2.5], "texture": "#top", "tintindex": 0},
				"west": {"uv": [9.5, 0, 10, 2.5], "texture": "#top", "tintindex": 0},
				"up": {"uv": [9.5, 0, 10, 0.5], "texture": "#top", "tintindex": 0},
				"down": {"uv": [9.5, 2, 10, 2.5], "texture": "#top", "tintindex": 0}
			}
		},
		{
			"name": "grass_block_side_overlay_20",
			"from": [10, -3.5, 0],
			"to": [10.5, 0, 0.5],
			"rotation": {"angle": 22.5, "axis": "x", "origin": [0, 0, 0]},
			"faces": {
				"north": {"uv": [10.5, 0, 10, 3.5], "texture": "#top", "tintindex": 0},
				"east": {"uv": [10, 0, 10.5, 3.5], "texture": "#top", "tintindex": 0},
				"south": {"uv": [10, 0, 10.5, 3.5], "texture": "#top", "tintindex": 0},
				"west": {"uv": [10, 0, 10.5, 3.5], "texture": "#top", "tintindex": 0},
				"up": {"uv": [10, 0, 10.5, 0.5], "texture": "#top", "tintindex": 0},
				"down": {"uv": [10, 3, 10.5, 3.5], "texture": "#top", "tintindex": 0}
			}
		},
		{
			"name": "grass_block_side_overlay_21",
			"from": [10.5, -3, 0],
			"to": [11, 0, 0.5],
			"rotation": {"angle": 22.5, "axis": "x", "origin": [0, 0, 0]},
			"faces": {
				"north": {"uv": [11, 0, 10.5, 3], "texture": "#top", "tintindex": 0},
				"east": {"uv": [10.5, 0, 11, 3], "texture": "#top", "tintindex": 0},
				"south": {"uv": [10.5, 0, 11, 3], "texture": "#top", "tintindex": 0},
				"west": {"uv": [10.5, 0, 11, 3], "texture": "#top", "tintindex": 0},
				"up": {"uv": [10.5, 0, 11, 0.5], "texture": "#top", "tintindex": 0},
				"down": {"uv": [10.5, 2.5, 11, 3], "texture": "#top", "tintindex": 0}
			}
		},
		{
			"name": "grass_block_side_overlay_22",
			"from": [11, -4, 0],
			"to": [11.5, 0, 0.5],
			"rotation": {"angle": 22.5, "axis": "x", "origin": [0, 0, 0]},
			"faces": {
				"north": {"uv": [11.5, 0, 11, 4], "texture": "#top", "tintindex": 0},
				"east": {"uv": [11, 0, 11.5, 4], "texture": "#top", "tintindex": 0},
				"south": {"uv": [11, 0, 11.5, 4], "texture": "#top", "tintindex": 0},
				"west": {"uv": [11, 0, 11.5, 4], "texture": "#top", "tintindex": 0},
				"up": {"uv": [11, 0, 11.5, 0.5], "texture": "#top", "tintindex": 0},
				"down": {"uv": [11, 3.5, 11.5, 4], "texture": "#top", "tintindex": 0}
			}
		},
		{
			"name": "grass_block_side_overlay_23",
			"from": [11.5, -3.5, 0],
			"to": [12, 0, 0.5],
			"rotation": {"angle": 22.5, "axis": "x", "origin": [0, 0, 0]},
			"faces": {
				"north": {"uv": [12, 0, 11.5, 3.5], "texture": "#top", "tintindex": 0},
				"east": {"uv": [11.5, 0, 12, 3.5], "texture": "#top", "tintindex": 0},
				"south": {"uv": [11.5, 0, 12, 3.5], "texture": "#top", "tintindex": 0},
				"west": {"uv": [11.5, 0, 12, 3.5], "texture": "#top", "tintindex": 0},
				"up": {"uv": [11.5, 0, 12, 0.5], "texture": "#top", "tintindex": 0},
				"down": {"uv": [11.5, 3, 12, 3.5], "texture": "#top", "tintindex": 0}
			}
		},
		{
			"name": "grass_block_side_overlay_24",
			"from": [12, -3, 0],
			"to": [12.5, 0, 0.5],
			"rotation": {"angle": 22.5, "axis": "x", "origin": [0, 0, 0]},
			"faces": {
				"north": {"uv": [12.5, 0, 12, 3], "texture": "#top", "tintindex": 0},
				"east": {"uv": [12, 0, 12.5, 3], "texture": "#top", "tintindex": 0},
				"south": {"uv": [12, 0, 12.5, 3], "texture": "#top", "tintindex": 0},
				"west": {"uv": [12, 0, 12.5, 3], "texture": "#top", "tintindex": 0},
				"up": {"uv": [12, 0, 12.5, 0.5], "texture": "#top", "tintindex": 0},
				"down": {"uv": [12, 2.5, 12.5, 3], "texture": "#top", "tintindex": 0}
			}
		},
		{
			"name": "grass_block_side_overlay_25",
			"from": [12.5, -4, 0],
			"to": [13, 0, 0.5],
			"rotation": {"angle": 22.5, "axis": "x", "origin": [0, 0, 0]},
			"faces": {
				"north": {"uv": [13, 0, 12.5, 4], "texture": "#top", "tintindex": 0},
				"east": {"uv": [12.5, 0, 13, 4], "texture": "#top", "tintindex": 0},
				"south": {"uv": [12.5, 0, 13, 4], "texture": "#top", "tintindex": 0},
				"west": {"uv": [12.5, 0, 13, 4], "texture": "#top", "tintindex": 0},
				"up": {"uv": [12.5, 0, 13, 0.5], "texture": "#top", "tintindex": 0},
				"down": {"uv": [12.5, 3.5, 13, 4], "texture": "#top", "tintindex": 0}
			}
		},
		{
			"name": "grass_block_side_overlay_26",
			"from": [13, -2, 0],
			"to": [13.5, 0, 0.5],
			"rotation": {"angle": 22.5, "axis": "x", "origin": [0, 0, 0]},
			"faces": {
				"north": {"uv": [13.5, 0, 13, 2], "texture": "#top", "tintindex": 0},
				"east": {"uv": [13, 0, 13.5, 2], "texture": "#top", "tintindex": 0},
				"south": {"uv": [13, 0, 13.5, 2], "texture": "#top", "tintindex": 0},
				"west": {"uv": [13, 0, 13.5, 2], "texture": "#top", "tintindex": 0},
				"up": {"uv": [13, 0, 13.5, 0.5], "texture": "#top", "tintindex": 0},
				"down": {"uv": [13, 1.5, 13.5, 2], "texture": "#top", "tintindex": 0}
			}
		},
		{
			"name": "grass_block_side_overlay_27",
			"from": [13.5, -2.5, 0],
			"to": [14, 0, 0.5],
			"rotation": {"angle": 22.5, "axis": "x", "origin": [0, 0, 0]},
			"faces": {
				"north": {"uv": [14, 0, 13.5, 2.5], "texture": "#top", "tintindex": 0},
				"east": {"uv": [13.5, 0, 14, 2.5], "texture": "#top", "tintindex": 0},
				"south": {"uv": [13.5, 0, 14, 2.5], "texture": "#top", "tintindex": 0},
				"west": {"uv": [13.5, 0, 14, 2.5], "texture": "#top", "tintindex": 0},
				"up": {"uv": [13.5, 0, 14, 0.5], "texture": "#top", "tintindex": 0},
				"down": {"uv": [13.5, 2, 14, 2.5], "texture": "#top", "tintindex": 0}
			}
		},
		{
			"name": "grass_block_side_overlay_28",
			"from": [14, -2.5, 0],
			"to": [14.5, 0, 0.5],
			"rotation": {"angle": 22.5, "axis": "x", "origin": [0, 0, 0]},
			"faces": {
				"north": {"uv": [14.5, 0, 14, 2.5], "texture": "#top", "tintindex": 0},
				"east": {"uv": [14, 0, 14.5, 2.5], "texture": "#top", "tintindex": 0},
				"south": {"uv": [14, 0, 14.5, 2.5], "texture": "#top", "tintindex": 0},
				"west": {"uv": [14, 0, 14.5, 2.5], "texture": "#top", "tintindex": 0},
				"up": {"uv": [14, 0, 14.5, 0.5], "texture": "#top", "tintindex": 0},
				"down": {"uv": [14, 2, 14.5, 2.5], "texture": "#top", "tintindex": 0}
			}
		},
		{
			"name": "grass_block_side_overlay_29",
			"from": [14.5, -3, 0],
			"to": [15, 0, 0.5],
			"rotation": {"angle": 22.5, "axis": "x", "origin": [0, 0, 0]},
			"faces": {
				"north": {"uv": [15, 0, 14.5, 3], "texture": "#top", "tintindex": 0},
				"east": {"uv": [14.5, 0, 15, 3], "texture": "#top", "tintindex": 0},
				"south": {"uv": [14.5, 0, 15, 3], "texture": "#top", "tintindex": 0},
				"west": {"uv": [14.5, 0, 15, 3], "texture": "#top", "tintindex": 0},
				"up": {"uv": [14.5, 0, 15, 0.5], "texture": "#top", "tintindex": 0},
				"down": {"uv": [14.5, 2.5, 15, 3], "texture": "#top", "tintindex": 0}
			}
		},
		{
			"name": "grass_block_side_overlay_30",
			"from": [15, -2.5, 0],
			"to": [15.5, 0, 0.5],
			"rotation": {"angle": 22.5, "axis": "x", "origin": [0, 0, 0]},
			"faces": {
				"north": {"uv": [15.5, 0, 15, 2.5], "texture": "#top", "tintindex": 0},
				"east": {"uv": [15, 0, 15.5, 2.5], "texture": "#top", "tintindex": 0},
				"south": {"uv": [15, 0, 15.5, 2.5], "texture": "#top", "tintindex": 0},
				"west": {"uv": [15, 0, 15.5, 2.5], "texture": "#top", "tintindex": 0},
				"up": {"uv": [15, 0, 15.5, 0.5], "texture": "#top", "tintindex": 0},
				"down": {"uv": [15, 2, 15.5, 2.5], "texture": "#top", "tintindex": 0}
			}
		},
		{
			"name": "grass_block_side_overlay_31",
			"from": [15.5, -2, 0],
			"to": [16, 0, 0.5],
			"rotation": {"angle": 22.5, "axis": "x", "origin": [0, 0, 0]},
			"faces": {
				"north": {"uv": [16, 0, 15.5, 2], "texture": "#top", "tintindex": 0},
				"east": {"uv": [15.5, 0, 16, 2], "texture": "#top", "tintindex": 0},
				"south": {"uv": [15.5, 0, 16, 2], "texture": "#top", "tintindex": 0},
				"west": {"uv": [15.5, 0, 16, 2], "texture": "#top", "tintindex": 0},
				"up": {"uv": [15.5, 0, 16, 0.5], "texture": "#top", "tintindex": 0},
				"down": {"uv": [15.5, 1.5, 16, 2], "texture": "#top", "tintindex": 0}
			}
		},
		{
			"name": "grass_block_side_overlay_0",
			"from": [14.89104, -6.06147, 0],
			"to": [15.39104, -3.06147, 0.5],
			"rotation": {"angle": 22.5, "axis": "z", "origin": [8, 0, 8]},
			"faces": {
				"north": {"uv": [0, 0, 0.5, 3], "texture": "#top", "tintindex": 0},
				"east": {"uv": [0.5, 0, 0, 3], "texture": "#top", "tintindex": 0},
				"south": {"uv": [0, 0, 0.5, 3], "texture": "#top", "tintindex": 0},
				"west": {"uv": [0, 0, 0.5, 3], "texture": "#top", "tintindex": 0},
				"up": {"uv": [0, 0, 0.5, 0.5], "rotation": 90, "texture": "#top", "tintindex": 0},
				"down": {"uv": [0, 2.5, 0.5, 3], "rotation": 270, "texture": "#top", "tintindex": 0}
			}
		},
		{
			"name": "grass_block_side_overlay_1",
			"from": [14.89104, -5.06147, 0.5],
			"to": [15.39104, -3.06147, 1],
			"rotation": {"angle": 22.5, "axis": "z", "origin": [8, 0, 8]},
			"faces": {
				"north": {"uv": [0.5, 0, 1, 2], "texture": "#top", "tintindex": 0},
				"east": {"uv": [1, 0, 0.5, 2], "texture": "#top", "tintindex": 0},
				"south": {"uv": [0.5, 0, 1, 2], "texture": "#top", "tintindex": 0},
				"west": {"uv": [0.5, 0, 1, 2], "texture": "#top", "tintindex": 0},
				"up": {"uv": [0.5, 0, 1, 0.5], "rotation": 90, "texture": "#top", "tintindex": 0},
				"down": {"uv": [0.5, 1.5, 1, 2], "rotation": 270, "texture": "#top", "tintindex": 0}
			}
		},
		{
			"name": "grass_block_side_overlay_2",
			"from": [14.89104, -6.06147, 1],
			"to": [15.39104, -3.06147, 1.5],
			"rotation": {"angle": 22.5, "axis": "z", "origin": [8, 0, 8]},
			"faces": {
				"north": {"uv": [1, 0, 1.5, 3], "texture": "#top", "tintindex": 0},
				"east": {"uv": [1.5, 0, 1, 3], "texture": "#top", "tintindex": 0},
				"south": {"uv": [1, 0, 1.5, 3], "texture": "#top", "tintindex": 0},
				"west": {"uv": [1, 0, 1.5, 3], "texture": "#top", "tintindex": 0},
				"up": {"uv": [1, 0, 1.5, 0.5], "rotation": 90, "texture": "#top", "tintindex": 0},
				"down": {"uv": [1, 2.5, 1.5, 3], "rotation": 270, "texture": "#top", "tintindex": 0}
			}
		},
		{
			"name": "grass_block_side_overlay_3",
			"from": [14.89104, -5.56147, 1.5],
			"to": [15.39104, -3.06147, 2],
			"rotation": {"angle": 22.5, "axis": "z", "origin": [8, 0, 8]},
			"faces": {
				"north": {"uv": [1.5, 0, 2, 2.5], "texture": "#top", "tintindex": 0},
				"east": {"uv": [2, 0, 1.5, 2.5], "texture": "#top", "tintindex": 0},
				"south": {"uv": [1.5, 0, 2, 2.5], "texture": "#top", "tintindex": 0},
				"west": {"uv": [1.5, 0, 2, 2.5], "texture": "#top", "tintindex": 0},
				"up": {"uv": [1.5, 0, 2, 0.5], "rotation": 90, "texture": "#top", "tintindex": 0},
				"down": {"uv": [1.5, 2, 2, 2.5], "rotation": 270, "texture": "#top", "tintindex": 0}
			}
		},
		{
			"name": "grass_block_side_overlay_4",
			"from": [14.89104, -6.56147, 2],
			"to": [15.39104, -3.06147, 2.5],
			"rotation": {"angle": 22.5, "axis": "z", "origin": [8, 0, 8]},
			"faces": {
				"north": {"uv": [2, 0, 2.5, 3.5], "texture": "#top", "tintindex": 0},
				"east": {"uv": [2.5, 0, 2, 3.5], "texture": "#top", "tintindex": 0},
				"south": {"uv": [2, 0, 2.5, 3.5], "texture": "#top", "tintindex": 0},
				"west": {"uv": [2, 0, 2.5, 3.5], "texture": "#top", "tintindex": 0},
				"up": {"uv": [2, 0, 2.5, 0.5], "rotation": 90, "texture": "#top", "tintindex": 0},
				"down": {"uv": [2, 3, 2.5, 3.5], "rotation": 270, "texture": "#top", "tintindex": 0}
			}
		},
		{
			"name": "grass_block_side_overlay_5",
			"from": [14.89104, -5.56147, 2.5],
			"to": [15.39104, -3.06147, 3],
			"rotation": {"angle": 22.5, "axis": "z", "origin": [8, 0, 8]},
			"faces": {
				"north": {"uv": [2.5, 0, 3, 2.5], "texture": "#top", "tintindex": 0},
				"east": {"uv": [3, 0, 2.5, 2.5], "texture": "#top", "tintindex": 0},
				"south": {"uv": [2.5, 0, 3, 2.5], "texture": "#top", "tintindex": 0},
				"west": {"uv": [2.5, 0, 3, 2.5], "texture": "#top", "tintindex": 0},
				"up": {"uv": [2.5, 0, 3, 0.5], "rotation": 90, "texture": "#top", "tintindex": 0},
				"down": {"uv": [2.5, 2, 3, 2.5], "rotation": 270, "texture": "#top", "tintindex": 0}
			}
		},
		{
			"name": "grass_block_side_overlay_6",
			"from": [14.89104, -6.06147, 3],
			"to": [15.39104, -3.06147, 3.5],
			"rotation": {"angle": 22.5, "axis": "z", "origin": [8, 0, 8]},
			"faces": {
				"north": {"uv": [3, 0, 3.5, 3], "texture": "#top", "tintindex": 0},
				"east": {"uv": [3.5, 0, 3, 3], "texture": "#top", "tintindex": 0},
				"south": {"uv": [3, 0, 3.5, 3], "texture": "#top", "tintindex": 0},
				"west": {"uv": [3, 0, 3.5, 3], "texture": "#top", "tintindex": 0},
				"up": {"uv": [3, 0, 3.5, 0.5], "rotation": 90, "texture": "#top", "tintindex": 0},
				"down": {"uv": [3, 2.5, 3.5, 3], "rotation": 270, "texture": "#top", "tintindex": 0}
			}
		},
		{
			"name": "grass_block_side_overlay_7",
			"from": [14.89104, -7.56147, 3.5],
			"to": [15.39104, -3.06147, 4],
			"rotation": {"angle": 22.5, "axis": "z", "origin": [8, 0, 8]},
			"faces": {
				"north": {"uv": [3.5, 0, 4, 4.5], "texture": "#top", "tintindex": 0},
				"east": {"uv": [4, 0, 3.5, 4.5], "texture": "#top", "tintindex": 0},
				"south": {"uv": [3.5, 0, 4, 4.5], "texture": "#top", "tintindex": 0},
				"west": {"uv": [3.5, 0, 4, 4.5], "texture": "#top", "tintindex": 0},
				"up": {"uv": [3.5, 0, 4, 0.5], "rotation": 90, "texture": "#top", "tintindex": 0},
				"down": {"uv": [3.5, 4, 4, 4.5], "rotation": 270, "texture": "#top", "tintindex": 0}
			}
		},
		{
			"name": "grass_block_side_overlay_8",
			"from": [14.89104, -6.56147, 4],
			"to": [15.39104, -3.06147, 4.5],
			"rotation": {"angle": 22.5, "axis": "z", "origin": [8, 0, 8]},
			"faces": {
				"north": {"uv": [4, 0, 4.5, 3.5], "texture": "#top", "tintindex": 0},
				"east": {"uv": [4.5, 0, 4, 3.5], "texture": "#top", "tintindex": 0},
				"south": {"uv": [4, 0, 4.5, 3.5], "texture": "#top", "tintindex": 0},
				"west": {"uv": [4, 0, 4.5, 3.5], "texture": "#top", "tintindex": 0},
				"up": {"uv": [4, 0, 4.5, 0.5], "rotation": 90, "texture": "#top", "tintindex": 0},
				"down": {"uv": [4, 3, 4.5, 3.5], "rotation": 270, "texture": "#top", "tintindex": 0}
			}
		},
		{
			"name": "grass_block_side_overlay_9",
			"from": [14.89104, -5.56147, 4.5],
			"to": [15.39104, -3.06147, 5],
			"rotation": {"angle": 22.5, "axis": "z", "origin": [8, 0, 8]},
			"faces": {
				"north": {"uv": [4.5, 0, 5, 2.5], "texture": "#top", "tintindex": 0},
				"east": {"uv": [5, 0, 4.5, 2.5], "texture": "#top", "tintindex": 0},
				"south": {"uv": [4.5, 0, 5, 2.5], "texture": "#top", "tintindex": 0},
				"west": {"uv": [4.5, 0, 5, 2.5], "texture": "#top", "tintindex": 0},
				"up": {"uv": [4.5, 0, 5, 0.5], "rotation": 90, "texture": "#top", "tintindex": 0},
				"down": {"uv": [4.5, 2, 5, 2.5], "rotation": 270, "texture": "#top", "tintindex": 0}
			}
		},
		{
			"name": "grass_block_side_overlay_10",
			"from": [14.89104, -4.56147, 5],
			"to": [15.39104, -3.06147, 5.5],
			"rotation": {"angle": 22.5, "axis": "z", "origin": [8, 0, 8]},
			"faces": {
				"north": {"uv": [5, 0, 5.5, 1.5], "texture": "#top", "tintindex": 0},
				"east": {"uv": [5.5, 0, 5, 1.5], "texture": "#top", "tintindex": 0},
				"south": {"uv": [5, 0, 5.5, 1.5], "texture": "#top", "tintindex": 0},
				"west": {"uv": [5, 0, 5.5, 1.5], "texture": "#top", "tintindex": 0},
				"up": {"uv": [5, 0, 5.5, 0.5], "rotation": 90, "texture": "#top", "tintindex": 0},
				"down": {"uv": [5, 1, 5.5, 1.5], "rotation": 270, "texture": "#top", "tintindex": 0}
			}
		},
		{
			"name": "grass_block_side_overlay_11",
			"from": [14.89104, -5.06147, 5.5],
			"to": [15.39104, -3.06147, 6],
			"rotation": {"angle": 22.5, "axis": "z", "origin": [8, 0, 8]},
			"faces": {
				"north": {"uv": [5.5, 0, 6, 2], "texture": "#top", "tintindex": 0},
				"east": {"uv": [6, 0, 5.5, 2], "texture": "#top", "tintindex": 0},
				"south": {"uv": [5.5, 0, 6, 2], "texture": "#top", "tintindex": 0},
				"west": {"uv": [5.5, 0, 6, 2], "texture": "#top", "tintindex": 0},
				"up": {"uv": [5.5, 0, 6, 0.5], "rotation": 90, "texture": "#top", "tintindex": 0},
				"down": {"uv": [5.5, 1.5, 6, 2], "rotation": 270, "texture": "#top", "tintindex": 0}
			}
		},
		{
			"name": "grass_block_side_overlay_12",
			"from": [14.89104, -6.56147, 6],
			"to": [15.39104, -3.06147, 6.5],
			"rotation": {"angle": 22.5, "axis": "z", "origin": [8, 0, 8]},
			"faces": {
				"north": {"uv": [6, 0, 6.5, 3.5], "texture": "#top", "tintindex": 0},
				"east": {"uv": [6.5, 0, 6, 3.5], "texture": "#top", "tintindex": 0},
				"south": {"uv": [6, 0, 6.5, 3.5], "texture": "#top", "tintindex": 0},
				"west": {"uv": [6, 0, 6.5, 3.5], "texture": "#top", "tintindex": 0},
				"up": {"uv": [6, 0, 6.5, 0.5], "rotation": 90, "texture": "#top", "tintindex": 0},
				"down": {"uv": [6, 3, 6.5, 3.5], "rotation": 270, "texture": "#top", "tintindex": 0}
			}
		},
		{
			"name": "grass_block_side_overlay_13",
			"from": [14.89104, -5.06147, 6.5],
			"to": [15.39104, -3.06147, 7],
			"rotation": {"angle": 22.5, "axis": "z", "origin": [8, 0, 8]},
			"faces": {
				"north": {"uv": [6.5, 0, 7, 2], "texture": "#top", "tintindex": 0},
				"east": {"uv": [7, 0, 6.5, 2], "texture": "#top", "tintindex": 0},
				"south": {"uv": [6.5, 0, 7, 2], "texture": "#top", "tintindex": 0},
				"west": {"uv": [6.5, 0, 7, 2], "texture": "#top", "tintindex": 0},
				"up": {"uv": [6.5, 0, 7, 0.5], "rotation": 90, "texture": "#top", "tintindex": 0},
				"down": {"uv": [6.5, 1.5, 7, 2], "rotation": 270, "texture": "#top", "tintindex": 0}
			}
		},
		{
			"name": "grass_block_side_overlay_14",
			"from": [14.89104, -5.56147, 7],
			"to": [15.39104, -3.06147, 7.5],
			"rotation": {"angle": 22.5, "axis": "z", "origin": [8, 0, 8]},
			"faces": {
				"north": {"uv": [7, 0, 7.5, 2.5], "texture": "#top", "tintindex": 0},
				"east": {"uv": [7.5, 0, 7, 2.5], "texture": "#top", "tintindex": 0},
				"south": {"uv": [7, 0, 7.5, 2.5], "texture": "#top", "tintindex": 0},
				"west": {"uv": [7, 0, 7.5, 2.5], "texture": "#top", "tintindex": 0},
				"up": {"uv": [7, 0, 7.5, 0.5], "rotation": 90, "texture": "#top", "tintindex": 0},
				"down": {"uv": [7, 2, 7.5, 2.5], "rotation": 270, "texture": "#top", "tintindex": 0}
			}
		},
		{
			"name": "grass_block_side_overlay_15",
			"from": [14.89104, -6.56147, 7.5],
			"to": [15.39104, -3.06147, 8],
			"rotation": {"angle": 22.5, "axis": "z", "origin": [8, 0, 8]},
			"faces": {
				"north": {"uv": [7.5, 0, 8, 3.5], "texture": "#top", "tintindex": 0},
				"east": {"uv": [8, 0, 7.5, 3.5], "texture": "#top", "tintindex": 0},
				"south": {"uv": [7.5, 0, 8, 3.5], "texture": "#top", "tintindex": 0},
				"west": {"uv": [7.5, 0, 8, 3.5], "texture": "#top", "tintindex": 0},
				"up": {"uv": [7.5, 0, 8, 0.5], "rotation": 90, "texture": "#top", "tintindex": 0},
				"down": {"uv": [7.5, 3, 8, 3.5], "rotation": 270, "texture": "#top", "tintindex": 0}
			}
		},
		{
			"name": "grass_block_side_overlay_16",
			"from": [14.89104, -6.06147, 8],
			"to": [15.39104, -3.06147, 8.5],
			"rotation": {"angle": 22.5, "axis": "z", "origin": [8, 0, 8]},
			"faces": {
				"north": {"uv": [8, 0, 8.5, 3], "texture": "#top", "tintindex": 0},
				"east": {"uv": [8.5, 0, 8, 3], "texture": "#top", "tintindex": 0},
				"south": {"uv": [8, 0, 8.5, 3], "texture": "#top", "tintindex": 0},
				"west": {"uv": [8, 0, 8.5, 3], "texture": "#top", "tintindex": 0},
				"up": {"uv": [8, 0, 8.5, 0.5], "rotation": 90, "texture": "#top", "tintindex": 0},
				"down": {"uv": [8, 2.5, 8.5, 3], "rotation": 270, "texture": "#top", "tintindex": 0}
			}
		},
		{
			"name": "grass_block_side_overlay_17",
			"from": [14.89104, -7.06147, 8.5],
			"to": [15.39104, -3.06147, 9],
			"rotation": {"angle": 22.5, "axis": "z", "origin": [8, 0, 8]},
			"faces": {
				"north": {"uv": [8.5, 0, 9, 4], "texture": "#top", "tintindex": 0},
				"east": {"uv": [9, 0, 8.5, 4], "texture": "#top", "tintindex": 0},
				"south": {"uv": [8.5, 0, 9, 4], "texture": "#top", "tintindex": 0},
				"west": {"uv": [8.5, 0, 9, 4], "texture": "#top", "tintindex": 0},
				"up": {"uv": [8.5, 0, 9, 0.5], "rotation": 90, "texture": "#top", "tintindex": 0},
				"down": {"uv": [8.5, 3.5, 9, 4], "rotation": 270, "texture": "#top", "tintindex": 0}
			}
		},
		{
			"name": "grass_block_side_overlay_18",
			"from": [14.89104, -6.56147, 9],
			"to": [15.39104, -3.06147, 9.5],
			"rotation": {"angle": 22.5, "axis": "z", "origin": [8, 0, 8]},
			"faces": {
				"north": {"uv": [9, 0, 9.5, 3.5], "texture": "#top", "tintindex": 0},
				"east": {"uv": [9.5, 0, 9, 3.5], "texture": "#top", "tintindex": 0},
				"south": {"uv": [9, 0, 9.5, 3.5], "texture": "#top", "tintindex": 0},
				"west": {"uv": [9, 0, 9.5, 3.5], "texture": "#top", "tintindex": 0},
				"up": {"uv": [9, 0, 9.5, 0.5], "rotation": 90, "texture": "#top", "tintindex": 0},
				"down": {"uv": [9, 3, 9.5, 3.5], "rotation": 270, "texture": "#top", "tintindex": 0}
			}
		},
		{
			"name": "grass_block_side_overlay_19",
			"from": [14.89104, -5.56147, 9.5],
			"to": [15.39104, -3.06147, 10],
			"rotation": {"angle": 22.5, "axis": "z", "origin": [8, 0, 8]},
			"faces": {
				"north": {"uv": [9.5, 0, 10, 2.5], "texture": "#top", "tintindex": 0},
				"east": {"uv": [10, 0, 9.5, 2.5], "texture": "#top", "tintindex": 0},
				"south": {"uv": [9.5, 0, 10, 2.5], "texture": "#top", "tintindex": 0},
				"west": {"uv": [9.5, 0, 10, 2.5], "texture": "#top", "tintindex": 0},
				"up": {"uv": [9.5, 0, 10, 0.5], "rotation": 90, "texture": "#top", "tintindex": 0},
				"down": {"uv": [9.5, 2, 10, 2.5], "rotation": 270, "texture": "#top", "tintindex": 0}
			}
		},
		{
			"name": "grass_block_side_overlay_20",
			"from": [14.89104, -6.56147, 10],
			"to": [15.39104, -3.06147, 10.5],
			"rotation": {"angle": 22.5, "axis": "z", "origin": [8, 0, 8]},
			"faces": {
				"north": {"uv": [10, 0, 10.5, 3.5], "texture": "#top", "tintindex": 0},
				"east": {"uv": [10.5, 0, 10, 3.5], "texture": "#top", "tintindex": 0},
				"south": {"uv": [10, 0, 10.5, 3.5], "texture": "#top", "tintindex": 0},
				"west": {"uv": [10, 0, 10.5, 3.5], "texture": "#top", "tintindex": 0},
				"up": {"uv": [10, 0, 10.5, 0.5], "rotation": 90, "texture": "#top", "tintindex": 0},
				"down": {"uv": [10, 3, 10.5, 3.5], "rotation": 270, "texture": "#top", "tintindex": 0}
			}
		},
		{
			"name": "grass_block_side_overlay_21",
			"from": [14.89104, -6.06147, 10.5],
			"to": [15.39104, -3.06147, 11],
			"rotation": {"angle": 22.5, "axis": "z", "origin": [8, 0, 8]},
			"faces": {
				"north": {"uv": [10.5, 0, 11, 3], "texture": "#top", "tintindex": 0},
				"east": {"uv": [11, 0, 10.5, 3], "texture": "#top", "tintindex": 0},
				"south": {"uv": [10.5, 0, 11, 3], "texture": "#top", "tintindex": 0},
				"west": {"uv": [10.5, 0, 11, 3], "texture": "#top", "tintindex": 0},
				"up": {"uv": [10.5, 0, 11, 0.5], "rotation": 90, "texture": "#top", "tintindex": 0},
				"down": {"uv": [10.5, 2.5, 11, 3], "rotation": 270, "texture": "#top", "tintindex": 0}
			}
		},
		{
			"name": "grass_block_side_overlay_22",
			"from": [14.89104, -7.06147, 11],
			"to": [15.39104, -3.06147, 11.5],
			"rotation": {"angle": 22.5, "axis": "z", "origin": [8, 0, 8]},
			"faces": {
				"north": {"uv": [11, 0, 11.5, 4], "texture": "#top", "tintindex": 0},
				"east": {"uv": [11.5, 0, 11, 4], "texture": "#top", "tintindex": 0},
				"south": {"uv": [11, 0, 11.5, 4], "texture": "#top", "tintindex": 0},
				"west": {"uv": [11, 0, 11.5, 4], "texture": "#top", "tintindex": 0},
				"up": {"uv": [11, 0, 11.5, 0.5], "rotation": 90, "texture": "#top", "tintindex": 0},
				"down": {"uv": [11, 3.5, 11.5, 4], "rotation": 270, "texture": "#top", "tintindex": 0}
			}
		},
		{
			"name": "grass_block_side_overlay_23",
			"from": [14.89104, -6.56147, 11.5],
			"to": [15.39104, -3.06147, 12],
			"rotation": {"angle": 22.5, "axis": "z", "origin": [8, 0, 8]},
			"faces": {
				"north": {"uv": [11.5, 0, 12, 3.5], "texture": "#top", "tintindex": 0},
				"east": {"uv": [12, 0, 11.5, 3.5], "texture": "#top", "tintindex": 0},
				"south": {"uv": [11.5, 0, 12, 3.5], "texture": "#top", "tintindex": 0},
				"west": {"uv": [11.5, 0, 12, 3.5], "texture": "#top", "tintindex": 0},
				"up": {"uv": [11.5, 0, 12, 0.5], "rotation": 90, "texture": "#top", "tintindex": 0},
				"down": {"uv": [11.5, 3, 12, 3.5], "rotation": 270, "texture": "#top", "tintindex": 0}
			}
		},
		{
			"name": "grass_block_side_overlay_24",
			"from": [14.89104, -6.06147, 12],
			"to": [15.39104, -3.06147, 12.5],
			"rotation": {"angle": 22.5, "axis": "z", "origin": [8, 0, 8]},
			"faces": {
				"north": {"uv": [12, 0, 12.5, 3], "texture": "#top", "tintindex": 0},
				"east": {"uv": [12.5, 0, 12, 3], "texture": "#top", "tintindex": 0},
				"south": {"uv": [12, 0, 12.5, 3], "texture": "#top", "tintindex": 0},
				"west": {"uv": [12, 0, 12.5, 3], "texture": "#top", "tintindex": 0},
				"up": {"uv": [12, 0, 12.5, 0.5], "rotation": 90, "texture": "#top", "tintindex": 0},
				"down": {"uv": [12, 2.5, 12.5, 3], "rotation": 270, "texture": "#top", "tintindex": 0}
			}
		},
		{
			"name": "grass_block_side_overlay_25",
			"from": [14.89104, -7.06147, 12.5],
			"to": [15.39104, -3.06147, 13],
			"rotation": {"angle": 22.5, "axis": "z", "origin": [8, 0, 8]},
			"faces": {
				"north": {"uv": [12.5, 0, 13, 4], "texture": "#top", "tintindex": 0},
				"east": {"uv": [13, 0, 12.5, 4], "texture": "#top", "tintindex": 0},
				"south": {"uv": [12.5, 0, 13, 4], "texture": "#top", "tintindex": 0},
				"west": {"uv": [12.5, 0, 13, 4], "texture": "#top", "tintindex": 0},
				"up": {"uv": [12.5, 0, 13, 0.5], "rotation": 90, "texture": "#top", "tintindex": 0},
				"down": {"uv": [12.5, 3.5, 13, 4], "rotation": 270, "texture": "#top", "tintindex": 0}
			}
		},
		{
			"name": "grass_block_side_overlay_26",
			"from": [14.89104, -5.06147, 13],
			"to": [15.39104, -3.06147, 13.5],
			"rotation": {"angle": 22.5, "axis": "z", "origin": [8, 0, 8]},
			"faces": {
				"north": {"uv": [13, 0, 13.5, 2], "texture": "#top", "tintindex": 0},
				"east": {"uv": [13.5, 0, 13, 2], "texture": "#top", "tintindex": 0},
				"south": {"uv": [13, 0, 13.5, 2], "texture": "#top", "tintindex": 0},
				"west": {"uv": [13, 0, 13.5, 2], "texture": "#top", "tintindex": 0},
				"up": {"uv": [13, 0, 13.5, 0.5], "rotation": 90, "texture": "#top", "tintindex": 0},
				"down": {"uv": [13, 1.5, 13.5, 2], "rotation": 270, "texture": "#top", "tintindex": 0}
			}
		},
		{
			"name": "grass_block_side_overlay_27",
			"from": [14.89104, -5.56147, 13.5],
			"to": [15.39104, -3.06147, 14],
			"rotation": {"angle": 22.5, "axis": "z", "origin": [8, 0, 8]},
			"faces": {
				"north": {"uv": [13.5, 0, 14, 2.5], "texture": "#top", "tintindex": 0},
				"east": {"uv": [14, 0, 13.5, 2.5], "texture": "#top", "tintindex": 0},
				"south": {"uv": [13.5, 0, 14, 2.5], "texture": "#top", "tintindex": 0},
				"west": {"uv": [13.5, 0, 14, 2.5], "texture": "#top", "tintindex": 0},
				"up": {"uv": [13.5, 0, 14, 0.5], "rotation": 90, "texture": "#top", "tintindex": 0},
				"down": {"uv": [13.5, 2, 14, 2.5], "rotation": 270, "texture": "#top", "tintindex": 0}
			}
		},
		{
			"name": "grass_block_side_overlay_28",
			"from": [14.89104, -5.56147, 14],
			"to": [15.39104, -3.06147, 14.5],
			"rotation": {"angle": 22.5, "axis": "z", "origin": [8, 0, 8]},
			"faces": {
				"north": {"uv": [14, 0, 14.5, 2.5], "texture": "#top", "tintindex": 0},
				"east": {"uv": [14.5, 0, 14, 2.5], "texture": "#top", "tintindex": 0},
				"south": {"uv": [14, 0, 14.5, 2.5], "texture": "#top", "tintindex": 0},
				"west": {"uv": [14, 0, 14.5, 2.5], "texture": "#top", "tintindex": 0},
				"up": {"uv": [14, 0, 14.5, 0.5], "rotation": 90, "texture": "#top", "tintindex": 0},
				"down": {"uv": [14, 2, 14.5, 2.5], "rotation": 270, "texture": "#top", "tintindex": 0}
			}
		},
		{
			"name": "grass_block_side_overlay_29",
			"from": [14.89104, -6.06147, 14.5],
			"to": [15.39104, -3.06147, 15],
			"rotation": {"angle": 22.5, "axis": "z", "origin": [8, 0, 8]},
			"faces": {
				"north": {"uv": [14.5, 0, 15, 3], "texture": "#top", "tintindex": 0},
				"east": {"uv": [15, 0, 14.5, 3], "texture": "#top", "tintindex": 0},
				"south": {"uv": [14.5, 0, 15, 3], "texture": "#top", "tintindex": 0},
				"west": {"uv": [14.5, 0, 15, 3], "texture": "#top", "tintindex": 0},
				"up": {"uv": [14.5, 0, 15, 0.5], "rotation": 90, "texture": "#top", "tintindex": 0},
				"down": {"uv": [14.5, 2.5, 15, 3], "rotation": 270, "texture": "#top", "tintindex": 0}
			}
		},
		{
			"name": "grass_block_side_overlay_30",
			"from": [14.89104, -5.56147, 15],
			"to": [15.39104, -3.06147, 15.5],
			"rotation": {"angle": 22.5, "axis": "z", "origin": [8, 0, 8]},
			"faces": {
				"north": {"uv": [15, 0, 15.5, 2.5], "texture": "#top", "tintindex": 0},
				"east": {"uv": [15.5, 0, 15, 2.5], "texture": "#top", "tintindex": 0},
				"south": {"uv": [15, 0, 15.5, 2.5], "texture": "#top", "tintindex": 0},
				"west": {"uv": [15, 0, 15.5, 2.5], "texture": "#top", "tintindex": 0},
				"up": {"uv": [15, 0, 15.5, 0.5], "rotation": 90, "texture": "#top", "tintindex": 0},
				"down": {"uv": [15, 2, 15.5, 2.5], "rotation": 270, "texture": "#top", "tintindex": 0}
			}
		},
		{
			"name": "grass_block_side_overlay_31",
			"from": [14.89104, -5.06147, 15.5],
			"to": [15.39104, -3.06147, 16],
			"rotation": {"angle": 22.5, "axis": "z", "origin": [8, 0, 8]},
			"faces": {
				"north": {"uv": [15.5, 0, 16, 2], "texture": "#top", "tintindex": 0},
				"east": {"uv": [16, 0, 15.5, 2], "texture": "#top", "tintindex": 0},
				"south": {"uv": [15.5, 0, 16, 2], "texture": "#top", "tintindex": 0},
				"west": {"uv": [15.5, 0, 16, 2], "texture": "#top", "tintindex": 0},
				"up": {"uv": [15.5, 0, 16, 0.5], "rotation": 90, "texture": "#top", "tintindex": 0},
				"down": {"uv": [15.5, 1.5, 16, 2], "rotation": 270, "texture": "#top", "tintindex": 0}
			}
		},
		{
			"name": "grass_block_side_overlay_0",
			"from": [15.5, -6.06147, 14.89104],
			"to": [16, -3.06147, 15.39104],
			"rotation": {"angle": -22.5, "axis": "x", "origin": [8, 0, 8]},
			"faces": {
				"north": {"uv": [0, 0, 0.5, 3], "texture": "#top", "tintindex": 0},
				"east": {"uv": [0, 0, 0.5, 3], "texture": "#top", "tintindex": 0},
				"south": {"uv": [0.5, 0, 0, 3], "texture": "#top", "tintindex": 0},
				"west": {"uv": [0, 0, 0.5, 3], "texture": "#top", "tintindex": 0},
				"up": {"uv": [0, 0, 0.5, 0.5], "rotation": 180, "texture": "#top", "tintindex": 0},
				"down": {"uv": [0, 2.5, 0.5, 3], "rotation": 180, "texture": "#top", "tintindex": 0}
			}
		},
		{
			"name": "grass_block_side_overlay_1",
			"from": [15, -5.06147, 14.89104],
			"to": [15.5, -3.06147, 15.39104],
			"rotation": {"angle": -22.5, "axis": "x", "origin": [8, 0, 8]},
			"faces": {
				"north": {"uv": [0.5, 0, 1, 2], "texture": "#top", "tintindex": 0},
				"east": {"uv": [0.5, 0, 1, 2], "texture": "#top", "tintindex": 0},
				"south": {"uv": [1, 0, 0.5, 2], "texture": "#top", "tintindex": 0},
				"west": {"uv": [0.5, 0, 1, 2], "texture": "#top", "tintindex": 0},
				"up": {"uv": [0.5, 0, 1, 0.5], "rotation": 180, "texture": "#top", "tintindex": 0},
				"down": {"uv": [0.5, 1.5, 1, 2], "rotation": 180, "texture": "#top", "tintindex": 0}
			}
		},
		{
			"name": "grass_block_side_overlay_2",
			"from": [14.5, -6.06147, 14.89104],
			"to": [15, -3.06147, 15.39104],
			"rotation": {"angle": -22.5, "axis": "x", "origin": [8, 0, 8]},
			"faces": {
				"north": {"uv": [1, 0, 1.5, 3], "texture": "#top", "tintindex": 0},
				"east": {"uv": [1, 0, 1.5, 3], "texture": "#top", "tintindex": 0},
				"south": {"uv": [1.5, 0, 1, 3], "texture": "#top", "tintindex": 0},
				"west": {"uv": [1, 0, 1.5, 3], "texture": "#top", "tintindex": 0},
				"up": {"uv": [1, 0, 1.5, 0.5], "rotation": 180, "texture": "#top", "tintindex": 0},
				"down": {"uv": [1, 2.5, 1.5, 3], "rotation": 180, "texture": "#top", "tintindex": 0}
			}
		},
		{
			"name": "grass_block_side_overlay_3",
			"from": [14, -5.56147, 14.89104],
			"to": [14.5, -3.06147, 15.39104],
			"rotation": {"angle": -22.5, "axis": "x", "origin": [8, 0, 8]},
			"faces": {
				"north": {"uv": [1.5, 0, 2, 2.5], "texture": "#top", "tintindex": 0},
				"east": {"uv": [1.5, 0, 2, 2.5], "texture": "#top", "tintindex": 0},
				"south": {"uv": [2, 0, 1.5, 2.5], "texture": "#top", "tintindex": 0},
				"west": {"uv": [1.5, 0, 2, 2.5], "texture": "#top", "tintindex": 0},
				"up": {"uv": [1.5, 0, 2, 0.5], "rotation": 180, "texture": "#top", "tintindex": 0},
				"down": {"uv": [1.5, 2, 2, 2.5], "rotation": 180, "texture": "#top", "tintindex": 0}
			}
		},
		{
			"name": "grass_block_side_overlay_4",
			"from": [13.5, -6.56147, 14.89104],
			"to": [14, -3.06147, 15.39104],
			"rotation": {"angle": -22.5, "axis": "x", "origin": [8, 0, 8]},
			"faces": {
				"north": {"uv": [2, 0, 2.5, 3.5], "texture": "#top", "tintindex": 0},
				"east": {"uv": [2, 0, 2.5, 3.5], "texture": "#top", "tintindex": 0},
				"south": {"uv": [2.5, 0, 2, 3.5], "texture": "#top", "tintindex": 0},
				"west": {"uv": [2, 0, 2.5, 3.5], "texture": "#top", "tintindex": 0},
				"up": {"uv": [2, 0, 2.5, 0.5], "rotation": 180, "texture": "#top", "tintindex": 0},
				"down": {"uv": [2, 3, 2.5, 3.5], "rotation": 180, "texture": "#top", "tintindex": 0}
			}
		},
		{
			"name": "grass_block_side_overlay_5",
			"from": [13, -5.56147, 14.89104],
			"to": [13.5, -3.06147, 15.39104],
			"rotation": {"angle": -22.5, "axis": "x", "origin": [8, 0, 8]},
			"faces": {
				"north": {"uv": [2.5, 0, 3, 2.5], "texture": "#top", "tintindex": 0},
				"east": {"uv": [2.5, 0, 3, 2.5], "texture": "#top", "tintindex": 0},
				"south": {"uv": [3, 0, 2.5, 2.5], "texture": "#top", "tintindex": 0},
				"west": {"uv": [2.5, 0, 3, 2.5], "texture": "#top", "tintindex": 0},
				"up": {"uv": [2.5, 0, 3, 0.5], "rotation": 180, "texture": "#top", "tintindex": 0},
				"down": {"uv": [2.5, 2, 3, 2.5], "rotation": 180, "texture": "#top", "tintindex": 0}
			}
		},
		{
			"name": "grass_block_side_overlay_6",
			"from": [12.5, -6.06147, 14.89104],
			"to": [13, -3.06147, 15.39104],
			"rotation": {"angle": -22.5, "axis": "x", "origin": [8, 0, 8]},
			"faces": {
				"north": {"uv": [3, 0, 3.5, 3], "texture": "#top", "tintindex": 0},
				"east": {"uv": [3, 0, 3.5, 3], "texture": "#top", "tintindex": 0},
				"south": {"uv": [3.5, 0, 3, 3], "texture": "#top", "tintindex": 0},
				"west": {"uv": [3, 0, 3.5, 3], "texture": "#top", "tintindex": 0},
				"up": {"uv": [3, 0, 3.5, 0.5], "rotation": 180, "texture": "#top", "tintindex": 0},
				"down": {"uv": [3, 2.5, 3.5, 3], "rotation": 180, "texture": "#top", "tintindex": 0}
			}
		},
		{
			"name": "grass_block_side_overlay_7",
			"from": [12, -7.56147, 14.89104],
			"to": [12.5, -3.06147, 15.39104],
			"rotation": {"angle": -22.5, "axis": "x", "origin": [8, 0, 8]},
			"faces": {
				"north": {"uv": [3.5, 0, 4, 4.5], "texture": "#top", "tintindex": 0},
				"east": {"uv": [3.5, 0, 4, 4.5], "texture": "#top", "tintindex": 0},
				"south": {"uv": [4, 0, 3.5, 4.5], "texture": "#top", "tintindex": 0},
				"west": {"uv": [3.5, 0, 4, 4.5], "texture": "#top", "tintindex": 0},
				"up": {"uv": [3.5, 0, 4, 0.5], "rotation": 180, "texture": "#top", "tintindex": 0},
				"down": {"uv": [3.5, 4, 4, 4.5], "rotation": 180, "texture": "#top", "tintindex": 0}
			}
		},
		{
			"name": "grass_block_side_overlay_8",
			"from": [11.5, -6.56147, 14.89104],
			"to": [12, -3.06147, 15.39104],
			"rotation": {"angle": -22.5, "axis": "x", "origin": [8, 0, 8]},
			"faces": {
				"north": {"uv": [4, 0, 4.5, 3.5], "texture": "#top", "tintindex": 0},
				"east": {"uv": [4, 0, 4.5, 3.5], "texture": "#top", "tintindex": 0},
				"south": {"uv": [4.5, 0, 4, 3.5], "texture": "#top", "tintindex": 0},
				"west": {"uv": [4, 0, 4.5, 3.5], "texture": "#top", "tintindex": 0},
				"up": {"uv": [4, 0, 4.5, 0.5], "rotation": 180, "texture": "#top", "tintindex": 0},
				"down": {"uv": [4, 3, 4.5, 3.5], "rotation": 180, "texture": "#top", "tintindex": 0}
			}
		},
		{
			"name": "grass_block_side_overlay_9",
			"from": [11, -5.56147, 14.89104],
			"to": [11.5, -3.06147, 15.39104],
			"rotation": {"angle": -22.5, "axis": "x", "origin": [8, 0, 8]},
			"faces": {
				"north": {"uv": [4.5, 0, 5, 2.5], "texture": "#top", "tintindex": 0},
				"east": {"uv": [4.5, 0, 5, 2.5], "texture": "#top", "tintindex": 0},
				"south": {"uv": [5, 0, 4.5, 2.5], "texture": "#top", "tintindex": 0},
				"west": {"uv": [4.5, 0, 5, 2.5], "texture": "#top", "tintindex": 0},
				"up": {"uv": [4.5, 0, 5, 0.5], "rotation": 180, "texture": "#top", "tintindex": 0},
				"down": {"uv": [4.5, 2, 5, 2.5], "rotation": 180, "texture": "#top", "tintindex": 0}
			}
		},
		{
			"name": "grass_block_side_overlay_10",
			"from": [10.5, -4.56147, 14.89104],
			"to": [11, -3.06147, 15.39104],
			"rotation": {"angle": -22.5, "axis": "x", "origin": [8, 0, 8]},
			"faces": {
				"north": {"uv": [5, 0, 5.5, 1.5], "texture": "#top", "tintindex": 0},
				"east": {"uv": [5, 0, 5.5, 1.5], "texture": "#top", "tintindex": 0},
				"south": {"uv": [5.5, 0, 5, 1.5], "texture": "#top", "tintindex": 0},
				"west": {"uv": [5, 0, 5.5, 1.5], "texture": "#top", "tintindex": 0},
				"up": {"uv": [5, 0, 5.5, 0.5], "rotation": 180, "texture": "#top", "tintindex": 0},
				"down": {"uv": [5, 1, 5.5, 1.5], "rotation": 180, "texture": "#top", "tintindex": 0}
			}
		},
		{
			"name": "grass_block_side_overlay_11",
			"from": [10, -5.06147, 14.89104],
			"to": [10.5, -3.06147, 15.39104],
			"rotation": {"angle": -22.5, "axis": "x", "origin": [8, 0, 8]},
			"faces": {
				"north": {"uv": [5.5, 0, 6, 2], "texture": "#top", "tintindex": 0},
				"east": {"uv": [5.5, 0, 6, 2], "texture": "#top", "tintindex": 0},
				"south": {"uv": [6, 0, 5.5, 2], "texture": "#top", "tintindex": 0},
				"west": {"uv": [5.5, 0, 6, 2], "texture": "#top", "tintindex": 0},
				"up": {"uv": [5.5, 0, 6, 0.5], "rotation": 180, "texture": "#top", "tintindex": 0},
				"down": {"uv": [5.5, 1.5, 6, 2], "rotation": 180, "texture": "#top", "tintindex": 0}
			}
		},
		{
			"name": "grass_block_side_overlay_12",
			"from": [9.5, -6.56147, 14.89104],
			"to": [10, -3.06147, 15.39104],
			"rotation": {"angle": -22.5, "axis": "x", "origin": [8, 0, 8]},
			"faces": {
				"north": {"uv": [6, 0, 6.5, 3.5], "texture": "#top", "tintindex": 0},
				"east": {"uv": [6, 0, 6.5, 3.5], "texture": "#top", "tintindex": 0},
				"south": {"uv": [6.5, 0, 6, 3.5], "texture": "#top", "tintindex": 0},
				"west": {"uv": [6, 0, 6.5, 3.5], "texture": "#top", "tintindex": 0},
				"up": {"uv": [6, 0, 6.5, 0.5], "rotation": 180, "texture": "#top", "tintindex": 0},
				"down": {"uv": [6, 3, 6.5, 3.5], "rotation": 180, "texture": "#top", "tintindex": 0}
			}
		},
		{
			"name": "grass_block_side_overlay_13",
			"from": [9, -5.06147, 14.89104],
			"to": [9.5, -3.06147, 15.39104],
			"rotation": {"angle": -22.5, "axis": "x", "origin": [8, 0, 8]},
			"faces": {
				"north": {"uv": [6.5, 0, 7, 2], "texture": "#top", "tintindex": 0},
				"east": {"uv": [6.5, 0, 7, 2], "texture": "#top", "tintindex": 0},
				"south": {"uv": [7, 0, 6.5, 2], "texture": "#top", "tintindex": 0},
				"west": {"uv": [6.5, 0, 7, 2], "texture": "#top", "tintindex": 0},
				"up": {"uv": [6.5, 0, 7, 0.5], "rotation": 180, "texture": "#top", "tintindex": 0},
				"down": {"uv": [6.5, 1.5, 7, 2], "rotation": 180, "texture": "#top", "tintindex": 0}
			}
		},
		{
			"name": "grass_block_side_overlay_14",
			"from": [8.5, -5.56147, 14.89104],
			"to": [9, -3.06147, 15.39104],
			"rotation": {"angle": -22.5, "axis": "x", "origin": [8, 0, 8]},
			"faces": {
				"north": {"uv": [7, 0, 7.5, 2.5], "texture": "#top", "tintindex": 0},
				"east": {"uv": [7, 0, 7.5, 2.5], "texture": "#top", "tintindex": 0},
				"south": {"uv": [7.5, 0, 7, 2.5], "texture": "#top", "tintindex": 0},
				"west": {"uv": [7, 0, 7.5, 2.5], "texture": "#top", "tintindex": 0},
				"up": {"uv": [7, 0, 7.5, 0.5], "rotation": 180, "texture": "#top", "tintindex": 0},
				"down": {"uv": [7, 2, 7.5, 2.5], "rotation": 180, "texture": "#top", "tintindex": 0}
			}
		},
		{
			"name": "grass_block_side_overlay_15",
			"from": [8, -6.56147, 14.89104],
			"to": [8.5, -3.06147, 15.39104],
			"rotation": {"angle": -22.5, "axis": "x", "origin": [8, 0, 8]},
			"faces": {
				"north": {"uv": [7.5, 0, 8, 3.5], "texture": "#top", "tintindex": 0},
				"east": {"uv": [7.5, 0, 8, 3.5], "texture": "#top", "tintindex": 0},
				"south": {"uv": [8, 0, 7.5, 3.5], "texture": "#top", "tintindex": 0},
				"west": {"uv": [7.5, 0, 8, 3.5], "texture": "#top", "tintindex": 0},
				"up": {"uv": [7.5, 0, 8, 0.5], "rotation": 180, "texture": "#top", "tintindex": 0},
				"down": {"uv": [7.5, 3, 8, 3.5], "rotation": 180, "texture": "#top", "tintindex": 0}
			}
		},
		{
			"name": "grass_block_side_overlay_16",
			"from": [7.5, -6.06147, 14.89104],
			"to": [8, -3.06147, 15.39104],
			"rotation": {"angle": -22.5, "axis": "x", "origin": [8, 0, 8]},
			"faces": {
				"north": {"uv": [8, 0, 8.5, 3], "texture": "#top", "tintindex": 0},
				"east": {"uv": [8, 0, 8.5, 3], "texture": "#top", "tintindex": 0},
				"south": {"uv": [8.5, 0, 8, 3], "texture": "#top", "tintindex": 0},
				"west": {"uv": [8, 0, 8.5, 3], "texture": "#top", "tintindex": 0},
				"up": {"uv": [8, 0, 8.5, 0.5], "rotation": 180, "texture": "#top", "tintindex": 0},
				"down": {"uv": [8, 2.5, 8.5, 3], "rotation": 180, "texture": "#top", "tintindex": 0}
			}
		},
		{
			"name": "grass_block_side_overlay_17",
			"from": [7, -7.06147, 14.89104],
			"to": [7.5, -3.06147, 15.39104],
			"rotation": {"angle": -22.5, "axis": "x", "origin": [8, 0, 8]},
			"faces": {
				"north": {"uv": [8.5, 0, 9, 4], "texture": "#top", "tintindex": 0},
				"east": {"uv": [8.5, 0, 9, 4], "texture": "#top", "tintindex": 0},
				"south": {"uv": [9, 0, 8.5, 4], "texture": "#top", "tintindex": 0},
				"west": {"uv": [8.5, 0, 9, 4], "texture": "#top", "tintindex": 0},
				"up": {"uv": [8.5, 0, 9, 0.5], "rotation": 180, "texture": "#top", "tintindex": 0},
				"down": {"uv": [8.5, 3.5, 9, 4], "rotation": 180, "texture": "#top", "tintindex": 0}
			}
		},
		{
			"name": "grass_block_side_overlay_18",
			"from": [6.5, -6.56147, 14.89104],
			"to": [7, -3.06147, 15.39104],
			"rotation": {"angle": -22.5, "axis": "x", "origin": [8, 0, 8]},
			"faces": {
				"north": {"uv": [9, 0, 9.5, 3.5], "texture": "#top", "tintindex": 0},
				"east": {"uv": [9, 0, 9.5, 3.5], "texture": "#top", "tintindex": 0},
				"south": {"uv": [9.5, 0, 9, 3.5], "texture": "#top", "tintindex": 0},
				"west": {"uv": [9, 0, 9.5, 3.5], "texture": "#top", "tintindex": 0},
				"up": {"uv": [9, 0, 9.5, 0.5], "rotation": 180, "texture": "#top", "tintindex": 0},
				"down": {"uv": [9, 3, 9.5, 3.5], "rotation": 180, "texture": "#top", "tintindex": 0}
			}
		},
		{
			"name": "grass_block_side_overlay_19",
			"from": [6, -5.56147, 14.89104],
			"to": [6.5, -3.06147, 15.39104],
			"rotation": {"angle": -22.5, "axis": "x", "origin": [8, 0, 8]},
			"faces": {
				"north": {"uv": [9.5, 0, 10, 2.5], "texture": "#top", "tintindex": 0},
				"east": {"uv": [9.5, 0, 10, 2.5], "texture": "#top", "tintindex": 0},
				"south": {"uv": [10, 0, 9.5, 2.5], "texture": "#top", "tintindex": 0},
				"west": {"uv": [9.5, 0, 10, 2.5], "texture": "#top", "tintindex": 0},
				"up": {"uv": [9.5, 0, 10, 0.5], "rotation": 180, "texture": "#top", "tintindex": 0},
				"down": {"uv": [9.5, 2, 10, 2.5], "rotation": 180, "texture": "#top", "tintindex": 0}
			}
		},
		{
			"name": "grass_block_side_overlay_20",
			"from": [5.5, -6.56147, 14.89104],
			"to": [6, -3.06147, 15.39104],
			"rotation": {"angle": -22.5, "axis": "x", "origin": [8, 0, 8]},
			"faces": {
				"north": {"uv": [10, 0, 10.5, 3.5], "texture": "#top", "tintindex": 0},
				"east": {"uv": [10, 0, 10.5, 3.5], "texture": "#top", "tintindex": 0},
				"south": {"uv": [10.5, 0, 10, 3.5], "texture": "#top", "tintindex": 0},
				"west": {"uv": [10, 0, 10.5, 3.5], "texture": "#top", "tintindex": 0},
				"up": {"uv": [10, 0, 10.5, 0.5], "rotation": 180, "texture": "#top", "tintindex": 0},
				"down": {"uv": [10, 3, 10.5, 3.5], "rotation": 180, "texture": "#top", "tintindex": 0}
			}
		},
		{
			"name": "grass_block_side_overlay_21",
			"from": [5, -6.06147, 14.89104],
			"to": [5.5, -3.06147, 15.39104],
			"rotation": {"angle": -22.5, "axis": "x", "origin": [8, 0, 8]},
			"faces": {
				"north": {"uv": [10.5, 0, 11, 3], "texture": "#top", "tintindex": 0},
				"east": {"uv": [10.5, 0, 11, 3], "texture": "#top", "tintindex": 0},
				"south": {"uv": [11, 0, 10.5, 3], "texture": "#top", "tintindex": 0},
				"west": {"uv": [10.5, 0, 11, 3], "texture": "#top", "tintindex": 0},
				"up": {"uv": [10.5, 0, 11, 0.5], "rotation": 180, "texture": "#top", "tintindex": 0},
				"down": {"uv": [10.5, 2.5, 11, 3], "rotation": 180, "texture": "#top", "tintindex": 0}
			}
		},
		{
			"name": "grass_block_side_overlay_22",
			"from": [4.5, -7.06147, 14.89104],
			"to": [5, -3.06147, 15.39104],
			"rotation": {"angle": -22.5, "axis": "x", "origin": [8, 0, 8]},
			"faces": {
				"north": {"uv": [11, 0, 11.5, 4], "texture": "#top", "tintindex": 0},
				"east": {"uv": [11, 0, 11.5, 4], "texture": "#top", "tintindex": 0},
				"south": {"uv": [11.5, 0, 11, 4], "texture": "#top", "tintindex": 0},
				"west": {"uv": [11, 0, 11.5, 4], "texture": "#top", "tintindex": 0},
				"up": {"uv": [11, 0, 11.5, 0.5], "rotation": 180, "texture": "#top", "tintindex": 0},
				"down": {"uv": [11, 3.5, 11.5, 4], "rotation": 180, "texture": "#top", "tintindex": 0}
			}
		},
		{
			"name": "grass_block_side_overlay_23",
			"from": [4, -6.56147, 14.89104],
			"to": [4.5, -3.06147, 15.39104],
			"rotation": {"angle": -22.5, "axis": "x", "origin": [8, 0, 8]},
			"faces": {
				"north": {"uv": [11.5, 0, 12, 3.5], "texture": "#top", "tintindex": 0},
				"east": {"uv": [11.5, 0, 12, 3.5], "texture": "#top", "tintindex": 0},
				"south": {"uv": [12, 0, 11.5, 3.5], "texture": "#top", "tintindex": 0},
				"west": {"uv": [11.5, 0, 12, 3.5], "texture": "#top", "tintindex": 0},
				"up": {"uv": [11.5, 0, 12, 0.5], "rotation": 180, "texture": "#top", "tintindex": 0},
				"down": {"uv": [11.5, 3, 12, 3.5], "rotation": 180, "texture": "#top", "tintindex": 0}
			}
		},
		{
			"name": "grass_block_side_overlay_24",
			"from": [3.5, -6.06147, 14.89104],
			"to": [4, -3.06147, 15.39104],
			"rotation": {"angle": -22.5, "axis": "x", "origin": [8, 0, 8]},
			"faces": {
				"north": {"uv": [12, 0, 12.5, 3], "texture": "#top", "tintindex": 0},
				"east": {"uv": [12, 0, 12.5, 3], "texture": "#top", "tintindex": 0},
				"south": {"uv": [12.5, 0, 12, 3], "texture": "#top", "tintindex": 0},
				"west": {"uv": [12, 0, 12.5, 3], "texture": "#top", "tintindex": 0},
				"up": {"uv": [12, 0, 12.5, 0.5], "rotation": 180, "texture": "#top", "tintindex": 0},
				"down": {"uv": [12, 2.5, 12.5, 3], "rotation": 180, "texture": "#top", "tintindex": 0}
			}
		},
		{
			"name": "grass_block_side_overlay_25",
			"from": [3, -7.06147, 14.89104],
			"to": [3.5, -3.06147, 15.39104],
			"rotation": {"angle": -22.5, "axis": "x", "origin": [8, 0, 8]},
			"faces": {
				"north": {"uv": [12.5, 0, 13, 4], "texture": "#top", "tintindex": 0},
				"east": {"uv": [12.5, 0, 13, 4], "texture": "#top", "tintindex": 0},
				"south": {"uv": [13, 0, 12.5, 4], "texture": "#top", "tintindex": 0},
				"west": {"uv": [12.5, 0, 13, 4], "texture": "#top", "tintindex": 0},
				"up": {"uv": [12.5, 0, 13, 0.5], "rotation": 180, "texture": "#top", "tintindex": 0},
				"down": {"uv": [12.5, 3.5, 13, 4], "rotation": 180, "texture": "#top", "tintindex": 0}
			}
		},
		{
			"name": "grass_block_side_overlay_26",
			"from": [2.5, -5.06147, 14.89104],
			"to": [3, -3.06147, 15.39104],
			"rotation": {"angle": -22.5, "axis": "x", "origin": [8, 0, 8]},
			"faces": {
				"north": {"uv": [13, 0, 13.5, 2], "texture": "#top", "tintindex": 0},
				"east": {"uv": [13, 0, 13.5, 2], "texture": "#top", "tintindex": 0},
				"south": {"uv": [13.5, 0, 13, 2], "texture": "#top", "tintindex": 0},
				"west": {"uv": [13, 0, 13.5, 2], "texture": "#top", "tintindex": 0},
				"up": {"uv": [13, 0, 13.5, 0.5], "rotation": 180, "texture": "#top", "tintindex": 0},
				"down": {"uv": [13, 1.5, 13.5, 2], "rotation": 180, "texture": "#top", "tintindex": 0}
			}
		},
		{
			"name": "grass_block_side_overlay_27",
			"from": [2, -5.56147, 14.89104],
			"to": [2.5, -3.06147, 15.39104],
			"rotation": {"angle": -22.5, "axis": "x", "origin": [8, 0, 8]},
			"faces": {
				"north": {"uv": [13.5, 0, 14, 2.5], "texture": "#top", "tintindex": 0},
				"east": {"uv": [13.5, 0, 14, 2.5], "texture": "#top", "tintindex": 0},
				"south": {"uv": [14, 0, 13.5, 2.5], "texture": "#top", "tintindex": 0},
				"west": {"uv": [13.5, 0, 14, 2.5], "texture": "#top", "tintindex": 0},
				"up": {"uv": [13.5, 0, 14, 0.5], "rotation": 180, "texture": "#top", "tintindex": 0},
				"down": {"uv": [13.5, 2, 14, 2.5], "rotation": 180, "texture": "#top", "tintindex": 0}
			}
		},
		{
			"name": "grass_block_side_overlay_28",
			"from": [1.5, -5.56147, 14.89104],
			"to": [2, -3.06147, 15.39104],
			"rotation": {"angle": -22.5, "axis": "x", "origin": [8, 0, 8]},
			"faces": {
				"north": {"uv": [14, 0, 14.5, 2.5], "texture": "#top", "tintindex": 0},
				"east": {"uv": [14, 0, 14.5, 2.5], "texture": "#top", "tintindex": 0},
				"south": {"uv": [14.5, 0, 14, 2.5], "texture": "#top", "tintindex": 0},
				"west": {"uv": [14, 0, 14.5, 2.5], "texture": "#top", "tintindex": 0},
				"up": {"uv": [14, 0, 14.5, 0.5], "rotation": 180, "texture": "#top", "tintindex": 0},
				"down": {"uv": [14, 2, 14.5, 2.5], "rotation": 180, "texture": "#top", "tintindex": 0}
			}
		},
		{
			"name": "grass_block_side_overlay_29",
			"from": [1, -6.06147, 14.89104],
			"to": [1.5, -3.06147, 15.39104],
			"rotation": {"angle": -22.5, "axis": "x", "origin": [8, 0, 8]},
			"faces": {
				"north": {"uv": [14.5, 0, 15, 3], "texture": "#top", "tintindex": 0},
				"east": {"uv": [14.5, 0, 15, 3], "texture": "#top", "tintindex": 0},
				"south": {"uv": [15, 0, 14.5, 3], "texture": "#top", "tintindex": 0},
				"west": {"uv": [14.5, 0, 15, 3], "texture": "#top", "tintindex": 0},
				"up": {"uv": [14.5, 0, 15, 0.5], "rotation": 180, "texture": "#top", "tintindex": 0},
				"down": {"uv": [14.5, 2.5, 15, 3], "rotation": 180, "texture": "#top", "tintindex": 0}
			}
		},
		{
			"name": "grass_block_side_overlay_30",
			"from": [0.5, -5.56147, 14.89104],
			"to": [1, -3.06147, 15.39104],
			"rotation": {"angle": -22.5, "axis": "x", "origin": [8, 0, 8]},
			"faces": {
				"north": {"uv": [15, 0, 15.5, 2.5], "texture": "#top", "tintindex": 0},
				"east": {"uv": [15, 0, 15.5, 2.5], "texture": "#top", "tintindex": 0},
				"south": {"uv": [15.5, 0, 15, 2.5], "texture": "#top", "tintindex": 0},
				"west": {"uv": [15, 0, 15.5, 2.5], "texture": "#top", "tintindex": 0},
				"up": {"uv": [15, 0, 15.5, 0.5], "rotation": 180, "texture": "#top", "tintindex": 0},
				"down": {"uv": [15, 2, 15.5, 2.5], "rotation": 180, "texture": "#top", "tintindex": 0}
			}
		},
		{
			"name": "grass_block_side_overlay_31",
			"from": [0, -5.06147, 14.89104],
			"to": [0.5, -3.06147, 15.39104],
			"rotation": {"angle": -22.5, "axis": "x", "origin": [8, 0, 8]},
			"faces": {
				"north": {"uv": [15.5, 0, 16, 2], "texture": "#top", "tintindex": 0},
				"east": {"uv": [15.5, 0, 16, 2], "texture": "#top", "tintindex": 0},
				"south": {"uv": [16, 0, 15.5, 2], "texture": "#top", "tintindex": 0},
				"west": {"uv": [15.5, 0, 16, 2], "texture": "#top", "tintindex": 0},
				"up": {"uv": [15.5, 0, 16, 0.5], "rotation": 180, "texture": "#top", "tintindex": 0},
				"down": {"uv": [15.5, 1.5, 16, 2], "rotation": 180, "texture": "#top", "tintindex": 0}
			}
		},
		{
			"name": "grass_block_side_overlay_0",
			"from": [0.60896, -6.06147, 15.5],
			"to": [1.10896, -3.06147, 16],
			"rotation": {"angle": -22.5, "axis": "z", "origin": [8, 0, 8]},
			"faces": {
				"north": {"uv": [0, 0, 0.5, 3], "texture": "#top", "tintindex": 0},
				"east": {"uv": [0, 0, 0.5, 3], "texture": "#top", "tintindex": 0},
				"south": {"uv": [0, 0, 0.5, 3], "texture": "#top", "tintindex": 0},
				"west": {"uv": [0.5, 0, 0, 3], "texture": "#top", "tintindex": 0},
				"up": {"uv": [0, 0, 0.5, 0.5], "rotation": 270, "texture": "#top", "tintindex": 0},
				"down": {"uv": [0, 2.5, 0.5, 3], "rotation": 90, "texture": "#top", "tintindex": 0}
			}
		},
		{
			"name": "grass_block_side_overlay_1",
			"from": [0.60896, -5.06147, 15],
			"to": [1.10896, -3.06147, 15.5],
			"rotation": {"angle": -22.5, "axis": "z", "origin": [8, 0, 8]},
			"faces": {
				"north": {"uv": [0.5, 0, 1, 2], "texture": "#top", "tintindex": 0},
				"east": {"uv": [0.5, 0, 1, 2], "texture": "#top", "tintindex": 0},
				"south": {"uv": [0.5, 0, 1, 2], "texture": "#top", "tintindex": 0},
				"west": {"uv": [1, 0, 0.5, 2], "texture": "#top", "tintindex": 0},
				"up": {"uv": [0.5, 0, 1, 0.5], "rotation": 270, "texture": "#top", "tintindex": 0},
				"down": {"uv": [0.5, 1.5, 1, 2], "rotation": 90, "texture": "#top", "tintindex": 0}
			}
		},
		{
			"name": "grass_block_side_overlay_2",
			"from": [0.60896, -6.06147, 14.5],
			"to": [1.10896, -3.06147, 15],
			"rotation": {"angle": -22.5, "axis": "z", "origin": [8, 0, 8]},
			"faces": {
				"north": {"uv": [1, 0, 1.5, 3], "texture": "#top", "tintindex": 0},
				"east": {"uv": [1, 0, 1.5, 3], "texture": "#top", "tintindex": 0},
				"south": {"uv": [1, 0, 1.5, 3], "texture": "#top", "tintindex": 0},
				"west": {"uv": [1.5, 0, 1, 3], "texture": "#top", "tintindex": 0},
				"up": {"uv": [1, 0, 1.5, 0.5], "rotation": 270, "texture": "#top", "tintindex": 0},
				"down": {"uv": [1, 2.5, 1.5, 3], "rotation": 90, "texture": "#top", "tintindex": 0}
			}
		},
		{
			"name": "grass_block_side_overlay_3",
			"from": [0.60896, -5.56147, 14],
			"to": [1.10896, -3.06147, 14.5],
			"rotation": {"angle": -22.5, "axis": "z", "origin": [8, 0, 8]},
			"faces": {
				"north": {"uv": [1.5, 0, 2, 2.5], "texture": "#top", "tintindex": 0},
				"east": {"uv": [1.5, 0, 2, 2.5], "texture": "#top", "tintindex": 0},
				"south": {"uv": [1.5, 0, 2, 2.5], "texture": "#top", "tintindex": 0},
				"west": {"uv": [2, 0, 1.5, 2.5], "texture": "#top", "tintindex": 0},
				"up": {"uv": [1.5, 0, 2, 0.5], "rotation": 270, "texture": "#top", "tintindex": 0},
				"down": {"uv": [1.5, 2, 2, 2.5], "rotation": 90, "texture": "#top", "tintindex": 0}
			}
		},
		{
			"name": "grass_block_side_overlay_4",
			"from": [0.60896, -6.56147, 13.5],
			"to": [1.10896, -3.06147, 14],
			"rotation": {"angle": -22.5, "axis": "z", "origin": [8, 0, 8]},
			"faces": {
				"north": {"uv": [2, 0, 2.5, 3.5], "texture": "#top", "tintindex": 0},
				"east": {"uv": [2, 0, 2.5, 3.5], "texture": "#top", "tintindex": 0},
				"south": {"uv": [2, 0, 2.5, 3.5], "texture": "#top", "tintindex": 0},
				"west": {"uv": [2.5, 0, 2, 3.5], "texture": "#top", "tintindex": 0},
				"up": {"uv": [2, 0, 2.5, 0.5], "rotation": 270, "texture": "#top", "tintindex": 0},
				"down": {"uv": [2, 3, 2.5, 3.5], "rotation": 90, "texture": "#top", "tintindex": 0}
			}
		},
		{
			"name": "grass_block_side_overlay_5",
			"from": [0.60896, -5.56147, 13],
			"to": [1.10896, -3.06147, 13.5],
			"rotation": {"angle": -22.5, "axis": "z", "origin": [8, 0, 8]},
			"faces": {
				"north": {"uv": [2.5, 0, 3, 2.5], "texture": "#top", "tintindex": 0},
				"east": {"uv": [2.5, 0, 3, 2.5], "texture": "#top", "tintindex": 0},
				"south": {"uv": [2.5, 0, 3, 2.5], "texture": "#top", "tintindex": 0},
				"west": {"uv": [3, 0, 2.5, 2.5], "texture": "#top", "tintindex": 0},
				"up": {"uv": [2.5, 0, 3, 0.5], "rotation": 270, "texture": "#top", "tintindex": 0},
				"down": {"uv": [2.5, 2, 3, 2.5], "rotation": 90, "texture": "#top", "tintindex": 0}
			}
		},
		{
			"name": "grass_block_side_overlay_6",
			"from": [0.60896, -6.06147, 12.5],
			"to": [1.10896, -3.06147, 13],
			"rotation": {"angle": -22.5, "axis": "z", "origin": [8, 0, 8]},
			"faces": {
				"north": {"uv": [3, 0, 3.5, 3], "texture": "#top", "tintindex": 0},
				"east": {"uv": [3, 0, 3.5, 3], "texture": "#top", "tintindex": 0},
				"south": {"uv": [3, 0, 3.5, 3], "texture": "#top", "tintindex": 0},
				"west": {"uv": [3.5, 0, 3, 3], "texture": "#top", "tintindex": 0},
				"up": {"uv": [3, 0, 3.5, 0.5], "rotation": 270, "texture": "#top", "tintindex": 0},
				"down": {"uv": [3, 2.5, 3.5, 3], "rotation": 90, "texture": "#top", "tintindex": 0}
			}
		},
		{
			"name": "grass_block_side_overlay_7",
			"from": [0.60896, -7.56147, 12],
			"to": [1.10896, -3.06147, 12.5],
			"rotation": {"angle": -22.5, "axis": "z", "origin": [8, 0, 8]},
			"faces": {
				"north": {"uv": [3.5, 0, 4, 4.5], "texture": "#top", "tintindex": 0},
				"east": {"uv": [3.5, 0, 4, 4.5], "texture": "#top", "tintindex": 0},
				"south": {"uv": [3.5, 0, 4, 4.5], "texture": "#top", "tintindex": 0},
				"west": {"uv": [4, 0, 3.5, 4.5], "texture": "#top", "tintindex": 0},
				"up": {"uv": [3.5, 0, 4, 0.5], "rotation": 270, "texture": "#top", "tintindex": 0},
				"down": {"uv": [3.5, 4, 4, 4.5], "rotation": 90, "texture": "#top", "tintindex": 0}
			}
		},
		{
			"name": "grass_block_side_overlay_8",
			"from": [0.60896, -6.56147, 11.5],
			"to": [1.10896, -3.06147, 12],
			"rotation": {"angle": -22.5, "axis": "z", "origin": [8, 0, 8]},
			"faces": {
				"north": {"uv": [4, 0, 4.5, 3.5], "texture": "#top", "tintindex": 0},
				"east": {"uv": [4, 0, 4.5, 3.5], "texture": "#top", "tintindex": 0},
				"south": {"uv": [4, 0, 4.5, 3.5], "texture": "#top", "tintindex": 0},
				"west": {"uv": [4.5, 0, 4, 3.5], "texture": "#top", "tintindex": 0},
				"up": {"uv": [4, 0, 4.5, 0.5], "rotation": 270, "texture": "#top", "tintindex": 0},
				"down": {"uv": [4, 3, 4.5, 3.5], "rotation": 90, "texture": "#top", "tintindex": 0}
			}
		},
		{
			"name": "grass_block_side_overlay_9",
			"from": [0.60896, -5.56147, 11],
			"to": [1.10896, -3.06147, 11.5],
			"rotation": {"angle": -22.5, "axis": "z", "origin": [8, 0, 8]},
			"faces": {
				"north": {"uv": [4.5, 0, 5, 2.5], "texture": "#top", "tintindex": 0},
				"east": {"uv": [4.5, 0, 5, 2.5], "texture": "#top", "tintindex": 0},
				"south": {"uv": [4.5, 0, 5, 2.5], "texture": "#top", "tintindex": 0},
				"west": {"uv": [5, 0, 4.5, 2.5], "texture": "#top", "tintindex": 0},
				"up": {"uv": [4.5, 0, 5, 0.5], "rotation": 270, "texture": "#top", "tintindex": 0},
				"down": {"uv": [4.5, 2, 5, 2.5], "rotation": 90, "texture": "#top", "tintindex": 0}
			}
		},
		{
			"name": "grass_block_side_overlay_10",
			"from": [0.60896, -4.56147, 10.5],
			"to": [1.10896, -3.06147, 11],
			"rotation": {"angle": -22.5, "axis": "z", "origin": [8, 0, 8]},
			"faces": {
				"north": {"uv": [5, 0, 5.5, 1.5], "texture": "#top", "tintindex": 0},
				"east": {"uv": [5, 0, 5.5, 1.5], "texture": "#top", "tintindex": 0},
				"south": {"uv": [5, 0, 5.5, 1.5], "texture": "#top", "tintindex": 0},
				"west": {"uv": [5.5, 0, 5, 1.5], "texture": "#top", "tintindex": 0},
				"up": {"uv": [5, 0, 5.5, 0.5], "rotation": 270, "texture": "#top", "tintindex": 0},
				"down": {"uv": [5, 1, 5.5, 1.5], "rotation": 90, "texture": "#top", "tintindex": 0}
			}
		},
		{
			"name": "grass_block_side_overlay_11",
			"from": [0.60896, -5.06147, 10],
			"to": [1.10896, -3.06147, 10.5],
			"rotation": {"angle": -22.5, "axis": "z", "origin": [8, 0, 8]},
			"faces": {
				"north": {"uv": [5.5, 0, 6, 2], "texture": "#top", "tintindex": 0},
				"east": {"uv": [5.5, 0, 6, 2], "texture": "#top", "tintindex": 0},
				"south": {"uv": [5.5, 0, 6, 2], "texture": "#top", "tintindex": 0},
				"west": {"uv": [6, 0, 5.5, 2], "texture": "#top", "tintindex": 0},
				"up": {"uv": [5.5, 0, 6, 0.5], "rotation": 270, "texture": "#top", "tintindex": 0},
				"down": {"uv": [5.5, 1.5, 6, 2], "rotation": 90, "texture": "#top", "tintindex": 0}
			}
		},
		{
			"name": "grass_block_side_overlay_12",
			"from": [0.60896, -6.56147, 9.5],
			"to": [1.10896, -3.06147, 10],
			"rotation": {"angle": -22.5, "axis": "z", "origin": [8, 0, 8]},
			"faces": {
				"north": {"uv": [6, 0, 6.5, 3.5], "texture": "#top", "tintindex": 0},
				"east": {"uv": [6, 0, 6.5, 3.5], "texture": "#top", "tintindex": 0},
				"south": {"uv": [6, 0, 6.5, 3.5], "texture": "#top", "tintindex": 0},
				"west": {"uv": [6.5, 0, 6, 3.5], "texture": "#top", "tintindex": 0},
				"up": {"uv": [6, 0, 6.5, 0.5], "rotation": 270, "texture": "#top", "tintindex": 0},
				"down": {"uv": [6, 3, 6.5, 3.5], "rotation": 90, "texture": "#top", "tintindex": 0}
			}
		},
		{
			"name": "grass_block_side_overlay_13",
			"from": [0.60896, -5.06147, 9],
			"to": [1.10896, -3.06147, 9.5],
			"rotation": {"angle": -22.5, "axis": "z", "origin": [8, 0, 8]},
			"faces": {
				"north": {"uv": [6.5, 0, 7, 2], "texture": "#top", "tintindex": 0},
				"east": {"uv": [6.5, 0, 7, 2], "texture": "#top", "tintindex": 0},
				"south": {"uv": [6.5, 0, 7, 2], "texture": "#top", "tintindex": 0},
				"west": {"uv": [7, 0, 6.5, 2], "texture": "#top", "tintindex": 0},
				"up": {"uv": [6.5, 0, 7, 0.5], "rotation": 270, "texture": "#top", "tintindex": 0},
				"down": {"uv": [6.5, 1.5, 7, 2], "rotation": 90, "texture": "#top", "tintindex": 0}
			}
		},
		{
			"name": "grass_block_side_overlay_14",
			"from": [0.60896, -5.56147, 8.5],
			"to": [1.10896, -3.06147, 9],
			"rotation": {"angle": -22.5, "axis": "z", "origin": [8, 0, 8]},
			"faces": {
				"north": {"uv": [7, 0, 7.5, 2.5], "texture": "#top", "tintindex": 0},
				"east": {"uv": [7, 0, 7.5, 2.5], "texture": "#top", "tintindex": 0},
				"south": {"uv": [7, 0, 7.5, 2.5], "texture": "#top", "tintindex": 0},
				"west": {"uv": [7.5, 0, 7, 2.5], "texture": "#top", "tintindex": 0},
				"up": {"uv": [7, 0, 7.5, 0.5], "rotation": 270, "texture": "#top", "tintindex": 0},
				"down": {"uv": [7, 2, 7.5, 2.5], "rotation": 90, "texture": "#top", "tintindex": 0}
			}
		},
		{
			"name": "grass_block_side_overlay_15",
			"from": [0.60896, -6.56147, 8],
			"to": [1.10896, -3.06147, 8.5],
			"rotation": {"angle": -22.5, "axis": "z", "origin": [8, 0, 8]},
			"faces": {
				"north": {"uv": [7.5, 0, 8, 3.5], "texture": "#top", "tintindex": 0},
				"east": {"uv": [7.5, 0, 8, 3.5], "texture": "#top", "tintindex": 0},
				"south": {"uv": [7.5, 0, 8, 3.5], "texture": "#top", "tintindex": 0},
				"west": {"uv": [8, 0, 7.5, 3.5], "texture": "#top", "tintindex": 0},
				"up": {"uv": [7.5, 0, 8, 0.5], "rotation": 270, "texture": "#top", "tintindex": 0},
				"down": {"uv": [7.5, 3, 8, 3.5], "rotation": 90, "texture": "#top", "tintindex": 0}
			}
		},
		{
			"name": "grass_block_side_overlay_16",
			"from": [0.60896, -6.06147, 7.5],
			"to": [1.10896, -3.06147, 8],
			"rotation": {"angle": -22.5, "axis": "z", "origin": [8, 0, 8]},
			"faces": {
				"north": {"uv": [8, 0, 8.5, 3], "texture": "#top", "tintindex": 0},
				"east": {"uv": [8, 0, 8.5, 3], "texture": "#top", "tintindex": 0},
				"south": {"uv": [8, 0, 8.5, 3], "texture": "#top", "tintindex": 0},
				"west": {"uv": [8.5, 0, 8, 3], "texture": "#top", "tintindex": 0},
				"up": {"uv": [8, 0, 8.5, 0.5], "rotation": 270, "texture": "#top", "tintindex": 0},
				"down": {"uv": [8, 2.5, 8.5, 3], "rotation": 90, "texture": "#top", "tintindex": 0}
			}
		},
		{
			"name": "grass_block_side_overlay_17",
			"from": [0.60896, -7.06147, 7],
			"to": [1.10896, -3.06147, 7.5],
			"rotation": {"angle": -22.5, "axis": "z", "origin": [8, 0, 8]},
			"faces": {
				"north": {"uv": [8.5, 0, 9, 4], "texture": "#top", "tintindex": 0},
				"east": {"uv": [8.5, 0, 9, 4], "texture": "#top", "tintindex": 0},
				"south": {"uv": [8.5, 0, 9, 4], "texture": "#top", "tintindex": 0},
				"west": {"uv": [9, 0, 8.5, 4], "texture": "#top", "tintindex": 0},
				"up": {"uv": [8.5, 0, 9, 0.5], "rotation": 270, "texture": "#top", "tintindex": 0},
				"down": {"uv": [8.5, 3.5, 9, 4], "rotation": 90, "texture": "#top", "tintindex": 0}
			}
		},
		{
			"name": "grass_block_side_overlay_18",
			"from": [0.60896, -6.56147, 6.5],
			"to": [1.10896, -3.06147, 7],
			"rotation": {"angle": -22.5, "axis": "z", "origin": [8, 0, 8]},
			"faces": {
				"north": {"uv": [9, 0, 9.5, 3.5], "texture": "#top", "tintindex": 0},
				"east": {"uv": [9, 0, 9.5, 3.5], "texture": "#top", "tintindex": 0},
				"south": {"uv": [9, 0, 9.5, 3.5], "texture": "#top", "tintindex": 0},
				"west": {"uv": [9.5, 0, 9, 3.5], "texture": "#top", "tintindex": 0},
				"up": {"uv": [9, 0, 9.5, 0.5], "rotation": 270, "texture": "#top", "tintindex": 0},
				"down": {"uv": [9, 3, 9.5, 3.5], "rotation": 90, "texture": "#top", "tintindex": 0}
			}
		},
		{
			"name": "grass_block_side_overlay_19",
			"from": [0.60896, -5.56147, 6],
			"to": [1.10896, -3.06147, 6.5],
			"rotation": {"angle": -22.5, "axis": "z", "origin": [8, 0, 8]},
			"faces": {
				"north": {"uv": [9.5, 0, 10, 2.5], "texture": "#top", "tintindex": 0},
				"east": {"uv": [9.5, 0, 10, 2.5], "texture": "#top", "tintindex": 0},
				"south": {"uv": [9.5, 0, 10, 2.5], "texture": "#top", "tintindex": 0},
				"west": {"uv": [10, 0, 9.5, 2.5], "texture": "#top", "tintindex": 0},
				"up": {"uv": [9.5, 0, 10, 0.5], "rotation": 270, "texture": "#top", "tintindex": 0},
				"down": {"uv": [9.5, 2, 10, 2.5], "rotation": 90, "texture": "#top", "tintindex": 0}
			}
		},
		{
			"name": "grass_block_side_overlay_20",
			"from": [0.60896, -6.56147, 5.5],
			"to": [1.10896, -3.06147, 6],
			"rotation": {"angle": -22.5, "axis": "z", "origin": [8, 0, 8]},
			"faces": {
				"north": {"uv": [10, 0, 10.5, 3.5], "texture": "#top", "tintindex": 0},
				"east": {"uv": [10, 0, 10.5, 3.5], "texture": "#top", "tintindex": 0},
				"south": {"uv": [10, 0, 10.5, 3.5], "texture": "#top", "tintindex": 0},
				"west": {"uv": [10.5, 0, 10, 3.5], "texture": "#top", "tintindex": 0},
				"up": {"uv": [10, 0, 10.5, 0.5], "rotation": 270, "texture": "#top", "tintindex": 0},
				"down": {"uv": [10, 3, 10.5, 3.5], "rotation": 90, "texture": "#top", "tintindex": 0}
			}
		},
		{
			"name": "grass_block_side_overlay_21",
			"from": [0.60896, -6.06147, 5],
			"to": [1.10896, -3.06147, 5.5],
			"rotation": {"angle": -22.5, "axis": "z", "origin": [8, 0, 8]},
			"faces": {
				"north": {"uv": [10.5, 0, 11, 3], "texture": "#top", "tintindex": 0},
				"east": {"uv": [10.5, 0, 11, 3], "texture": "#top", "tintindex": 0},
				"south": {"uv": [10.5, 0, 11, 3], "texture": "#top", "tintindex": 0},
				"west": {"uv": [11, 0, 10.5, 3], "texture": "#top", "tintindex": 0},
				"up": {"uv": [10.5, 0, 11, 0.5], "rotation": 270, "texture": "#top", "tintindex": 0},
				"down": {"uv": [10.5, 2.5, 11, 3], "rotation": 90, "texture": "#top", "tintindex": 0}
			}
		},
		{
			"name": "grass_block_side_overlay_22",
			"from": [0.60896, -7.06147, 4.5],
			"to": [1.10896, -3.06147, 5],
			"rotation": {"angle": -22.5, "axis": "z", "origin": [8, 0, 8]},
			"faces": {
				"north": {"uv": [11, 0, 11.5, 4], "texture": "#top", "tintindex": 0},
				"east": {"uv": [11, 0, 11.5, 4], "texture": "#top", "tintindex": 0},
				"south": {"uv": [11, 0, 11.5, 4], "texture": "#top", "tintindex": 0},
				"west": {"uv": [11.5, 0, 11, 4], "texture": "#top", "tintindex": 0},
				"up": {"uv": [11, 0, 11.5, 0.5], "rotation": 270, "texture": "#top", "tintindex": 0},
				"down": {"uv": [11, 3.5, 11.5, 4], "rotation": 90, "texture": "#top", "tintindex": 0}
			}
		},
		{
			"name": "grass_block_side_overlay_23",
			"from": [0.60896, -6.56147, 4],
			"to": [1.10896, -3.06147, 4.5],
			"rotation": {"angle": -22.5, "axis": "z", "origin": [8, 0, 8]},
			"faces": {
				"north": {"uv": [11.5, 0, 12, 3.5], "texture": "#top", "tintindex": 0},
				"east": {"uv": [11.5, 0, 12, 3.5], "texture": "#top", "tintindex": 0},
				"south": {"uv": [11.5, 0, 12, 3.5], "texture": "#top", "tintindex": 0},
				"west": {"uv": [12, 0, 11.5, 3.5], "texture": "#top", "tintindex": 0},
				"up": {"uv": [11.5, 0, 12, 0.5], "rotation": 270, "texture": "#top", "tintindex": 0},
				"down": {"uv": [11.5, 3, 12, 3.5], "rotation": 90, "texture": "#top", "tintindex": 0}
			}
		},
		{
			"name": "grass_block_side_overlay_24",
			"from": [0.60896, -6.06147, 3.5],
			"to": [1.10896, -3.06147, 4],
			"rotation": {"angle": -22.5, "axis": "z", "origin": [8, 0, 8]},
			"faces": {
				"north": {"uv": [12, 0, 12.5, 3], "texture": "#top", "tintindex": 0},
				"east": {"uv": [12, 0, 12.5, 3], "texture": "#top", "tintindex": 0},
				"south": {"uv": [12, 0, 12.5, 3], "texture": "#top", "tintindex": 0},
				"west": {"uv": [12.5, 0, 12, 3], "texture": "#top", "tintindex": 0},
				"up": {"uv": [12, 0, 12.5, 0.5], "rotation": 270, "texture": "#top", "tintindex": 0},
				"down": {"uv": [12, 2.5, 12.5, 3], "rotation": 90, "texture": "#top", "tintindex": 0}
			}
		},
		{
			"name": "grass_block_side_overlay_25",
			"from": [0.60896, -7.06147, 3],
			"to": [1.10896, -3.06147, 3.5],
			"rotation": {"angle": -22.5, "axis": "z", "origin": [8, 0, 8]},
			"faces": {
				"north": {"uv": [12.5, 0, 13, 4], "texture": "#top", "tintindex": 0},
				"east": {"uv": [12.5, 0, 13, 4], "texture": "#top", "tintindex": 0},
				"south": {"uv": [12.5, 0, 13, 4], "texture": "#top", "tintindex": 0},
				"west": {"uv": [13, 0, 12.5, 4], "texture": "#top", "tintindex": 0},
				"up": {"uv": [12.5, 0, 13, 0.5], "rotation": 270, "texture": "#top", "tintindex": 0},
				"down": {"uv": [12.5, 3.5, 13, 4], "rotation": 90, "texture": "#top", "tintindex": 0}
			}
		},
		{
			"name": "grass_block_side_overlay_26",
			"from": [0.60896, -5.06147, 2.5],
			"to": [1.10896, -3.06147, 3],
			"rotation": {"angle": -22.5, "axis": "z", "origin": [8, 0, 8]},
			"faces": {
				"north": {"uv": [13, 0, 13.5, 2], "texture": "#top", "tintindex": 0},
				"east": {"uv": [13, 0, 13.5, 2], "texture": "#top", "tintindex": 0},
				"south": {"uv": [13, 0, 13.5, 2], "texture": "#top", "tintindex": 0},
				"west": {"uv": [13.5, 0, 13, 2], "texture": "#top", "tintindex": 0},
				"up": {"uv": [13, 0, 13.5, 0.5], "rotation": 270, "texture": "#top", "tintindex": 0},
				"down": {"uv": [13, 1.5, 13.5, 2], "rotation": 90, "texture": "#top", "tintindex": 0}
			}
		},
		{
			"name": "grass_block_side_overlay_27",
			"from": [0.60896, -5.56147, 2],
			"to": [1.10896, -3.06147, 2.5],
			"rotation": {"angle": -22.5, "axis": "z", "origin": [8, 0, 8]},
			"faces": {
				"north": {"uv": [13.5, 0, 14, 2.5], "texture": "#top", "tintindex": 0},
				"east": {"uv": [13.5, 0, 14, 2.5], "texture": "#top", "tintindex": 0},
				"south": {"uv": [13.5, 0, 14, 2.5], "texture": "#top", "tintindex": 0},
				"west": {"uv": [14, 0, 13.5, 2.5], "texture": "#top", "tintindex": 0},
				"up": {"uv": [13.5, 0, 14, 0.5], "rotation": 270, "texture": "#top", "tintindex": 0},
				"down": {"uv": [13.5, 2, 14, 2.5], "rotation": 90, "texture": "#top", "tintindex": 0}
			}
		},
		{
			"name": "grass_block_side_overlay_28",
			"from": [0.60896, -5.56147, 1.5],
			"to": [1.10896, -3.06147, 2],
			"rotation": {"angle": -22.5, "axis": "z", "origin": [8, 0, 8]},
			"faces": {
				"north": {"uv": [14, 0, 14.5, 2.5], "texture": "#top", "tintindex": 0},
				"east": {"uv": [14, 0, 14.5, 2.5], "texture": "#top", "tintindex": 0},
				"south": {"uv": [14, 0, 14.5, 2.5], "texture": "#top", "tintindex": 0},
				"west": {"uv": [14.5, 0, 14, 2.5], "texture": "#top", "tintindex": 0},
				"up": {"uv": [14, 0, 14.5, 0.5], "rotation": 270, "texture": "#top", "tintindex": 0},
				"down": {"uv": [14, 2, 14.5, 2.5], "rotation": 90, "texture": "#top", "tintindex": 0}
			}
		},
		{
			"name": "grass_block_side_overlay_29",
			"from": [0.60896, -6.06147, 1],
			"to": [1.10896, -3.06147, 1.5],
			"rotation": {"angle": -22.5, "axis": "z", "origin": [8, 0, 8]},
			"faces": {
				"north": {"uv": [14.5, 0, 15, 3], "texture": "#top", "tintindex": 0},
				"east": {"uv": [14.5, 0, 15, 3], "texture": "#top", "tintindex": 0},
				"south": {"uv": [14.5, 0, 15, 3], "texture": "#top", "tintindex": 0},
				"west": {"uv": [15, 0, 14.5, 3], "texture": "#top", "tintindex": 0},
				"up": {"uv": [14.5, 0, 15, 0.5], "rotation": 270, "texture": "#top", "tintindex": 0},
				"down": {"uv": [14.5, 2.5, 15, 3], "rotation": 90, "texture": "#top", "tintindex": 0}
			}
		},
		{
			"name": "grass_block_side_overlay_30",
			"from": [0.60896, -5.56147, 0.5],
			"to": [1.10896, -3.06147, 1],
			"rotation": {"angle": -22.5, "axis": "z", "origin": [8, 0, 8]},
			"faces": {
				"north": {"uv": [15, 0, 15.5, 2.5], "texture": "#top", "tintindex": 0},
				"east": {"uv": [15, 0, 15.5, 2.5], "texture": "#top", "tintindex": 0},
				"south": {"uv": [15, 0, 15.5, 2.5], "texture": "#top", "tintindex": 0},
				"west": {"uv": [15.5, 0, 15, 2.5], "texture": "#top", "tintindex": 0},
				"up": {"uv": [15, 0, 15.5, 0.5], "rotation": 270, "texture": "#top", "tintindex": 0},
				"down": {"uv": [15, 2, 15.5, 2.5], "rotation": 90, "texture": "#top", "tintindex": 0}
			}
		},
		{
			"name": "grass_block_side_overlay_31",
			"from": [0.60896, -5.06147, 0],
			"to": [1.10896, -3.06147, 0.5],
			"rotation": {"angle": -22.5, "axis": "z", "origin": [8, 0, 8]},
			"faces": {
				"north": {"uv": [15.5, 0, 16, 2], "texture": "#top", "tintindex": 0},
				"east": {"uv": [15.5, 0, 16, 2], "texture": "#top", "tintindex": 0},
				"south": {"uv": [15.5, 0, 16, 2], "texture": "#top", "tintindex": 0},
				"west": {"uv": [16, 0, 15.5, 2], "texture": "#top", "tintindex": 0},
				"up": {"uv": [15.5, 0, 16, 0.5], "rotation": 270, "texture": "#top", "tintindex": 0},
				"down": {"uv": [15.5, 1.5, 16, 2], "rotation": 90, "texture": "#top", "tintindex": 0}
			}
		}
	],
	"display": {
		"gui": {
			"rotation": [30, 225, 0],
			"translation": [0, 4, 0],
			"scale": [0.625, 0.625, 0.625]
		}
	},
	"groups": [
		0,
		{
			"name": "N",
			"origin": [8, 8, 8],
			"color": 0,
			"children": [1, 2, 3, 4, 5, 6, 7, 8, 9, 10, 11, 12, 13, 14, 15, 16, 17, 18, 19, 20, 21, 22, 23, 24, 25, 26, 27, 28, 29, 30, 31, 32]
		},
		{
			"name": "E",
			"origin": [8, 8, 8],
			"color": 0,
			"children": [33, 34, 35, 36, 37, 38, 39, 40, 41, 42, 43, 44, 45, 46, 47, 48, 49, 50, 51, 52, 53, 54, 55, 56, 57, 58, 59, 60, 61, 62, 63, 64]
		},
		{
			"name": "S",
			"origin": [8, 8, 8],
			"color": 0,
			"children": [65, 66, 67, 68, 69, 70, 71, 72, 73, 74, 75, 76, 77, 78, 79, 80, 81, 82, 83, 84, 85, 86, 87, 88, 89, 90, 91, 92, 93, 94, 95, 96]
		},
		{
			"name": "W",
			"origin": [8, 8, 8],
			"color": 0,
			"children": [97, 98, 99, 100, 101, 102, 103, 104, 105, 106, 107, 108, 109, 110, 111, 112, 113, 114, 115, 116, 117, 118, 119, 120, 121, 122, 123, 124, 125, 126, 127, 128]
		}
	]
}