{
	"parent": "minecraft:block/block",
	"textures": {
	  "particle": "minecraft:block/dirt",
	  "bottom": "minecraft:block/dirt",
	  "top": "jak_and_daxter:block/folieage/grass_block_top",
	  "side": "jak_and_daxter:block/folieage/grass_block_top",
	  "overlay": "jak_and_daxter:block/folieage/grass_block_side_overlay"
	},
	"elements": [
	  {
		"from": [
		  0,
		  0,
		  0
		],
		"to": [
		  16,
		  8,
		  16
		],
		"faces": {
		  "down": {
			"texture": "#bottom",
			"uv": [
			  0,
			  0,
			  16,
			  16
			],
			"cullface": "down"
		  },
		  "up": {
			"texture": "#top",
			"uv": [
			  0,
			  0,
			  16,
			  16
			],
			"cullface": "up",
			"tintindex": 0
		  },
		  "north": {
			"texture": "#side",
			"uv": [
			  0,
			  0,
			  16,
			  8
			],
			"cullface": "north"
		  },
		  "south": {
			"texture": "#side",
			"uv": [
			  0,
			  0,
			  16,
			  8
			],
			"cullface": "south"
		  },
		  "west": {
			"texture": "#side",
			"uv": [
			  0,
			  0,
			  16,
			  8
			],
			"cullface": "west"
		  },
		  "east": {
			"texture": "#side",
			"uv": [
			  0,
			  0,
			  16,
			  8
			],
			"cullface": "east"
		  }
		}
	  }
	]
  }
  