{
    "variants": {
      "facing=east": {
        "model": "minecraft:block/dead_tube_coral_fan",
        "y": 90,
        "x":90
      },
      "facing=north": {
        "model": "minecraft:block/dead_tube_coral_fan",
        "x":90
      },
      "facing=south": {
        "model": "minecraft:block/dead_tube_coral_fan",
        "y": 180,
        "x":90
      },
      "facing=west": {
        "model": "minecraft:block/dead_tube_coral_fan",
        "y": 270,
        "x":90
      }
    }
  }
  