{
  "sources": [
    {
      "type": "directory",
      "source": "custom",
      "prefix": "custom/"
    },
    {
      "type": "directory",
      "source": "jak_and_daxter/block/folieage",
      "prefix": "folieage/"
    },
    {
      "type": "directory",
      "source": "jak_and_daxter/block/folieage",
      "prefix": "block/folieage/"
    },
    {
      "type": "directory",
      "source": "jak_and_daxter/block/flooring",
      "prefix": "flooring/"
    },
    {
      "type": "directory",
      "source": "metal",
      "prefix": "metal/"
    }
  ]
}
