{
	"credit": "Made by Tcathebluecreper",
	"textures": {
		"0": "jak_and_daxter:particle/fire_fly",
		"particle": "jak_and_daxter:particle/fire_fly"
	},
	"elements": [
		{
			"from": [5, 6, 8],
			"to": [11, 12, 8],
			"rotation": {"angle": 0, "axis": "y", "origin": [1, 6, -2]},
			"faces": {
				"north": {"uv": [0, 0, 16, 16], "texture": "#0"},
				"east": {"uv": [0, 0, 0, 6], "texture": "#missing"},
				"south": {"uv": [0, 0, 16, 16], "texture": "#0"},
				"west": {"uv": [0, 0, 0, 6], "texture": "#missing"},
				"up": {"uv": [0, 0, 7, 0], "texture": "#missing"},
				"down": {"uv": [0, 0, 7, 0], "texture": "#missing"}
			}
		}
	]
}